Hour,RegionA,RegionB,RegionC,RegionD,RegionE,RegionF
0,50.75,219.20000000000002,192.0,292.5,303.4,276.25
1,98.0,132.8,135.0,171.0,192.7,199.75
2,176.75,60.8,57.0,90.0,118.9,123.25
3,255.5,144.0,135.0,90.0,82.0,85.0
4,157.5,60.8,57.0,130.5,82.0,85.0
5,66.5,144.0,135.0,252.0,155.8,123.25
6,157.5,60.8,57.0,414.0,82.0,199.75
7,66.5,144.0,135.0,171.0,266.5,391.0
8,157.5,60.8,57.0,414.0,487.9,123.25
9,66.5,144.0,135.0,657.0,709.3,352.75
10,157.5,60.8,57.0,405.0,487.9,582.25
11,66.5,144.0,135.0,130.5,266.5,352.75
12,157.5,60.8,57.0,373.5,82.0,582.25
13,66.5,144.0,135.0,130.5,303.4,314.5
14,157.5,60.8,57.0,373.5,82.0,544.0
15,66.5,144.0,135.0,616.5,303.4,276.25
16,157.5,60.8,43.5,859.5,524.8,505.75
17,50.75,144.0,111.0,616.5,672.4,658.75
18,129.5,46.4,30.0,778.5,783.1,773.5
19,35.0,118.4,97.5,859.5,820.0,850.0
20,113.75,190.4,165.0,900.0,820.0,850.0
21,192.5,262.4,232.5,900.0,783.1,811.75
22,271.25,176.0,300.0,778.5,672.4,697.0
23,350.0,89.6,219.0,616.5,561.7,582.25
24,255.5,161.6,135.0,414.0,451.0,429.25
25,157.5,75.2,57.0,292.5,303.4,276.25
26,66.5,147.2,135.0,211.5,192.7,161.5
27,157.5,60.8,57.0,130.5,118.9,85.0
28,66.5,144.0,135.0,90.0,82.0,161.5
29,157.5,60.8,57.0,211.5,82.0,85.0
30,66.5,144.0,135.0,373.5,192.7,161.5
31,157.5,60.8,57.0,130.5,377.2,314.5
32,66.5,144.0,135.0,373.5,155.8,544.0
33,157.5,60.8,57.0,130.5,377.2,276.25
34,66.5,144.0,135.0,373.5,598.6,505.75
35,157.5,60.8,57.0,130.5,377.2,238.0
36,66.5,144.0,135.0,373.5,598.6,467.5
37,157.5,60.8,57.0,130.5,370.0,199.75
38,66.5,144.0,135.0,373.5,118.9,429.25
39,157.5,60.8,57.0,616.5,340.3,620.5
40,66.5,144.0,135.0,859.5,561.7,850.0
41,157.5,60.8,57.0,616.5,783.1,620.5
42,50.75,144.0,135.0,778.5,746.1999999999999,735.25
43,129.5,60.8,43.5,859.5,820.0,811.75
44,208.25,144.0,111.0,900.0,820.0,850.0
45,287.0,219.20000000000002,178.5,819.0,746.1999999999999,773.5
46,350.0,291.2,246.0,697.5,635.5,658.75
47,255.5,204.8,165.0,576.0,524.8,582.25
48,157.5,147.2,219.0,454.5,377.2,391.0
49,66.5,60.8,135.0,333.0,266.5,238.0
50,157.5,144.0,57.0,171.0,192.7,123.25
51,66.5,60.8,135.0,90.0,118.9,85.0
52,157.5,144.0,57.0,130.5,82.0,85.0
53,66.5,60.8,135.0,171.0,155.8,123.25
54,157.5,144.0,57.0,292.5,82.0,199.75
55,66.5,60.8,135.0,171.0,266.5,382.5
56,157.5,144.0,57.0,414.0,487.9,123.25
57,66.5,60.8,135.0,657.0,266.5,352.75
58,157.5,144.0,57.0,405.0,487.9,85.0
59,66.5,60.8,135.0,130.5,266.5,314.5
60,157.5,144.0,57.0,373.5,487.9,544.0
61,66.5,60.8,135.0,616.5,266.5,276.25
62,157.5,144.0,57.0,859.5,487.9,505.75
63,66.5,60.8,135.0,616.5,266.5,735.25
64,157.5,144.0,57.0,859.5,487.9,467.5
65,66.5,60.8,135.0,616.5,672.4,658.75
66,157.5,144.0,57.0,738.0,783.1,773.5
67,66.5,60.8,135.0,819.0,820.0,850.0
68,157.5,144.0,205.5,738.0,746.1999999999999,850.0
69,66.5,60.8,273.0,657.0,709.3,773.5
70,157.5,144.0,192.0,535.5,635.5,697.0
71,82.25,46.4,111.0,454.5,487.9,582.25
72,157.5,118.4,30.0,333.0,370.0,429.25
73,66.5,60.8,84.0,171.0,229.6,276.25
74,157.5,144.0,151.5,90.0,155.8,123.25
75,66.5,60.8,219.0,90.0,82.0,85.0
76,157.5,144.0,135.0,130.5,82.0,85.0
77,66.5,60.8,57.0,211.5,155.8,123.25
78,157.5,144.0,135.0,373.5,82.0,238.0
79,66.5,60.8,57.0,130.5,266.5,429.25
80,157.5,144.0,135.0,373.5,487.9,161.5
81,66.5,60.8,57.0,130.5,266.5,352.75
82,157.5,144.0,135.0,373.5,487.9,85.0
83,66.5,60.8,57.0,130.5,266.5,314.5
84,157.5,144.0,135.0,373.5,487.9,544.0
85,66.5,60.8,57.0,130.5,266.5,276.25
86,157.5,144.0,135.0,373.5,487.9,505.75
87,66.5,60.8,57.0,616.5,266.5,238.0
88,157.5,144.0,135.0,859.5,487.9,467.5
89,66.5,60.8,57.0,657.0,635.5,658.75
90,157.5,144.0,135.0,819.0,746.1999999999999,773.5
91,50.75,60.8,57.0,900.0,820.0,850.0
92,129.5,144.0,135.0,738.0,783.1,850.0
93,208.25,60.8,205.5,738.0,709.3,773.5
94,287.0,144.0,135.0,576.0,598.6,697.0
95,192.5,219.20000000000002,205.5,405.0,487.9,544.0
96,255.5,132.8,135.0,292.5,370.0,391.0
97,157.5,60.8,57.0,211.5,229.6,276.25
98,66.5,144.0,135.0,130.5,118.9,161.5
99,157.5,60.8,57.0,90.0,82.0,85.0
100,66.5,144.0,135.0,130.5,118.9,85.0
101,157.5,60.8,57.0,211.5,192.7,161.5
102,66.5,144.0,135.0,405.0,340.3,238.0
103,157.5,60.8,57.0,171.0,118.9,429.25
104,66.5,144.0,135.0,414.0,340.3,161.5
105,157.5,60.8,57.0,171.0,561.7,391.0
106,66.5,144.0,135.0,414.0,340.3,123.25
107,157.5,60.8,57.0,657.0,118.9,352.75
108,66.5,144.0,135.0,405.0,340.3,85.0
109,157.5,60.8,57.0,130.5,561.7,314.5
110,66.5,144.0,135.0,373.5,370.0,123.25
111,157.5,60.8,57.0,616.5,155.8,352.75
112,66.5,144.0,135.0,859.5,377.2,582.25
113,157.5,60.8,43.5,616.5,598.6,735.25
114,50.75,144.0,111.0,778.5,746.1999999999999,811.75
115,129.5,60.8,30.0,900.0,783.1,850.0
116,208.25,144.0,97.5,859.5,746.1999999999999,850.0
117,287.0,219.20000000000002,165.0,778.5,672.4,811.75
118,350.0,291.2,232.5,576.0,524.8,735.25
119,255.5,219.20000000000002,300.0,405.0,414.09999999999997,620.5
120,157.5,132.8,219.0,252.0,266.5,505.75
121,66.5,60.8,135.0,130.5,118.9,352.75
122,157.5,144.0,57.0,90.0,82.0,238.0
123,66.5,60.8,135.0,90.0,82.0,123.25
124,157.5,144.0,57.0,130.5,118.9,85.0
125,66.5,60.8,135.0,211.5,82.0,123.25
126,157.5,144.0,57.0,373.5,192.7,238.0
127,66.5,60.8,135.0,130.5,377.2,391.0
128,157.5,144.0,57.0,373.5,598.6,123.25
129,66.5,60.8,135.0,171.0,377.2,352.75
130,157.5,144.0,57.0,414.0,598.6,85.0
131,66.5,60.8,135.0,657.0,370.0,314.5
132,157.5,144.0,57.0,405.0,118.9,544.0
133,66.5,60.8,135.0,130.5,340.3,276.25
134,157.5,144.0,57.0,373.5,118.9,85.0
135,50.75,60.8,135.0,130.5,340.3,314.5
136,129.5,144.0,57.0,373.5,561.7,544.0
137,35.0,60.8,135.0,616.5,746.1999999999999,697.0
138,113.75,144.0,43.5,778.5,820.0,811.75
139,192.5,60.8,111.0,859.5,783.1,850.0
140,98.0,144.0,178.5,900.0,783.1,850.0
141,176.75,60.8,246.0,819.0,746.1999999999999,773.5
142,255.5,144.0,165.0,778.5,635.5,658.75
143,157.5,60.8,219.0,657.0,487.9,544.0
144,66.5,144.0,138.0,576.0,340.3,382.5
145,157.5,60.8,57.0,454.5,229.6,276.25
146,66.5,144.0,135.0,405.0,118.9,161.5
147,157.5,60.8,57.0,414.0,82.0,85.0
148,66.5,144.0,135.0,171.0,82.0,85.0
149,157.5,60.8,57.0,252.0,118.9,123.25
150,66.5,144.0,135.0,405.0,229.6,238.0
151,157.5,60.8,57.0,130.5,414.09999999999997,429.25
152,66.5,144.0,135.0,373.5,192.7,161.5
153,157.5,60.8,57.0,130.5,414.09999999999997,391.0
154,66.5,144.0,135.0,373.5,192.7,123.25
155,157.5,60.8,57.0,130.5,414.09999999999997,352.75
156,66.5,144.0,135.0,373.5,192.7,85.0
157,157.5,60.8,57.0,130.5,414.09999999999997,314.5
158,66.5,144.0,135.0,373.5,192.7,544.0
159,157.5,60.8,57.0,616.5,414.09999999999997,276.25
160,66.5,144.0,135.0,859.5,635.5,505.75
161,157.5,46.4,57.0,616.5,820.0,658.75
162,50.75,118.4,135.0,778.5,746.1999999999999,773.5
163,129.5,32.0,43.5,859.5,820.0,850.0
164,208.25,104.0,111.0,900.0,783.1,811.75
165,287.0,176.0,178.5,819.0,746.1999999999999,773.5
166,192.5,248.0,246.0,657.0,672.4,697.0
167,98.0,161.6,300.0,535.5,598.6,582.25
168,176.75,233.6,219.0,405.0,487.9,467.5
169,82.25,144.0,135.0,292.5,370.0,314.5
170,161.0,60.8,57.0,130.5,266.5,161.5
171,66.5,144.0,135.0,90.0,192.7,85.0
172,157.5,60.8,57.0,171.0,155.8,85.0
173,66.5,144.0,135.0,252.0,229.6,161.5
174,157.5,60.8,57.0,373.5,370.0,238.0
175,66.5,144.0,135.0,130.5,118.9,391.0
176,157.5,60.8,57.0,373.5,340.3,123.25
177,66.5,144.0,135.0,130.5,561.7,352.75
178,157.5,60.8,57.0,373.5,370.0,85.0
179,66.5,144.0,135.0,616.5,118.9,314.5
180,157.5,60.8,57.0,405.0,340.3,544.0
181,66.5,144.0,135.0,130.5,118.9,276.25
182,157.5,60.8,57.0,373.5,340.3,505.75
183,66.5,144.0,135.0,616.5,561.7,276.25
184,157.5,46.4,57.0,859.5,783.1,505.75
185,66.5,118.4,135.0,616.5,635.5,697.0
186,157.5,32.0,57.0,778.5,746.1999999999999,811.75
187,66.5,104.0,135.0,900.0,820.0,850.0
188,157.5,176.0,57.0,819.0,820.0,811.75
189,66.5,248.0,135.0,778.5,709.3,773.5
190,157.5,320.0,57.0,697.5,598.6,697.0
191,239.75,233.6,135.0,535.5,451.0,582.25
192,157.5,147.2,205.5,333.0,340.3,382.5
193,66.5,60.8,124.5,171.0,229.6,238.0
194,157.5,144.0,57.0,90.0,118.9,123.25
195,66.5,60.8,135.0,90.0,82.0,85.0
196,157.5,144.0,57.0,130.5,118.9,85.0
197,66.5,60.8,135.0,211.5,192.7,123.25
198,157.5,144.0,57.0,373.5,82.0,276.25
199,66.5,60.8,135.0,130.5,303.4,467.5
200,157.5,144.0,57.0,373.5,82.0,199.75
201,66.5,60.8,135.0,616.5,303.4,429.25
202,157.5,144.0,57.0,373.5,82.0,161.5
203,66.5,60.8,135.0,130.5,303.4,391.0
204,157.5,144.0,57.0,373.5,82.0,123.25
205,66.5,60.8,135.0,616.5,303.4,352.75
206,157.5,144.0,57.0,373.5,451.0,85.0
207,66.5,60.8,135.0,616.5,672.4,314.5
208,157.5,144.0,43.5,859.5,451.0,544.0
209,66.5,60.8,111.0,616.5,635.5,697.0
210,157.5,144.0,30.0,738.0,783.1,811.75
211,66.5,46.4,97.5,819.0,820.0,850.0
212,157.5,118.4,165.0,900.0,820.0,811.75
213,66.5,190.4,232.5,819.0,783.1,811.75
214,157.5,262.4,300.0,738.0,672.4,697.0
215,50.75,320.0,219.0,495.0,524.8,544.0
216,129.5,233.6,138.0,373.5,340.3,429.25
217,66.5,144.0,57.0,252.0,192.7,314.5
218,157.5,60.8,135.0,171.0,82.0,199.75
219,66.5,144.0,57.0,130.5,82.0,85.0
220,157.5,60.8,135.0,171.0,82.0,85.0
221,66.5,144.0,57.0,252.0,192.7,123.25
222,157.5,60.8,135.0,373.5,82.0,199.75
223,66.5,144.0,57.0,130.5,303.4,352.75
224,157.5,60.8,135.0,373.5,524.8,85.0
225,66.5,144.0,57.0,616.5,303.4,314.5
226,157.5,60.8,135.0,859.5,524.8,544.0
227,66.5,144.0,57.0,616.5,303.4,276.25
228,157.5,60.8,135.0,373.5,82.0,505.75
229,66.5,144.0,57.0,616.5,303.4,238.0
230,157.5,60.8,135.0,859.5,82.0,467.5
231,66.5,144.0,57.0,616.5,266.5,199.75
232,157.5,60.8,135.0,859.5,487.9,429.25
233,66.5,144.0,43.5,657.0,709.3,620.5
234,157.5,60.8,111.0,778.5,820.0,773.5
235,66.5,144.0,178.5,859.5,783.1,850.0
236,157.5,60.8,97.5,900.0,820.0,850.0
237,66.5,144.0,165.0,738.0,746.1999999999999,735.25
238,157.5,60.8,232.5,616.5,672.4,658.75
239,50.75,144.0,151.5,495.0,524.8,544.0
240,129.5,60.8,70.5,373.5,377.2,382.5
241,66.5,144.0,138.0,252.0,266.5,238.0
242,157.5,60.8,57.0,130.5,155.8,123.25
243,66.5,144.0,135.0,90.0,82.0,85.0
244,157.5,60.8,57.0,90.0,118.9,85.0
245,66.5,144.0,135.0,130.5,192.7,123.25
246,157.5,60.8,57.0,252.0,340.3,199.75
247,66.5,144.0,135.0,454.5,561.7,391.0
248,157.5,60.8,57.0,697.5,370.0,123.25
249,66.5,144.0,135.0,454.5,118.9,352.75
250,157.5,60.8,57.0,697.5,340.3,582.25
251,66.5,144.0,135.0,454.5,118.9,352.75
252,157.5,60.8,57.0,211.5,340.3,582.25
253,66.5,144.0,135.0,454.5,118.9,352.75
254,157.5,60.8,57.0,697.5,340.3,85.0
255,66.5,144.0,135.0,454.5,561.7,314.5
256,157.5,46.4,43.5,697.5,783.1,544.0
257,66.5,118.4,111.0,900.0,598.6,697.0
258,157.5,32.0,30.0,697.5,709.3,811.75
259,50.75,104.0,97.5,778.5,783.1,850.0
260,129.5,176.0,165.0,819.0,746.1999999999999,850.0
261,208.25,248.0,232.5,778.5,709.3,773.5
262,287.0,320.0,300.0,697.5,598.6,658.75
263,192.5,233.6,219.0,576.0,451.0,544.0
264,255.5,144.0,135.0,373.5,303.4,429.25
265,157.5,60.8,57.0,292.5,192.7,276.25
266,66.5,144.0,135.0,171.0,118.9,161.5
267,157.5,60.8,57.0,90.0,82.0,85.0
268,66.5,144.0,135.0,90.0,155.8,85.0
269,157.5,60.8,57.0,171.0,229.6,161.5
270,66.5,144.0,135.0,333.0,377.2,276.25
271,157.5,60.8,57.0,90.0,155.8,429.25
272,66.5,144.0,135.0,333.0,377.2,161.5
273,157.5,60.8,57.0,211.5,598.6,391.0
274,66.5,144.0,135.0,454.5,370.0,123.25
275,157.5,60.8,57.0,211.5,118.9,352.75
276,66.5,144.0,135.0,454.5,340.3,85.0
277,157.5,60.8,57.0,211.5,118.9,314.5
278,66.5,144.0,135.0,454.5,340.3,544.0
279,157.5,60.8,57.0,211.5,561.7,276.25
280,66.5,144.0,135.0,454.5,783.1,505.75
281,157.5,60.8,57.0,697.5,635.5,658.75
282,66.5,144.0,135.0,859.5,746.1999999999999,811.75
283,157.5,60.8,43.5,900.0,820.0,850.0
284,66.5,144.0,111.0,900.0,820.0,850.0
285,157.5,60.8,178.5,859.5,783.1,773.5
286,66.5,144.0,232.5,738.0,709.3,697.0
287,157.5,60.8,300.0,576.0,561.7,582.25
288,66.5,144.0,219.0,414.0,414.09999999999997,429.25
289,157.5,60.8,135.0,292.5,303.4,276.25
290,66.5,144.0,57.0,171.0,192.7,161.5
291,157.5,60.8,135.0,90.0,118.9,85.0
292,66.5,144.0,57.0,130.5,82.0,85.0
293,157.5,60.8,135.0,171.0,155.8,161.5
294,66.5,144.0,57.0,333.0,303.4,276.25
295,157.5,60.8,135.0,171.0,82.0,467.5
296,66.5,144.0,57.0,405.0,303.4,697.0
297,157.5,60.8,135.0,130.5,82.0,429.25
298,66.5,144.0,57.0,373.5,303.4,161.5
299,157.5,60.8,135.0,616.5,82.0,391.0
300,66.5,144.0,57.0,373.5,303.4,123.25
301,157.5,60.8,135.0,616.5,524.8,352.75
302,66.5,144.0,57.0,373.5,746.1999999999999,582.25
303,157.5,60.8,135.0,616.5,524.8,811.75
304,50.75,144.0,43.5,859.5,746.1999999999999,544.0
305,129.5,60.8,111.0,616.5,635.5,697.0
306,35.0,144.0,178.5,778.5,746.1999999999999,850.0
307,113.75,60.8,97.5,900.0,820.0,811.75
308,192.5,144.0,165.0,778.5,820.0,850.0
309,271.25,60.8,232.5,738.0,746.1999999999999,773.5
310,350.0,144.0,300.0,697.5,635.5,658.75
311,255.5,60.8,219.0,535.5,487.9,505.75
312,157.5,144.0,135.0,405.0,340.3,352.75
313,66.5,60.8,57.0,333.0,192.7,238.0
314,157.5,144.0,135.0,292.5,118.9,161.5
315,66.5,60.8,57.0,130.5,82.0,85.0
316,157.5,144.0,135.0,171.0,82.0,85.0
317,66.5,60.8,57.0,252.0,155.8,123.25
318,157.5,144.0,135.0,405.0,82.0,238.0
319,66.5,60.8,57.0,130.5,266.5,429.25
320,157.5,144.0,135.0,373.5,487.9,161.5
321,66.5,60.8,57.0,616.5,266.5,391.0
322,157.5,144.0,135.0,414.0,487.9,123.25
323,66.5,60.8,57.0,657.0,266.5,352.75
324,157.5,144.0,135.0,405.0,487.9,85.0
325,66.5,60.8,57.0,171.0,266.5,314.5
326,157.5,144.0,135.0,414.0,487.9,544.0
327,66.5,60.8,57.0,657.0,266.5,276.25
328,157.5,144.0,135.0,900.0,487.9,505.75
329,50.75,60.8,57.0,657.0,672.4,697.0
330,129.5,144.0,135.0,778.5,746.1999999999999,811.75
331,35.0,60.8,43.5,859.5,820.0,850.0
332,113.75,144.0,111.0,738.0,820.0,850.0
333,192.5,60.8,178.5,738.0,783.1,811.75
334,271.25,144.0,246.0,697.5,672.4,735.25
335,350.0,60.8,300.0,616.5,561.7,582.25
336,255.5,144.0,219.0,495.0,414.09999999999997,429.25
337,157.5,60.8,135.0,405.0,266.5,276.25
338,66.5,144.0,57.0,414.0,155.8,161.5
339,157.5,60.8,135.0,211.5,82.0,85.0
340,66.5,144.0,57.0,90.0,82.0,85.0
341,157.5,60.8,135.0,130.5,155.8,123.25
342,66.5,144.0,57.0,252.0,266.5,238.0
343,157.5,60.8,135.0,90.0,451.0,391.0
344,66.5,144.0,57.0,333.0,229.6,123.25
345,157.5,60.8,135.0,90.0,414.09999999999997,352.75
346,66.5,144.0,57.0,333.0,192.7,85.0
347,157.5,60.8,135.0,576.0,414.09999999999997,314.5
348,66.5,144.0,57.0,333.0,635.5,544.0
349,157.5,60.8,135.0,90.0,414.09999999999997,276.25
350,66.5,144.0,57.0,333.0,192.7,505.75
351,157.5,60.8,135.0,576.0,414.09999999999997,238.0
352,50.75,144.0,57.0,819.0,635.5,467.5
353,129.5,60.8,135.0,616.5,820.0,658.75
354,208.25,144.0,57.0,778.5,746.1999999999999,773.5
355,287.0,60.8,135.0,859.5,820.0,811.75
356,192.5,144.0,57.0,900.0,783.1,850.0
357,271.25,60.8,135.0,859.5,709.3,773.5
358,350.0,144.0,57.0,657.0,598.6,697.0
359,255.5,60.8,135.0,535.5,451.0,505.75
360,161.0,144.0,43.5,333.0,340.3,382.5
361,66.5,60.8,111.0,252.0,155.8,238.0
362,157.5,144.0,57.0,171.0,82.0,161.5
363,66.5,60.8,135.0,90.0,82.0,123.25
364,157.5,144.0,57.0,90.0,82.0,85.0
365,66.5,60.8,135.0,171.0,82.0,123.25
366,157.5,144.0,57.0,333.0,192.7,238.0
367,66.5,60.8,135.0,576.0,377.2,429.25
368,157.5,144.0,57.0,333.0,598.6,161.5
369,66.5,60.8,135.0,90.0,370.0,391.0
370,157.5,144.0,57.0,333.0,155.8,123.25
371,66.5,60.8,135.0,576.0,377.2,352.75
372,157.5,144.0,57.0,333.0,598.6,85.0
373,66.5,60.8,135.0,90.0,370.0,314.5
374,157.5,144.0,57.0,333.0,118.9,544.0
375,66.5,60.8,135.0,576.0,340.3,276.25
376,157.5,144.0,57.0,819.0,487.9,505.75
377,66.5,46.4,135.0,576.0,672.4,697.0
378,157.5,118.4,57.0,738.0,783.1,811.75
379,66.5,32.0,135.0,859.5,820.0,850.0
380,157.5,104.0,57.0,900.0,783.1,811.75
381,66.5,176.0,135.0,738.0,709.3,811.75
382,157.5,248.0,205.5,616.5,635.5,735.25
383,239.75,320.0,138.0,535.5,524.8,620.5
384,145.25,233.6,57.0,373.5,377.2,467.5
385,66.5,144.0,135.0,171.0,266.5,314.5
386,157.5,60.8,57.0,130.5,118.9,199.75
387,66.5,144.0,135.0,90.0,82.0,123.25
388,157.5,60.8,57.0,90.0,82.0,85.0
389,66.5,144.0,135.0,171.0,155.8,85.0
390,157.5,60.8,57.0,292.5,303.4,199.75
391,66.5,144.0,135.0,90.0,118.9,391.0
392,157.5,60.8,57.0,333.0,340.3,123.25
393,66.5,144.0,135.0,90.0,561.7,352.75
394,157.5,60.8,57.0,333.0,370.0,85.0
395,66.5,144.0,135.0,576.0,118.9,314.5
396,157.5,60.8,57.0,333.0,340.3,544.0
397,66.5,144.0,135.0,576.0,118.9,276.25
398,157.5,60.8,57.0,373.5,340.3,505.75
399,66.5,144.0,135.0,616.5,155.8,238.0
400,157.5,46.4,43.5,859.5,377.2,467.5
401,50.75,118.4,111.0,616.5,598.6,620.5
402,129.5,190.4,30.0,778.5,746.1999999999999,773.5
403,208.25,104.0,97.5,859.5,783.1,850.0
404,113.75,176.0,165.0,900.0,820.0,850.0
405,192.5,248.0,232.5,778.5,746.1999999999999,773.5
406,271.25,320.0,300.0,616.5,635.5,658.75
407,176.75,233.6,219.0,405.0,487.9,544.0
408,82.25,144.0,135.0,252.0,377.2,429.25
409,161.0,60.8,57.0,171.0,266.5,314.5
410,66.5,144.0,135.0,90.0,155.8,161.5
411,157.5,60.8,57.0,90.0,118.9,85.0
412,66.5,144.0,135.0,90.0,82.0,85.0
413,157.5,60.8,57.0,90.0,155.8,123.25
414,66.5,144.0,135.0,211.5,303.4,276.25
415,157.5,60.8,57.0,414.0,82.0,429.25
416,66.5,144.0,135.0,657.0,303.4,161.5
417,157.5,60.8,57.0,405.0,82.0,391.0
418,66.5,144.0,135.0,130.5,303.4,123.25
419,157.5,60.8,57.0,373.5,118.9,352.75
420,66.5,144.0,135.0,616.5,340.3,85.0
421,157.5,60.8,57.0,373.5,118.9,314.5
422,66.5,144.0,135.0,130.5,340.3,544.0
423,157.5,60.8,57.0,373.5,561.7,276.25
424,50.75,144.0,135.0,616.5,783.1,505.75
425,129.5,60.8,57.0,859.5,672.4,697.0
426,35.0,144.0,135.0,697.5,783.1,811.75
427,113.75,60.8,57.0,778.5,820.0,850.0
428,192.5,144.0,135.0,859.5,783.1,850.0
429,271.25,60.8,205.5,657.0,746.1999999999999,811.75
430,350.0,144.0,135.0,616.5,635.5,697.0
431,255.5,219.20000000000002,205.5,535.5,487.9,544.0
432,157.5,132.8,124.5,373.5,340.3,352.75
433,66.5,60.8,57.0,292.5,229.6,238.0
434,157.5,144.0,135.0,211.5,155.8,123.25
435,66.5,60.8,57.0,171.0,82.0,85.0
436,157.5,144.0,135.0,171.0,82.0,123.25
437,66.5,60.8,57.0,252.0,118.9,85.0
438,157.5,144.0,135.0,405.0,229.6,199.75
439,66.5,60.8,57.0,130.5,377.2,391.0
440,157.5,144.0,135.0,373.5,155.8,123.25
441,66.5,60.8,57.0,616.5,377.2,352.75
442,157.5,144.0,135.0,859.5,155.8,85.0
443,66.5,60.8,57.0,616.5,377.2,314.5
444,157.5,144.0,135.0,373.5,598.6,544.0
445,66.5,60.8,57.0,616.5,370.0,276.25
446,157.5,144.0,135.0,405.0,118.9,505.75
447,66.5,60.8,57.0,130.5,340.3,238.0
448,157.5,144.0,135.0,373.5,524.8,467.5
449,50.75,60.8,43.5,616.5,709.3,658.75
450,129.5,144.0,111.0,778.5,783.1,773.5
451,35.0,60.8,30.0,859.5,820.0,850.0
452,113.75,144.0,97.5,697.5,820.0,811.75
453,192.5,219.20000000000002,165.0,697.5,783.1,735.25
454,271.25,132.8,232.5,576.0,672.4,620.5
455,176.75,204.8,300.0,495.0,524.8,505.75
456,82.25,118.4,219.0,414.0,414.09999999999997,382.5
457,157.5,60.8,135.0,211.5,229.6,238.0
458,66.5,144.0,57.0,130.5,155.8,161.5
459,157.5,60.8,135.0,90.0,118.9,85.0
460,66.5,144.0,57.0,130.5,82.0,85.0
461,157.5,60.8,135.0,211.5,118.9,85.0
462,66.5,144.0,57.0,373.5,266.5,161.5
463,157.5,60.8,135.0,616.5,82.0,314.5
464,66.5,144.0,57.0,405.0,303.4,505.75
465,157.5,60.8,135.0,171.0,82.0,735.25
466,66.5,144.0,57.0,414.0,303.4,467.5
467,157.5,60.8,135.0,171.0,524.8,199.75
468,66.5,144.0,57.0,414.0,303.4,429.25
469,157.5,60.8,135.0,657.0,82.0,161.5
470,66.5,144.0,57.0,414.0,303.4,391.0
471,157.5,60.8,135.0,171.0,524.8,620.5
472,50.75,144.0,57.0,414.0,746.1999999999999,850.0
473,129.5,60.8,135.0,657.0,635.5,658.75
474,208.25,144.0,57.0,819.0,746.1999999999999,773.5
475,113.75,60.8,135.0,900.0,820.0,850.0
476,192.5,144.0,57.0,900.0,783.1,850.0
477,271.25,60.8,135.0,900.0,746.1999999999999,773.5
478,176.75,144.0,57.0,697.5,672.4,658.75
479,255.5,219.20000000000002,135.0,576.0,524.8,505.75
480,157.5,132.8,57.0,454.5,370.0,391.0
481,66.5,60.8,135.0,333.0,229.6,276.25
482,157.5,144.0,57.0,252.0,155.8,161.5
483,66.5,60.8,135.0,211.5,82.0,85.0
484,157.5,144.0,57.0,171.0,82.0,123.25
485,66.5,60.8,135.0,252.0,155.8,85.0
486,157.5,144.0,57.0,405.0,303.4,199.75
487,66.5,60.8,135.0,171.0,118.9,391.0
488,157.5,144.0,57.0,414.0,340.3,123.25
489,66.5,60.8,135.0,657.0,561.7,352.75
490,157.5,144.0,57.0,405.0,340.3,85.0
491,66.5,60.8,135.0,171.0,561.7,314.5
492,157.5,144.0,57.0,414.0,783.1,544.0
493,66.5,60.8,135.0,657.0,561.7,276.25
494,157.5,144.0,57.0,414.0,783.1,505.75
495,66.5,60.8,135.0,657.0,561.7,735.25
496,157.5,144.0,43.5,900.0,783.1,467.5
497,66.5,60.8,111.0,657.0,598.6,658.75
498,157.5,144.0,30.0,778.5,709.3,773.5
499,66.5,60.8,97.5,859.5,783.1,850.0
500,157.5,144.0,165.0,900.0,820.0,850.0
501,66.5,219.20000000000002,232.5,819.0,783.1,773.5
502,157.5,291.2,300.0,616.5,672.4,658.75
503,239.75,204.8,219.0,535.5,524.8,544.0
504,145.25,118.4,138.0,373.5,340.3,391.0
505,66.5,60.8,57.0,252.0,229.6,276.25
506,157.5,144.0,135.0,130.5,118.9,161.5
507,66.5,60.8,57.0,90.0,82.0,123.25
508,157.5,144.0,135.0,130.5,82.0,85.0
509,66.5,60.8,57.0,90.0,155.8,161.5
510,157.5,144.0,135.0,211.5,303.4,238.0
511,66.5,60.8,57.0,414.0,82.0,429.25
512,157.5,144.0,135.0,657.0,303.4,199.75
513,66.5,60.8,57.0,405.0,524.8,429.25
514,157.5,144.0,135.0,130.5,303.4,658.75
515,66.5,60.8,57.0,333.0,118.9,391.0
516,157.5,144.0,135.0,90.0,340.3,123.25
517,66.5,60.8,57.0,333.0,561.7,352.75
518,157.5,144.0,135.0,90.0,370.0,85.0
519,66.5,60.8,57.0,333.0,192.7,314.5
520,157.5,144.0,135.0,576.0,414.09999999999997,544.0
521,66.5,60.8,57.0,778.5,635.5,735.25
522,157.5,144.0,135.0,900.0,783.1,811.75
523,66.5,60.8,43.5,738.0,820.0,850.0
524,157.5,144.0,111.0,778.5,820.0,850.0
525,239.75,60.8,178.5,697.5,746.1999999999999,811.75
526,318.5,144.0,246.0,616.5,635.5,697.0
527,224.0,219.20000000000002,165.0,495.0,487.9,544.0
528,129.5,132.8,219.0,373.5,340.3,429.25
529,66.5,60.8,135.0,252.0,192.7,276.25
530,157.5,144.0,57.0,171.0,118.9,199.75
531,66.5,60.8,135.0,90.0,82.0,85.0
532,157.5,144.0,57.0,90.0,118.9,85.0
533,66.5,60.8,135.0,130.5,155.8,123.25
534,157.5,144.0,57.0,292.5,266.5,238.0
535,66.5,60.8,135.0,414.0,487.9,85.0
536,157.5,144.0,57.0,171.0,709.3,314.5
537,66.5,60.8,135.0,414.0,487.9,544.0
538,157.5,144.0,57.0,657.0,266.5,276.25
539,66.5,60.8,135.0,405.0,487.9,505.75
540,157.5,144.0,57.0,130.5,266.5,735.25
541,66.5,60.8,135.0,373.5,487.9,467.5
542,157.5,144.0,57.0,130.5,266.5,199.75
543,66.5,60.8,135.0,373.5,487.9,429.25
544,157.5,144.0,43.5,616.5,709.3,658.75
545,50.75,60.8,111.0,859.5,487.9,773.5
546,129.5,144.0,178.5,657.0,672.4,850.0
547,35.0,60.8,246.0,819.0,783.1,850.0
548,113.75,144.0,165.0,900.0,820.0,811.75
549,192.5,60.8,232.5,657.0,783.1,735.25
550,98.0,144.0,151.5,616.5,709.3,620.5
551,176.75,219.20000000000002,219.0,495.0,598.6,467.5
552,82.25,144.0,135.0,373.5,451.0,352.75
553,161.0,60.8,57.0,252.0,303.4,238.0
554,66.5,144.0,135.0,130.5,192.7,85.0
555,157.5,60.8,57.0,90.0,82.0,85.0
556,66.5,144.0,135.0,130.5,82.0,123.25
557,157.5,60.8,57.0,252.0,155.8,161.5
558,66.5,144.0,135.0,414.0,303.4,238.0
559,157.5,60.8,57.0,171.0,82.0,429.25
560,66.5,144.0,135.0,414.0,303.4,658.75
561,157.5,60.8,57.0,171.0,524.8,391.0
562,66.5,144.0,135.0,414.0,303.4,123.25
563,157.5,60.8,57.0,657.0,524.8,352.75
564,66.5,144.0,135.0,405.0,303.4,85.0
565,157.5,60.8,57.0,130.5,524.8,314.5
566,66.5,144.0,135.0,373.5,303.4,544.0
567,157.5,60.8,57.0,130.5,524.8,314.5
568,50.75,144.0,135.0,373.5,746.1999999999999,544.0
569,129.5,60.8,43.5,616.5,598.6,697.0
570,35.0,144.0,111.0,738.0,746.1999999999999,811.75
571,113.75,60.8,30.0,859.5,820.0,850.0
572,192.5,144.0,97.5,819.0,820.0,850.0
573,271.25,60.8,165.0,778.5,746.1999999999999,773.5
574,350.0,144.0,232.5,697.5,635.5,697.0
575,255.5,60.8,300.0,535.5,487.9,582.25
576,161.0,144.0,219.0,405.0,370.0,429.25
577,66.5,60.8,135.0,292.5,266.5,314.5
578,157.5,144.0,57.0,130.5,155.8,161.5
579,66.5,60.8,135.0,90.0,82.0,85.0
580,157.5,144.0,57.0,90.0,118.9,85.0
581,66.5,60.8,135.0,171.0,155.8,161.5
582,157.5,144.0,57.0,333.0,266.5,276.25
583,66.5,60.8,135.0,90.0,82.0,467.5
584,157.5,144.0,57.0,333.0,303.4,199.75
585,66.5,60.8,135.0,90.0,82.0,429.25
586,157.5,144.0,57.0,333.0,303.4,161.5
587,66.5,60.8,135.0,576.0,82.0,391.0
588,157.5,144.0,57.0,405.0,303.4,620.5
589,66.5,60.8,135.0,130.5,118.9,352.75
590,157.5,144.0,57.0,373.5,340.3,582.25
591,66.5,60.8,135.0,616.5,561.7,811.75
592,157.5,144.0,43.5,859.5,783.1,544.0
593,66.5,60.8,111.0,616.5,561.7,735.25
594,157.5,144.0,30.0,778.5,709.3,773.5
595,50.75,60.8,97.5,859.5,783.1,850.0
596,129.5,144.0,165.0,900.0,746.1999999999999,850.0
597,208.25,60.8,232.5,738.0,709.3,811.75
598,287.0,144.0,300.0,697.5,598.6,697.0
599,192.5,60.8,219.0,616.5,487.9,505.75
600,98.0,144.0,138.0,373.5,340.3,352.75
601,161.0,60.8,57.0,252.0,229.6,238.0
602,66.5,144.0,135.0,211.5,155.8,161.5
603,157.5,60.8,57.0,130.5,82.0,123.25
604,66.5,144.0,135.0,171.0,82.0,85.0
605,157.5,60.8,57.0,252.0,118.9,123.25
606,66.5,144.0,135.0,405.0,82.0,238.0
607,157.5,60.8,57.0,171.0,229.6,391.0
608,66.5,144.0,135.0,414.0,451.0,620.5
609,157.5,60.8,57.0,657.0,229.6,352.75
610,66.5,144.0,135.0,405.0,451.0,85.0
611,157.5,60.8,57.0,130.5,672.4,314.5
612,66.5,144.0,135.0,373.5,451.0,85.0
613,157.5,60.8,57.0,130.5,229.6,314.5
614,66.5,144.0,135.0,373.5,451.0,544.0
615,157.5,60.8,57.0,616.5,229.6,276.25
616,50.75,144.0,135.0,859.5,451.0,505.75
617,129.5,60.8,57.0,657.0,635.5,697.0
618,35.0,144.0,135.0,819.0,783.1,811.75
619,113.75,60.8,43.5,900.0,820.0,850.0
620,192.5,144.0,111.0,900.0,820.0,850.0
621,271.25,219.20000000000002,178.5,859.5,746.1999999999999,773.5
622,350.0,144.0,246.0,657.0,635.5,658.75
623,255.5,219.20000000000002,300.0,495.0,487.9,505.75
624,157.5,132.8,219.0,405.0,370.0,391.0
625,66.5,60.8,135.0,333.0,229.6,276.25
626,157.5,144.0,57.0,171.0,118.9,161.5
627,66.5,60.8,135.0,90.0,82.0,85.0
628,157.5,144.0,57.0,130.5,82.0,85.0
629,66.5,60.8,135.0,211.5,155.8,123.25
630,157.5,144.0,57.0,373.5,82.0,276.25
631,66.5,60.8,135.0,130.5,229.6,429.25
632,157.5,144.0,57.0,373.5,451.0,658.75
633,66.5,60.8,135.0,130.5,672.4,391.0
634,157.5,144.0,57.0,373.5,451.0,123.25
635,66.5,60.8,135.0,130.5,229.6,352.75
636,157.5,144.0,57.0,373.5,451.0,85.0
637,66.5,60.8,135.0,130.5,229.6,314.5
638,157.5,144.0,57.0,373.5,451.0,544.0
639,66.5,60.8,135.0,616.5,229.6,276.25
640,157.5,144.0,43.5,859.5,451.0,505.75
641,66.5,60.8,111.0,697.5,635.5,697.0
642,157.5,144.0,178.5,819.0,746.1999999999999,811.75
643,50.75,60.8,97.5,900.0,820.0,850.0
644,129.5,144.0,165.0,900.0,820.0,735.25
645,208.25,60.8,232.5,778.5,746.1999999999999,658.75
646,287.0,144.0,300.0,576.0,635.5,582.25
647,192.5,219.20000000000002,219.0,414.0,524.8,467.5
648,255.5,132.8,135.0,292.5,370.0,314.5
649,157.5,60.8,57.0,211.5,266.5,199.75
650,66.5,144.0,135.0,90.0,155.8,85.0
651,157.5,60.8,57.0,90.0,82.0,85.0
652,66.5,144.0,135.0,130.5,82.0,85.0
653,157.5,60.8,57.0,252.0,118.9,161.5
654,66.5,144.0,135.0,90.0,229.6,276.25
655,157.5,60.8,57.0,333.0,155.8,429.25
656,66.5,144.0,135.0,90.0,377.2,161.5
657,157.5,60.8,57.0,333.0,598.6,391.0
658,66.5,144.0,135.0,576.0,377.2,123.25
659,157.5,60.8,57.0,333.0,598.6,352.75
660,66.5,144.0,135.0,90.0,370.0,582.25
661,157.5,60.8,57.0,333.0,118.9,811.75
662,66.5,144.0,135.0,90.0,340.3,544.0
663,157.5,60.8,57.0,333.0,561.7,276.25
664,50.75,144.0,135.0,576.0,783.1,505.75
665,129.5,60.8,57.0,819.0,598.6,697.0
666,35.0,144.0,135.0,616.5,746.1999999999999,811.75
667,113.75,60.8,57.0,778.5,820.0,850.0
668,192.5,144.0,135.0,859.5,820.0,850.0
669,271.25,60.8,205.5,778.5,783.1,811.75
670,350.0,144.0,273.0,616.5,672.4,697.0
671,255.5,219.20000000000002,192.0,495.0,524.8,544.0
672,157.5,132.8,111.0,373.5,370.0,429.25
673,66.5,60.8,30.0,211.5,229.6,276.25
674,157.5,144.0,97.5,130.5,118.9,123.25
675,66.5,60.8,165.0,90.0,82.0,85.0
676,157.5,144.0,84.0,130.5,82.0,85.0
677,66.5,60.8,151.5,171.0,155.8,123.25
678,157.5,144.0,219.0,333.0,266.5,238.0
679,66.5,60.8,135.0,90.0,118.9,391.0
680,157.5,144.0,57.0,333.0,340.3,620.5
681,66.5,60.8,135.0,90.0,118.9,352.75
682,157.5,144.0,57.0,333.0,340.3,85.0
683,66.5,60.8,135.0,90.0,561.7,314.5
684,157.5,144.0,57.0,333.0,370.0,544.0
685,66.5,60.8,135.0,90.0,155.8,276.25
686,157.5,144.0,57.0,333.0,377.2,505.75
687,66.5,60.8,135.0,576.0,598.6,238.0
688,157.5,144.0,57.0,819.0,820.0,467.5
689,50.75,46.4,135.0,616.5,635.5,697.0
690,129.5,118.4,205.5,778.5,783.1,811.75
691,35.0,190.4,124.5,859.5,820.0,850.0
692,113.75,262.4,192.0,900.0,820.0,850.0
693,192.5,176.0,259.5,778.5,820.0,773.5
694,271.25,248.0,178.5,697.5,709.3,697.0
695,350.0,161.6,219.0,535.5,598.6,582.25
696,255.5,75.2,135.0,333.0,451.0,467.5
697,157.5,147.2,57.0,171.0,303.4,276.25
698,66.5,60.8,135.0,90.0,192.7,161.5
699,157.5,144.0,57.0,90.0,118.9,123.25
700,66.5,60.8,135.0,130.5,82.0,85.0
701,157.5,144.0,57.0,211.5,155.8,123.25
702,66.5,60.8,135.0,333.0,303.4,199.75
703,157.5,144.0,57.0,90.0,155.8,391.0
704,66.5,60.8,135.0,333.0,377.2,620.5
705,157.5,144.0,57.0,130.5,598.6,352.75
706,66.5,60.8,135.0,373.5,370.0,582.25
707,157.5,144.0,57.0,616.5,118.9,314.5
708,66.5,60.8,135.0,373.5,340.3,544.0
709,157.5,144.0,57.0,171.0,561.7,276.25
710,66.5,60.8,135.0,414.0,783.1,505.75
711,157.5,144.0,57.0,657.0,561.7,735.25
712,50.75,46.4,135.0,900.0,783.1,467.5
713,129.5,118.4,43.5,657.0,635.5,658.75
714,35.0,190.4,111.0,778.5,746.1999999999999,773.5
715,113.75,104.0,30.0,859.5,820.0,850.0
716,192.5,176.0,97.5,900.0,746.1999999999999,735.25
717,271.25,248.0,165.0,697.5,709.3,697.0
718,350.0,320.0,232.5,616.5,635.5,620.5
719,255.5,233.6,151.5,495.0,487.9,467.5
720,157.5,147.2,70.5,333.0,370.0,314.5
721,66.5,60.8,138.0,211.5,229.6,199.75
722,157.5,144.0,57.0,130.5,155.8,123.25
723,66.5,60.8,135.0,90.0,82.0,85.0
724,157.5,144.0,57.0,130.5,82.0,85.0
725,66.5,60.8,135.0,211.5,118.9,161.5
726,157.5,144.0,57.0,333.0,192.7,314.5
727,66.5,60.8,135.0,90.0,377.2,85.0
728,157.5,144.0,57.0,333.0,598.6,314.5
729,66.5,60.8,135.0,130.5,820.0,544.0
730,157.5,144.0,57.0,373.5,598.6,276.25
731,66.5,60.8,135.0,616.5,370.0,505.75
732,157.5,144.0,57.0,405.0,192.7,238.0
733,66.5,60.8,135.0,130.5,414.09999999999997,467.5
734,157.5,144.0,57.0,373.5,192.7,199.75
735,66.5,60.8,135.0,616.5,414.09999999999997,429.25
736,157.5,144.0,43.5,859.5,635.5,658.75
737,66.5,60.8,111.0,657.0,820.0,850.0
738,157.5,144.0,30.0,819.0,709.3,697.0
739,66.5,60.8,97.5,900.0,783.1,773.5
740,157.5,144.0,165.0,859.5,820.0,773.5
741,239.75,60.8,232.5,738.0,746.1999999999999,735.25
742,318.5,144.0,300.0,657.0,635.5,620.5
743,224.0,60.8,219.0,495.0,487.9,505.75
744,129.5,144.0,135.0,373.5,370.0,352.75
745,66.5,60.8,57.0,252.0,229.6,199.75
746,157.5,144.0,135.0,130.5,155.8,85.0
747,66.5,60.8,57.0,90.0,118.9,85.0
748,157.5,144.0,135.0,90.0,82.0,85.0
749,66.5,60.8,57.0,171.0,118.9,85.0
750,157.5,144.0,135.0,333.0,266.5,199.75
751,66.5,60.8,57.0,90.0,414.09999999999997,391.0
752,157.5,144.0,135.0,333.0,635.5,620.5
753,66.5,60.8,57.0,576.0,414.09999999999997,850.0
754,157.5,144.0,135.0,819.0,635.5,582.25
755,66.5,60.8,57.0,616.5,414.09999999999997,314.5
756,157.5,144.0,135.0,405.0,192.7,544.0
757,66.5,60.8,57.0,171.0,414.09999999999997,773.5
758,157.5,144.0,135.0,414.0,192.7,505.75
759,66.5,60.8,57.0,657.0,414.09999999999997,238.0
760,157.5,144.0,135.0,900.0,635.5,467.5
761,66.5,60.8,57.0,657.0,820.0,658.75
762,157.5,144.0,135.0,819.0,746.1999999999999,773.5
763,66.5,60.8,57.0,859.5,820.0,850.0
764,157.5,144.0,135.0,900.0,820.0,850.0
765,66.5,60.8,57.0,738.0,709.3,773.5
766,157.5,144.0,135.0,657.0,672.4,658.75
767,239.75,219.20000000000002,205.5,495.0,561.7,544.0
768,145.25,132.8,124.5,405.0,451.0,391.0
769,66.5,60.8,57.0,292.5,303.4,238.0
770,157.5,144.0,135.0,90.0,155.8,199.75
771,66.5,60.8,57.0,90.0,82.0,123.25
772,157.5,144.0,135.0,130.5,82.0,85.0
773,66.5,60.8,57.0,211.5,118.9,123.25
774,157.5,144.0,135.0,333.0,266.5,199.75
775,66.5,60.8,57.0,90.0,118.9,352.75
776,157.5,144.0,135.0,333.0,340.3,85.0
777,66.5,60.8,57.0,90.0,118.9,314.5
778,157.5,144.0,135.0,333.0,340.3,544.0
779,66.5,60.8,57.0,90.0,561.7,773.5
780,157.5,144.0,135.0,333.0,340.3,505.75
781,66.5,60.8,57.0,90.0,118.9,238.0
782,157.5,144.0,135.0,333.0,340.3,467.5
783,66.5,60.8,57.0,576.0,561.7,697.0
784,157.5,144.0,135.0,819.0,783.1,505.75
785,66.5,60.8,57.0,576.0,561.7,697.0
786,157.5,144.0,135.0,697.5,709.3,811.75
787,50.75,46.4,57.0,778.5,820.0,850.0
788,129.5,118.4,135.0,859.5,783.1,850.0
789,208.25,190.4,205.5,900.0,709.3,811.75
790,271.25,262.4,273.0,778.5,635.5,697.0
791,176.75,176.0,219.0,697.5,561.7,544.0
792,82.25,233.6,135.0,576.0,414.09999999999997,382.5
793,157.5,144.0,57.0,454.5,303.4,238.0
794,66.5,60.8,135.0,292.5,192.7,123.25
795,157.5,144.0,57.0,171.0,118.9,85.0
796,66.5,60.8,135.0,130.5,155.8,85.0
797,157.5,144.0,57.0,211.5,82.0,161.5
798,66.5,60.8,135.0,373.5,192.7,276.25
799,157.5,144.0,57.0,171.0,377.2,85.0
800,66.5,60.8,135.0,405.0,155.8,314.5
801,157.5,144.0,57.0,171.0,377.2,544.0
802,66.5,60.8,135.0,414.0,598.6,276.25
803,157.5,144.0,57.0,657.0,377.2,505.75
804,66.5,60.8,135.0,405.0,598.6,238.0
805,157.5,144.0,57.0,130.5,370.0,467.5
806,66.5,60.8,135.0,373.5,118.9,199.75
807,157.5,144.0,57.0,616.5,303.4,429.25
808,66.5,60.8,135.0,859.5,487.9,658.75
809,157.5,144.0,57.0,616.5,672.4,850.0
810,66.5,60.8,135.0,778.5,820.0,735.25
811,157.5,144.0,57.0,859.5,820.0,773.5
812,66.5,60.8,135.0,900.0,820.0,811.75
813,157.5,144.0,57.0,859.5,746.1999999999999,811.75
814,66.5,60.8,135.0,819.0,672.4,697.0
815,157.5,144.0,205.5,697.5,524.8,544.0
816,50.75,60.8,124.5,576.0,370.0,382.5
817,129.5,144.0,57.0,454.5,229.6,238.0
818,66.5,60.8,135.0,405.0,118.9,161.5
819,157.5,144.0,57.0,414.0,82.0,85.0
820,66.5,60.8,135.0,171.0,118.9,123.25
821,157.5,144.0,57.0,252.0,192.7,161.5
822,66.5,60.8,135.0,373.5,340.3,238.0
823,157.5,144.0,57.0,616.5,155.8,391.0
824,66.5,60.8,135.0,373.5,377.2,123.25
825,157.5,144.0,57.0,130.5,598.6,352.75
826,66.5,60.8,135.0,373.5,820.0,582.25
827,157.5,144.0,57.0,130.5,598.6,314.5
828,66.5,60.8,135.0,373.5,370.0,544.0
829,157.5,144.0,57.0,130.5,118.9,276.25
830,66.5,60.8,135.0,373.5,340.3,505.75
831,157.5,144.0,57.0,616.5,561.7,735.25
832,66.5,60.8,135.0,859.5,783.1,467.5
833,157.5,144.0,57.0,616.5,635.5,658.75
834,66.5,60.8,135.0,778.5,746.1999999999999,773.5
835,157.5,144.0,43.5,859.5,820.0,850.0
836,66.5,60.8,111.0,900.0,783.1,811.75
837,157.5,144.0,178.5,819.0,746.1999999999999,773.5
838,66.5,60.8,246.0,657.0,672.4,658.75
839,157.5,144.0,165.0,495.0,524.8,505.75
840,66.5,60.8,84.0,373.5,340.3,352.75
841,157.5,144.0,151.5,292.5,192.7,238.0
842,66.5,60.8,70.5,211.5,118.9,161.5
843,157.5,144.0,138.0,171.0,82.0,123.25
844,66.5,60.8,57.0,171.0,82.0,85.0
845,157.5,144.0,135.0,252.0,155.8,123.25
846,66.5,60.8,57.0,405.0,82.0,199.75
847,157.5,144.0,135.0,130.5,303.4,391.0
848,66.5,60.8,57.0,373.5,82.0,620.5
849,157.5,144.0,135.0,171.0,303.4,352.75
850,66.5,60.8,57.0,414.0,82.0,85.0
851,157.5,144.0,135.0,657.0,303.4,314.5
852,66.5,60.8,57.0,405.0,82.0,544.0
853,157.5,144.0,135.0,130.5,303.4,276.25
854,66.5,60.8,57.0,373.5,82.0,505.75
855,157.5,144.0,135.0,616.5,266.5,735.25
856,50.75,60.8,57.0,859.5,487.9,467.5
857,129.5,144.0,135.0,616.5,672.4,658.75
858,208.25,46.4,57.0,819.0,783.1,773.5
859,113.75,118.4,135.0,900.0,820.0,850.0
860,192.5,190.4,57.0,819.0,783.1,850.0
861,271.25,104.0,135.0,697.5,709.3,811.75
862,350.0,176.0,205.5,616.5,598.6,735.25
863,255.5,89.6,135.0,495.0,451.0,620.5
864,157.5,161.6,43.5,333.0,340.3,505.75
865,66.5,75.2,111.0,211.5,229.6,382.5
866,157.5,147.2,57.0,171.0,118.9,238.0
867,66.5,60.8,135.0,130.5,82.0,123.25
868,157.5,144.0,57.0,90.0,82.0,85.0
869,66.5,60.8,135.0,130.5,118.9,123.25
870,157.5,144.0,57.0,252.0,192.7,85.0
871,66.5,60.8,135.0,454.5,377.2,276.25
872,157.5,144.0,57.0,211.5,598.6,505.75
873,66.5,60.8,135.0,454.5,377.2,238.0
874,157.5,144.0,57.0,211.5,598.6,467.5
875,66.5,60.8,135.0,454.5,370.0,199.75
876,157.5,144.0,57.0,211.5,118.9,429.25
877,66.5,60.8,135.0,454.5,340.3,658.75
878,157.5,144.0,57.0,211.5,118.9,391.0
879,66.5,60.8,135.0,454.5,340.3,620.5
880,157.5,144.0,57.0,697.5,561.7,850.0
881,66.5,46.4,135.0,900.0,709.3,620.5
882,157.5,118.4,57.0,657.0,820.0,773.5
883,50.75,190.4,135.0,778.5,783.1,850.0
884,129.5,104.0,205.5,859.5,783.1,773.5
885,208.25,176.0,273.0,778.5,783.1,735.25
886,287.0,248.0,192.0,657.0,709.3,620.5
887,192.5,161.6,111.0,495.0,598.6,544.0
888,98.0,233.6,30.0,373.5,414.09999999999997,429.25
889,161.0,144.0,70.5,252.0,266.5,314.5
890,66.5,60.8,138.0,130.5,155.8,161.5
891,157.5,144.0,57.0,90.0,118.9,85.0
892,66.5,60.8,135.0,90.0,82.0,85.0
893,157.5,144.0,57.0,171.0,155.8,161.5
894,66.5,60.8,135.0,333.0,82.0,276.25
895,157.5,144.0,57.0,576.0,266.5,429.25
896,66.5,60.8,135.0,819.0,487.9,161.5
897,157.5,144.0,57.0,616.5,266.5,391.0
898,66.5,60.8,135.0,859.5,487.9,123.25
899,157.5,144.0,57.0,657.0,266.5,352.75
900,66.5,60.8,135.0,405.0,487.9,85.0
901,157.5,144.0,57.0,130.5,266.5,314.5
902,66.5,60.8,135.0,373.5,487.9,544.0
903,157.5,144.0,57.0,130.5,266.5,276.25
904,50.75,60.8,135.0,373.5,487.9,505.75
905,129.5,144.0,43.5,616.5,672.4,697.0
906,208.25,46.4,111.0,778.5,783.1,811.75
907,287.0,118.4,30.0,859.5,820.0,850.0
908,192.5,190.4,97.5,900.0,820.0,811.75
909,98.0,262.4,165.0,819.0,783.1,697.0
910,176.75,176.0,232.5,697.5,709.3,544.0
911,255.5,233.6,300.0,576.0,561.7,429.25
912,157.5,144.0,219.0,414.0,414.09999999999997,314.5
913,66.5,60.8,135.0,252.0,266.5,238.0
914,157.5,144.0,57.0,171.0,155.8,161.5
915,66.5,60.8,135.0,90.0,82.0,123.25
916,157.5,144.0,57.0,90.0,82.0,85.0
917,66.5,60.8,135.0,171.0,118.9,123.25
918,157.5,144.0,57.0,292.5,229.6,238.0
919,66.5,60.8,135.0,130.5,82.0,429.25
920,157.5,144.0,57.0,373.5,303.4,161.5
921,66.5,60.8,135.0,171.0,82.0,391.0
922,157.5,144.0,57.0,414.0,303.4,620.5
923,66.5,60.8,135.0,657.0,524.8,352.75
924,157.5,144.0,57.0,405.0,303.4,85.0
925,66.5,60.8,135.0,130.5,524.8,314.5
926,157.5,144.0,57.0,373.5,303.4,544.0
927,66.5,60.8,135.0,130.5,524.8,773.5
928,157.5,144.0,57.0,373.5,746.1999999999999,505.75
929,66.5,60.8,135.0,616.5,561.7,697.0
930,157.5,144.0,43.5,778.5,672.4,811.75
931,66.5,46.4,111.0,859.5,746.1999999999999,850.0
932,157.5,118.4,178.5,900.0,783.1,850.0
933,66.5,190.4,246.0,819.0,746.1999999999999,773.5
934,157.5,262.4,165.0,738.0,672.4,658.75
935,239.75,176.0,219.0,657.0,561.7,544.0
936,157.5,248.0,135.0,576.0,414.09999999999997,391.0
937,66.5,161.6,57.0,454.5,266.5,276.25
938,157.5,233.6,135.0,405.0,155.8,199.75
939,66.5,147.2,57.0,414.0,82.0,85.0
940,157.5,60.8,135.0,171.0,82.0,85.0
941,66.5,144.0,57.0,252.0,155.8,85.0
942,157.5,60.8,135.0,373.5,303.4,199.75
943,66.5,144.0,57.0,616.5,82.0,352.75
944,157.5,60.8,135.0,859.5,303.4,582.25
945,66.5,144.0,57.0,616.5,82.0,811.75
946,157.5,60.8,135.0,373.5,303.4,544.0
947,66.5,144.0,57.0,130.5,524.8,276.25
948,157.5,60.8,135.0,373.5,370.0,505.75
949,66.5,144.0,57.0,130.5,118.9,238.0
950,157.5,60.8,135.0,373.5,340.3,467.5
951,66.5,144.0,57.0,616.5,192.7,697.0
952,157.5,60.8,135.0,859.5,414.09999999999997,429.25
953,66.5,144.0,57.0,616.5,635.5,582.25
954,157.5,60.8,135.0,738.0,783.1,735.25
955,66.5,144.0,43.5,859.5,820.0,811.75
956,157.5,60.8,111.0,900.0,820.0,850.0
957,239.75,144.0,178.5,778.5,820.0,850.0
958,157.5,46.4,246.0,657.0,672.4,773.5
959,239.75,118.4,165.0,495.0,524.8,658.75
960,145.25,32.0,84.0,373.5,377.2,544.0
961,66.5,104.0,151.5,252.0,266.5,352.75
962,157.5,176.0,219.0,171.0,155.8,238.0
963,66.5,89.6,138.0,90.0,82.0,123.25
964,157.5,161.6,57.0,130.5,82.0,85.0
965,66.5,233.6,135.0,171.0,82.0,123.25
966,157.5,144.0,57.0,333.0,192.7,238.0
967,66.5,60.8,135.0,130.5,377.2,391.0
968,157.5,144.0,57.0,373.5,598.6,123.25
969,66.5,60.8,135.0,616.5,370.0,352.75
970,157.5,144.0,57.0,405.0,118.9,161.5
971,66.5,60.8,135.0,130.5,340.3,391.0
972,157.5,144.0,57.0,373.5,561.7,123.25
973,66.5,60.8,135.0,171.0,370.0,352.75
974,157.5,144.0,57.0,414.0,118.9,582.25
975,66.5,60.8,135.0,657.0,266.5,811.75
976,157.5,144.0,43.5,900.0,451.0,544.0
977,66.5,60.8,111.0,657.0,635.5,697.0
978,157.5,144.0,178.5,778.5,783.1,811.75
979,66.5,60.8,97.5,859.5,820.0,850.0
980,157.5,144.0,165.0,900.0,820.0,850.0
981,66.5,60.8,232.5,859.5,783.1,773.5
982,157.5,144.0,300.0,657.0,672.4,658.75
983,66.5,219.20000000000002,219.0,535.5,487.9,505.75
984,157.5,132.8,135.0,373.5,370.0,352.75
985,66.5,60.8,57.0,252.0,229.6,238.0
986,157.5,144.0,135.0,130.5,118.9,123.25
987,66.5,60.8,57.0,90.0,82.0,85.0
988,157.5,144.0,135.0,130.5,82.0,85.0
989,66.5,60.8,57.0,211.5,118.9,123.25
990,157.5,144.0,135.0,373.5,229.6,238.0
991,66.5,60.8,57.0,130.5,414.09999999999997,391.0
992,157.5,144.0,135.0,373.5,192.7,123.25
993,66.5,60.8,57.0,171.0,414.09999999999997,352.75
994,157.5,144.0,135.0,414.0,192.7,85.0
995,66.5,60.8,57.0,657.0,414.09999999999997,314.5
996,157.5,144.0,135.0,405.0,635.5,544.0
997,66.5,60.8,57.0,130.5,414.09999999999997,276.25
998,157.5,144.0,135.0,373.5,192.7,505.75
999,66.5,60.8,57.0,616.5,414.09999999999997,238.0
1000,157.5,144.0,135.0,859.5,635.5,467.5
1001,66.5,60.8,57.0,616.5,820.0,658.75
1002,157.5,144.0,135.0,738.0,746.1999999999999,773.5
1003,66.5,46.4,57.0,819.0,820.0,811.75
1004,157.5,118.4,135.0,859.5,820.0,850.0
1005,239.75,190.4,205.5,657.0,746.1999999999999,811.75
1006,318.5,248.0,273.0,576.0,672.4,697.0
1007,255.5,161.6,205.5,495.0,561.7,544.0
1008,157.5,75.2,124.5,405.0,414.09999999999997,382.5
1009,66.5,147.2,57.0,211.5,266.5,238.0
1010,157.5,60.8,135.0,130.5,155.8,161.5
1011,66.5,144.0,57.0,90.0,118.9,85.0
1012,157.5,60.8,135.0,90.0,82.0,85.0
1013,66.5,144.0,57.0,171.0,155.8,123.25
1014,157.5,60.8,135.0,252.0,266.5,238.0
1015,66.5,144.0,57.0,454.5,82.0,429.25
1016,157.5,60.8,135.0,657.0,303.4,161.5
1017,66.5,144.0,57.0,405.0,155.8,391.0
1018,157.5,60.8,135.0,130.5,377.2,123.25
1019,66.5,144.0,57.0,373.5,598.6,352.75
1020,157.5,60.8,135.0,171.0,370.0,85.0
1021,66.5,144.0,57.0,414.0,118.9,314.5
1022,157.5,60.8,135.0,171.0,340.3,85.0
1023,66.5,144.0,57.0,414.0,561.7,314.5
1024,157.5,46.4,135.0,657.0,414.09999999999997,544.0
1025,66.5,118.4,57.0,900.0,635.5,735.25
1026,157.5,190.4,135.0,657.0,746.1999999999999,850.0
1027,66.5,104.0,57.0,778.5,820.0,850.0
1028,157.5,176.0,135.0,859.5,783.1,811.75
1029,66.5,248.0,57.0,819.0,709.3,773.5
1030,157.5,320.0,135.0,697.5,635.5,697.0
1031,239.75,233.6,205.5,616.5,487.9,582.25
1032,145.25,144.0,124.5,414.0,370.0,429.25
1033,66.5,60.8,57.0,333.0,229.6,314.5
1034,157.5,144.0,135.0,252.0,155.8,161.5
1035,66.5,60.8,57.0,211.5,82.0,85.0
1036,157.5,144.0,135.0,130.5,118.9,85.0
1037,66.5,60.8,57.0,211.5,82.0,161.5
1038,157.5,144.0,135.0,292.5,192.7,276.25
1039,66.5,60.8,57.0,90.0,377.2,467.5
1040,157.5,144.0,135.0,333.0,598.6,199.75
1041,66.5,60.8,57.0,90.0,370.0,429.25
1042,157.5,144.0,135.0,333.0,118.9,161.5
1043,66.5,60.8,57.0,90.0,340.3,391.0
1044,157.5,144.0,135.0,333.0,561.7,123.25
1045,66.5,60.8,57.0,90.0,340.3,352.75
1046,157.5,144.0,135.0,333.0,487.9,582.25
1047,66.5,60.8,57.0,576.0,266.5,314.5
1048,157.5,144.0,135.0,819.0,487.9,544.0
1049,66.5,60.8,57.0,576.0,672.4,697.0
1050,157.5,144.0,135.0,738.0,820.0,773.5
1051,50.75,46.4,57.0,859.5,709.3,850.0
1052,129.5,118.4,135.0,900.0,746.1999999999999,850.0
1053,208.25,190.4,205.5,819.0,709.3,773.5
1054,287.0,262.4,273.0,738.0,635.5,658.75
1055,192.5,320.0,192.0,576.0,524.8,544.0
1056,98.0,233.6,111.0,373.5,414.09999999999997,352.75
1057,157.5,144.0,57.0,211.5,266.5,238.0
1058,66.5,60.8,135.0,130.5,155.8,161.5
1059,157.5,144.0,57.0,130.5,82.0,85.0
1060,66.5,60.8,135.0,90.0,82.0,85.0
1061,157.5,144.0,57.0,171.0,82.0,123.25
1062,66.5,60.8,135.0,333.0,229.6,199.75
1063,157.5,144.0,57.0,90.0,414.09999999999997,352.75
1064,66.5,60.8,135.0,333.0,192.7,582.25
1065,157.5,144.0,57.0,90.0,414.09999999999997,314.5
1066,66.5,60.8,135.0,333.0,192.7,544.0
1067,157.5,144.0,57.0,90.0,414.09999999999997,773.5
1068,66.5,60.8,135.0,333.0,192.7,505.75
1069,157.5,144.0,57.0,90.0,414.09999999999997,238.0
1070,66.5,60.8,135.0,333.0,192.7,467.5
1071,157.5,144.0,43.5,576.0,414.09999999999997,276.25
1072,66.5,46.4,111.0,819.0,635.5,505.75
1073,157.5,118.4,30.0,576.0,820.0,697.0
1074,50.75,190.4,97.5,738.0,709.3,811.75
1075,129.5,262.4,165.0,859.5,783.1,850.0
1076,208.25,176.0,232.5,900.0,746.1999999999999,850.0
1077,287.0,248.0,300.0,859.5,672.4,773.5
1078,350.0,320.0,219.0,697.5,561.7,658.75
1079,255.5,233.6,135.0,616.5,451.0,505.75
1080,157.5,144.0,57.0,454.5,340.3,382.5
1081,82.25,60.8,135.0,292.5,192.7,276.25
1082,161.0,144.0,57.0,211.5,118.9,161.5
1083,66.5,60.8,135.0,171.0,82.0,85.0
1084,157.5,144.0,57.0,171.0,118.9,85.0
1085,66.5,60.8,135.0,252.0,192.7,123.25
1086,157.5,144.0,57.0,405.0,82.0,238.0
1087,66.5,60.8,135.0,171.0,266.5,391.0
1088,157.5,144.0,57.0,414.0,487.9,620.5
1089,66.5,60.8,135.0,657.0,266.5,352.75
1090,157.5,144.0,57.0,900.0,487.9,85.0
1091,66.5,60.8,135.0,657.0,266.5,314.5
1092,157.5,144.0,57.0,405.0,487.9,544.0
1093,66.5,60.8,135.0,130.5,266.5,276.25
1094,157.5,144.0,57.0,373.5,487.9,505.75
1095,66.5,60.8,135.0,616.5,266.5,276.25
1096,157.5,144.0,57.0,859.5,487.9,505.75
1097,66.5,60.8,135.0,616.5,672.4,658.75
1098,157.5,144.0,43.5,778.5,746.1999999999999,811.75
1099,66.5,60.8,111.0,859.5,783.1,850.0
1100,157.5,144.0,178.5,900.0,820.0,850.0
1101,66.5,60.8,246.0,778.5,746.1999999999999,811.75
1102,157.5,144.0,300.0,697.5,635.5,697.0
1103,239.75,219.20000000000002,219.0,535.5,487.9,544.0
1104,145.25,132.8,135.0,405.0,370.0,429.25
1105,66.5,60.8,57.0,292.5,192.7,276.25
1106,157.5,144.0,135.0,171.0,118.9,161.5
1107,66.5,60.8,57.0,130.5,82.0,85.0
1108,157.5,144.0,135.0,171.0,82.0,85.0
1109,66.5,60.8,57.0,252.0,155.8,123.25
1110,157.5,144.0,135.0,405.0,303.4,238.0
1111,66.5,60.8,57.0,130.5,118.9,391.0
1112,157.5,144.0,135.0,373.5,340.3,123.25
1113,66.5,60.8,57.0,130.5,118.9,352.75
1114,157.5,144.0,135.0,373.5,340.3,582.25
1115,66.5,60.8,57.0,171.0,118.9,314.5
1116,157.5,144.0,135.0,414.0,340.3,544.0
1117,66.5,60.8,57.0,657.0,118.9,276.25
1118,157.5,144.0,135.0,414.0,340.3,505.75
1119,66.5,60.8,57.0,171.0,561.7,735.25
1120,157.5,144.0,135.0,414.0,783.1,467.5
1121,66.5,60.8,57.0,657.0,561.7,620.5
1122,157.5,144.0,135.0,819.0,709.3,773.5
1123,66.5,60.8,57.0,859.5,820.0,850.0
1124,157.5,144.0,135.0,900.0,783.1,850.0
1125,66.5,219.20000000000002,205.5,778.5,709.3,850.0
1126,157.5,291.2,273.0,657.0,598.6,735.25
1127,239.75,204.8,192.0,535.5,487.9,620.5
1128,157.5,118.4,124.5,414.0,340.3,467.5
1129,66.5,60.8,57.0,333.0,229.6,352.75
1130,157.5,144.0,135.0,252.0,118.9,238.0
1131,66.5,60.8,57.0,130.5,82.0,123.25
1132,157.5,144.0,135.0,90.0,82.0,85.0
1133,66.5,60.8,57.0,211.5,82.0,123.25
1134,157.5,144.0,135.0,373.5,192.7,238.0
1135,66.5,60.8,57.0,130.5,377.2,391.0
1136,157.5,144.0,135.0,373.5,155.8,123.25
1137,66.5,60.8,57.0,616.5,377.2,352.75
1138,157.5,144.0,135.0,373.5,598.6,85.0
1139,66.5,60.8,57.0,616.5,370.0,314.5
1140,157.5,144.0,135.0,373.5,118.9,544.0
1141,66.5,60.8,57.0,130.5,340.3,276.25
1142,157.5,144.0,135.0,373.5,118.9,505.75
1143,66.5,60.8,57.0,616.5,340.3,238.0
1144,157.5,144.0,135.0,859.5,561.7,467.5
1145,66.5,60.8,57.0,616.5,672.4,658.75
1146,157.5,144.0,135.0,778.5,783.1,773.5
1147,66.5,60.8,57.0,859.5,820.0,850.0
1148,157.5,144.0,135.0,900.0,820.0,850.0
1149,66.5,60.8,57.0,778.5,783.1,773.5
1150,157.5,144.0,135.0,616.5,672.4,658.75
1151,239.75,219.20000000000002,57.0,454.5,524.8,544.0
1152,157.5,132.8,135.0,292.5,370.0,391.0
1153,66.5,60.8,57.0,171.0,229.6,238.0
1154,157.5,144.0,135.0,90.0,155.8,123.25
1155,66.5,60.8,57.0,90.0,82.0,85.0
1156,157.5,144.0,135.0,130.5,82.0,85.0
1157,66.5,60.8,57.0,211.5,155.8,123.25
1158,157.5,144.0,135.0,373.5,266.5,238.0
1159,66.5,60.8,57.0,171.0,82.0,85.0
1160,157.5,144.0,135.0,414.0,303.4,314.5
1161,66.5,60.8,57.0,171.0,82.0,505.75
1162,157.5,144.0,135.0,414.0,303.4,238.0
1163,66.5,60.8,57.0,657.0,82.0,467.5
1164,157.5,144.0,135.0,405.0,303.4,199.75
1165,66.5,60.8,57.0,171.0,82.0,429.25
1166,157.5,144.0,135.0,414.0,303.4,658.75
1167,66.5,60.8,57.0,657.0,524.8,391.0
1168,157.5,144.0,135.0,900.0,746.1999999999999,620.5
1169,66.5,46.4,57.0,657.0,598.6,773.5
1170,157.5,118.4,135.0,819.0,709.3,850.0
1171,50.75,32.0,57.0,900.0,783.1,850.0
1172,129.5,104.0,135.0,900.0,783.1,811.75
1173,208.25,176.0,205.5,738.0,746.1999999999999,735.25
1174,287.0,248.0,135.0,616.5,709.3,620.5
1175,192.5,320.0,57.0,495.0,598.6,505.75
1176,255.5,233.6,135.0,414.0,414.09999999999997,382.5
1177,157.5,144.0,57.0,292.5,266.5,276.25
1178,66.5,60.8,135.0,130.5,155.8,161.5
1179,157.5,144.0,57.0,130.5,82.0,85.0
1180,66.5,60.8,135.0,171.0,82.0,85.0
1181,157.5,144.0,57.0,252.0,155.8,161.5
1182,66.5,60.8,135.0,405.0,266.5,85.0
1183,157.5,144.0,57.0,130.5,82.0,314.5
1184,66.5,60.8,135.0,373.5,303.4,544.0
1185,157.5,144.0,57.0,616.5,524.8,276.25
1186,66.5,60.8,135.0,405.0,746.1999999999999,505.75
1187,157.5,144.0,57.0,171.0,524.8,735.25
1188,66.5,60.8,135.0,414.0,303.4,467.5
1189,157.5,144.0,57.0,657.0,82.0,199.75
1190,66.5,60.8,135.0,405.0,303.4,429.25
1191,157.5,144.0,57.0,130.5,524.8,161.5
1192,66.5,60.8,135.0,373.5,746.1999999999999,391.0
1193,157.5,144.0,57.0,616.5,561.7,620.5
1194,50.75,60.8,135.0,778.5,709.3,773.5
1195,129.5,144.0,43.5,859.5,783.1,850.0
1196,208.25,60.8,111.0,778.5,820.0,811.75
1197,287.0,144.0,178.5,738.0,746.1999999999999,735.25
1198,350.0,219.20000000000002,246.0,616.5,635.5,658.75
1199,255.5,132.8,165.0,535.5,487.9,544.0
1200,157.5,60.8,84.0,405.0,377.2,391.0
1201,66.5,144.0,151.5,292.5,229.6,276.25
1202,157.5,60.8,70.5,252.0,155.8,161.5
1203,66.5,144.0,138.0,211.5,82.0,85.0
1204,157.5,60.8,57.0,211.5,82.0,85.0
1205,66.5,144.0,135.0,252.0,155.8,161.5
1206,157.5,60.8,57.0,405.0,266.5,85.0
1207,66.5,144.0,135.0,130.5,487.9,276.25
1208,157.5,60.8,57.0,373.5,266.5,505.75
1209,66.5,144.0,135.0,616.5,118.9,238.0
1210,157.5,60.8,57.0,405.0,340.3,467.5
1211,66.5,144.0,135.0,130.5,118.9,199.75
1212,157.5,60.8,57.0,373.5,340.3,429.25
1213,66.5,144.0,135.0,130.5,155.8,161.5
1214,157.5,60.8,57.0,373.5,377.2,391.0
1215,66.5,144.0,135.0,130.5,598.6,620.5
1216,157.5,46.4,57.0,373.5,820.0,850.0
1217,66.5,118.4,135.0,616.5,598.6,620.5
1218,157.5,190.4,43.5,778.5,709.3,735.25
1219,50.75,104.0,111.0,859.5,783.1,811.75
1220,129.5,176.0,178.5,900.0,820.0,850.0
1221,208.25,248.0,246.0,738.0,746.1999999999999,811.75
1222,287.0,320.0,300.0,495.0,635.5,697.0
1223,350.0,233.6,219.0,414.0,524.8,544.0
1224,255.5,144.0,135.0,373.5,414.09999999999997,352.75
1225,157.5,60.8,57.0,292.5,266.5,238.0
1226,66.5,144.0,135.0,171.0,155.8,123.25
1227,157.5,60.8,57.0,90.0,118.9,85.0
1228,66.5,144.0,135.0,90.0,82.0,85.0
1229,157.5,60.8,57.0,171.0,155.8,123.25
1230,66.5,144.0,135.0,333.0,82.0,238.0
1231,157.5,60.8,57.0,90.0,266.5,429.25
1232,66.5,144.0,135.0,333.0,487.9,161.5
1233,157.5,60.8,57.0,576.0,709.3,391.0
1234,66.5,144.0,135.0,819.0,487.9,123.25
1235,157.5,60.8,57.0,576.0,266.5,352.75
1236,66.5,144.0,135.0,333.0,487.9,85.0
1237,157.5,60.8,57.0,576.0,266.5,276.25
1238,66.5,144.0,135.0,333.0,487.9,505.75
1239,157.5,60.8,57.0,576.0,709.3,238.0
1240,50.75,144.0,135.0,819.0,487.9,467.5
1241,129.5,46.4,57.0,616.5,672.4,658.75
1242,35.0,118.4,135.0,778.5,783.1,773.5
1243,113.75,190.4,57.0,859.5,820.0,850.0
1244,192.5,104.0,135.0,900.0,783.1,850.0
1245,271.25,176.0,205.5,819.0,672.4,811.75
1246,350.0,248.0,259.5,738.0,598.6,697.0
1247,255.5,161.6,178.5,576.0,487.9,544.0
1248,157.5,75.2,97.5,373.5,370.0,429.25
1249,66.5,147.2,138.0,211.5,229.6,314.5
1250,157.5,60.8,57.0,171.0,155.8,199.75
1251,66.5,144.0,135.0,90.0,82.0,123.25
1252,157.5,60.8,57.0,130.5,82.0,85.0
1253,66.5,144.0,135.0,252.0,155.8,123.25
1254,157.5,60.8,57.0,405.0,266.5,238.0
1255,66.5,144.0,135.0,171.0,82.0,391.0
1256,157.5,60.8,57.0,414.0,303.4,123.25
1257,66.5,144.0,135.0,171.0,524.8,352.75
1258,157.5,60.8,57.0,414.0,746.1999999999999,85.0
1259,66.5,144.0,135.0,657.0,598.6,314.5
1260,157.5,60.8,57.0,405.0,370.0,85.0
1261,66.5,144.0,135.0,130.5,118.9,314.5
1262,157.5,60.8,57.0,373.5,340.3,544.0
1263,66.5,144.0,135.0,616.5,561.7,276.25
1264,157.5,60.8,57.0,859.5,783.1,505.75
1265,66.5,144.0,135.0,657.0,635.5,735.25
1266,157.5,60.8,57.0,819.0,746.1999999999999,811.75
1267,50.75,144.0,135.0,900.0,820.0,850.0
1268,129.5,60.8,57.0,900.0,820.0,850.0
1269,208.25,144.0,135.0,819.0,783.1,811.75
1270,287.0,60.8,57.0,778.5,672.4,697.0
1271,192.5,144.0,135.0,657.0,561.7,544.0
1272,98.0,219.20000000000002,57.0,535.5,451.0,429.25
1273,176.75,132.8,135.0,454.5,303.4,276.25
1274,255.5,60.8,57.0,405.0,155.8,161.5
1275,157.5,144.0,135.0,414.0,82.0,85.0
1276,66.5,60.8,57.0,211.5,82.0,85.0
1277,157.5,144.0,135.0,292.5,155.8,123.25
1278,66.5,60.8,57.0,414.0,82.0,238.0
1279,157.5,144.0,135.0,171.0,266.5,391.0
1280,66.5,60.8,57.0,414.0,487.9,123.25
1281,157.5,144.0,135.0,657.0,266.5,352.75
1282,66.5,60.8,57.0,405.0,487.9,85.0
1283,157.5,144.0,135.0,130.5,709.3,314.5
1284,66.5,60.8,57.0,373.5,487.9,544.0
1285,157.5,144.0,135.0,616.5,266.5,276.25
1286,66.5,60.8,57.0,859.5,487.9,85.0
1287,157.5,144.0,135.0,616.5,266.5,314.5
1288,50.75,60.8,43.5,859.5,487.9,544.0
1289,129.5,144.0,111.0,616.5,672.4,697.0
1290,208.25,60.8,30.0,738.0,783.1,811.75
1291,287.0,144.0,97.5,819.0,820.0,850.0
1292,192.5,60.8,165.0,859.5,783.1,850.0
1293,271.25,144.0,232.5,738.0,746.1999999999999,811.75
1294,350.0,60.8,300.0,697.5,635.5,697.0
1295,255.5,144.0,219.0,576.0,524.8,505.75
1296,157.5,60.8,138.0,405.0,414.09999999999997,352.75
1297,66.5,144.0,57.0,292.5,303.4,199.75
1298,157.5,60.8,135.0,211.5,155.8,123.25
1299,66.5,144.0,57.0,171.0,82.0,85.0
1300,157.5,60.8,135.0,171.0,82.0,85.0
1301,66.5,144.0,57.0,252.0,155.8,123.25
1302,157.5,60.8,135.0,405.0,266.5,238.0
1303,66.5,144.0,57.0,130.5,82.0,429.25
1304,157.5,60.8,135.0,333.0,303.4,161.5
1305,66.5,144.0,57.0,90.0,82.0,391.0
1306,157.5,60.8,135.0,333.0,303.4,620.5
1307,66.5,144.0,57.0,90.0,524.8,352.75
1308,157.5,60.8,135.0,333.0,303.4,85.0
1309,66.5,144.0,57.0,90.0,524.8,314.5
1310,157.5,60.8,135.0,333.0,303.4,544.0
1311,66.5,144.0,57.0,90.0,524.8,276.25
1312,157.5,46.4,135.0,333.0,746.1999999999999,505.75
1313,66.5,118.4,57.0,576.0,598.6,697.0
1314,157.5,190.4,135.0,738.0,746.1999999999999,773.5
1315,66.5,262.4,57.0,819.0,820.0,811.75
1316,157.5,176.0,135.0,900.0,783.1,811.75
1317,66.5,89.6,57.0,859.5,709.3,773.5
1318,157.5,161.6,135.0,697.5,635.5,658.75
1319,50.75,233.6,205.5,495.0,451.0,544.0
1320,129.5,144.0,124.5,373.5,340.3,382.5
1321,35.0,60.8,57.0,252.0,192.7,238.0
1322,113.75,144.0,135.0,211.5,118.9,199.75
1323,192.5,60.8,57.0,130.5,82.0,85.0
1324,98.0,144.0,135.0,211.5,118.9,85.0
1325,176.75,60.8,57.0,90.0,192.7,161.5
1326,82.25,144.0,135.0,252.0,303.4,238.0
1327,161.0,60.8,57.0,454.5,82.0,391.0
1328,66.5,144.0,135.0,211.5,303.4,123.25
1329,157.5,60.8,57.0,454.5,524.8,352.75
1330,66.5,144.0,135.0,211.5,303.4,85.0
1331,157.5,60.8,57.0,454.5,524.8,314.5
1332,66.5,144.0,135.0,211.5,303.4,544.0
1333,157.5,60.8,57.0,454.5,82.0,276.25
1334,66.5,144.0,135.0,211.5,303.4,505.75
1335,157.5,60.8,57.0,454.5,155.8,276.25
1336,50.75,144.0,135.0,697.5,377.2,505.75
1337,129.5,60.8,43.5,900.0,598.6,658.75
1338,35.0,144.0,111.0,657.0,746.1999999999999,811.75
1339,113.75,46.4,178.5,738.0,820.0,850.0
1340,192.5,118.4,246.0,778.5,783.1,850.0
1341,271.25,190.4,300.0,738.0,783.1,773.5
1342,350.0,248.0,219.0,616.5,635.5,658.75
1343,255.5,161.6,135.0,495.0,524.8,544.0
1344,157.5,75.2,43.5,373.5,370.0,382.5
1345,66.5,147.2,84.0,211.5,266.5,238.0
1346,157.5,60.8,151.5,130.5,155.8,123.25
1347,66.5,144.0,70.5,90.0,118.9,85.0
1348,157.5,60.8,138.0,130.5,118.9,85.0
1349,66.5,144.0,57.0,211.5,192.7,161.5
1350,157.5,60.8,135.0,373.5,370.0,276.25
1351,66.5,144.0,57.0,171.0,118.9,85.0
1352,157.5,60.8,135.0,414.0,340.3,314.5
1353,66.5,144.0,57.0,657.0,561.7,544.0
1354,157.5,60.8,135.0,405.0,783.1,276.25
1355,66.5,144.0,57.0,130.5,561.7,505.75
1356,157.5,60.8,135.0,373.5,783.1,238.0
1357,66.5,144.0,57.0,130.5,561.7,467.5
1358,157.5,60.8,135.0,373.5,340.3,199.75
1359,66.5,144.0,57.0,616.5,561.7,429.25
1360,157.5,46.4,135.0,859.5,783.1,658.75
1361,66.5,118.4,57.0,616.5,635.5,850.0
1362,157.5,190.4,135.0,778.5,746.1999999999999,735.25
1363,50.75,104.0,57.0,900.0,820.0,811.75
1364,129.5,176.0,135.0,819.0,820.0,850.0
1365,208.25,248.0,205.5,697.5,783.1,811.75
1366,287.0,320.0,135.0,616.5,672.4,735.25
1367,350.0,233.6,205.5,535.5,487.9,620.5
1368,255.5,144.0,124.5,405.0,340.3,429.25
1369,161.0,60.8,57.0,292.5,192.7,314.5
1370,66.5,144.0,135.0,171.0,118.9,199.75
1371,157.5,60.8,57.0,90.0,82.0,161.5
1372,66.5,144.0,135.0,90.0,82.0,85.0
1373,157.5,60.8,57.0,130.5,155.8,161.5
1374,66.5,144.0,135.0,292.5,303.4,85.0
1375,157.5,60.8,57.0,90.0,118.9,276.25
1376,66.5,144.0,135.0,333.0,340.3,505.75
1377,157.5,60.8,57.0,576.0,561.7,238.0
1378,66.5,144.0,135.0,333.0,783.1,467.5
1379,157.5,60.8,57.0,90.0,561.7,697.0
1380,66.5,144.0,135.0,333.0,340.3,429.25
1381,157.5,60.8,57.0,576.0,118.9,161.5
1382,66.5,144.0,135.0,819.0,340.3,391.0
1383,157.5,60.8,57.0,576.0,561.7,620.5
1384,66.5,144.0,135.0,333.0,783.1,850.0
1385,157.5,60.8,57.0,576.0,561.7,582.25
1386,66.5,144.0,135.0,738.0,709.3,735.25
1387,157.5,60.8,43.5,859.5,746.1999999999999,811.75
1388,66.5,144.0,111.0,900.0,746.1999999999999,773.5
1389,157.5,60.8,178.5,819.0,672.4,697.0
1390,66.5,144.0,246.0,616.5,598.6,582.25
1391,157.5,219.20000000000002,165.0,454.5,487.9,467.5
1392,66.5,132.8,219.0,252.0,370.0,352.75
1393,157.5,60.8,135.0,171.0,266.5,238.0
1394,66.5,144.0,57.0,130.5,155.8,123.25
1395,157.5,60.8,135.0,90.0,82.0,85.0
1396,66.5,144.0,57.0,90.0,82.0,85.0
1397,157.5,60.8,135.0,211.5,118.9,123.25
1398,66.5,144.0,57.0,373.5,229.6,199.75
1399,157.5,60.8,135.0,130.5,414.09999999999997,85.0
1400,66.5,144.0,57.0,373.5,598.6,314.5
1401,157.5,60.8,135.0,130.5,370.0,505.75
1402,66.5,144.0,57.0,373.5,118.9,238.0
1403,157.5,60.8,135.0,130.5,340.3,467.5
1404,66.5,144.0,57.0,373.5,118.9,697.0
1405,157.5,60.8,135.0,616.5,340.3,429.25
1406,66.5,144.0,57.0,373.5,118.9,161.5
1407,157.5,60.8,135.0,616.5,340.3,391.0
1408,66.5,144.0,57.0,859.5,561.7,620.5
1409,157.5,60.8,135.0,616.5,709.3,773.5
1410,66.5,144.0,43.5,778.5,783.1,850.0
1411,157.5,60.8,111.0,859.5,820.0,850.0
1412,50.75,144.0,178.5,900.0,820.0,850.0
1413,129.5,60.8,246.0,778.5,783.1,811.75
1414,208.25,144.0,165.0,576.0,709.3,658.75
1415,113.75,219.20000000000002,84.0,405.0,598.6,505.75
1416,192.5,132.8,138.0,292.5,414.09999999999997,382.5
1417,98.0,60.8,57.0,171.0,303.4,238.0
1418,176.75,144.0,135.0,130.5,192.7,161.5
1419,255.5,60.8,57.0,90.0,155.8,85.0
1420,157.5,144.0,135.0,90.0,118.9,85.0
1421,66.5,60.8,57.0,171.0,229.6,123.25
1422,157.5,144.0,135.0,333.0,370.0,238.0
1423,66.5,60.8,57.0,90.0,118.9,429.25
1424,157.5,144.0,135.0,333.0,340.3,161.5
1425,66.5,60.8,57.0,90.0,118.9,391.0
1426,157.5,144.0,135.0,333.0,340.3,123.25
1427,66.5,60.8,57.0,90.0,118.9,352.75
1428,157.5,144.0,135.0,333.0,340.3,582.25
1429,66.5,60.8,57.0,90.0,192.7,314.5
1430,157.5,144.0,135.0,333.0,414.09999999999997,544.0
1431,66.5,60.8,57.0,576.0,192.7,276.25
1432,157.5,144.0,135.0,819.0,414.09999999999997,505.75
1433,66.5,60.8,57.0,657.0,635.5,658.75
1434,157.5,144.0,135.0,819.0,783.1,773.5
1435,66.5,60.8,43.5,900.0,820.0,850.0
1436,157.5,144.0,111.0,738.0,820.0,850.0
1437,66.5,60.8,178.5,576.0,746.1999999999999,773.5
1438,157.5,144.0,246.0,495.0,672.4,697.0
1439,239.75,219.20000000000002,165.0,373.5,561.7,544.0
1440,157.5,147.2,84.0,252.0,414.09999999999997,391.0
1441,66.5,60.8,138.0,171.0,303.4,276.25
1442,157.5,144.0,57.0,90.0,192.7,199.75
1443,66.5,60.8,135.0,90.0,82.0,123.25
1444,157.5,144.0,57.0,130.5,82.0,85.0
1445,66.5,60.8,135.0,211.5,82.0,123.25
1446,157.5,144.0,57.0,333.0,192.7,238.0
1447,66.5,60.8,135.0,90.0,377.2,391.0
1448,157.5,144.0,57.0,333.0,155.8,123.25
1449,66.5,60.8,135.0,90.0,377.2,352.75
1450,157.5,144.0,57.0,333.0,155.8,582.25
1451,66.5,60.8,135.0,576.0,377.2,811.75
1452,157.5,144.0,57.0,333.0,598.6,544.0
1453,66.5,60.8,135.0,576.0,370.0,773.5
1454,157.5,144.0,57.0,333.0,118.9,505.75
1455,66.5,60.8,135.0,90.0,266.5,276.25
1456,157.5,144.0,43.5,333.0,487.9,505.75
1457,50.75,60.8,111.0,576.0,635.5,697.0
1458,129.5,144.0,30.0,738.0,783.1,811.75
1459,35.0,60.8,97.5,819.0,820.0,850.0
1460,113.75,144.0,165.0,859.5,820.0,811.75
1461,192.5,60.8,232.5,819.0,783.1,735.25
1462,271.25,144.0,300.0,738.0,709.3,620.5
1463,350.0,219.20000000000002,219.0,657.0,561.7,505.75
1464,255.5,144.0,135.0,535.5,377.2,391.0
1465,157.5,60.8,57.0,405.0,266.5,276.25
1466,66.5,144.0,135.0,292.5,155.8,161.5
1467,157.5,60.8,57.0,130.5,82.0,123.25
1468,66.5,144.0,135.0,130.5,82.0,85.0
1469,157.5,60.8,57.0,211.5,118.9,123.25
1470,66.5,144.0,135.0,373.5,192.7,85.0
1471,157.5,60.8,57.0,130.5,377.2,276.25
1472,66.5,144.0,135.0,373.5,155.8,505.75
1473,157.5,60.8,57.0,616.5,377.2,238.0
1474,66.5,144.0,135.0,373.5,598.6,467.5
1475,157.5,60.8,57.0,130.5,370.0,199.75
1476,66.5,144.0,135.0,373.5,118.9,429.25
1477,157.5,60.8,57.0,616.5,303.4,658.75
1478,66.5,144.0,135.0,859.5,82.0,391.0
1479,157.5,60.8,57.0,616.5,303.4,620.5
1480,50.75,144.0,135.0,859.5,524.8,850.0
1481,129.5,60.8,57.0,657.0,709.3,582.25
1482,208.25,144.0,135.0,778.5,820.0,735.25
1483,113.75,60.8,43.5,819.0,783.1,850.0
1484,192.5,144.0,111.0,859.5,746.1999999999999,850.0
1485,271.25,60.8,178.5,738.0,709.3,811.75
1486,350.0,144.0,246.0,616.5,635.5,697.0
1487,255.5,219.20000000000002,300.0,495.0,524.8,544.0
1488,157.5,132.8,219.0,373.5,370.0,429.25
1489,66.5,60.8,135.0,252.0,229.6,276.25
1490,157.5,144.0,57.0,130.5,155.8,161.5
1491,66.5,60.8,135.0,90.0,82.0,85.0
1492,157.5,144.0,57.0,90.0,82.0,123.25
1493,66.5,60.8,135.0,171.0,155.8,85.0
1494,157.5,144.0,57.0,333.0,82.0,238.0
1495,66.5,60.8,135.0,90.0,266.5,429.25
1496,157.5,144.0,57.0,333.0,487.9,658.75
1497,66.5,60.8,135.0,90.0,266.5,391.0
1498,157.5,144.0,57.0,333.0,487.9,620.5
1499,66.5,60.8,135.0,90.0,709.3,352.75
1500,157.5,144.0,57.0,333.0,487.9,85.0
1501,66.5,60.8,135.0,576.0,709.3,314.5
1502,157.5,144.0,57.0,333.0,487.9,544.0
1503,66.5,60.8,135.0,90.0,266.5,773.5
1504,157.5,144.0,43.5,333.0,487.9,505.75
1505,66.5,60.8,111.0,576.0,672.4,697.0
1506,157.5,144.0,178.5,738.0,783.1,811.75
1507,66.5,60.8,246.0,819.0,820.0,850.0
1508,157.5,144.0,165.0,900.0,820.0,850.0
1509,239.75,60.8,232.5,819.0,746.1999999999999,735.25
1510,145.25,144.0,300.0,616.5,635.5,620.5
1511,66.5,219.20000000000002,219.0,535.5,487.9,467.5
1512,157.5,147.2,135.0,373.5,340.3,352.75
1513,66.5,60.8,57.0,171.0,229.6,238.0
1514,157.5,144.0,135.0,90.0,118.9,123.25
1515,66.5,60.8,57.0,90.0,82.0,85.0
1516,157.5,144.0,135.0,90.0,118.9,85.0
1517,66.5,60.8,57.0,130.5,192.7,123.25
1518,157.5,144.0,135.0,292.5,303.4,238.0
1519,66.5,60.8,57.0,90.0,82.0,391.0
1520,157.5,144.0,135.0,333.0,303.4,123.25
1521,66.5,60.8,57.0,90.0,82.0,352.75
1522,157.5,144.0,135.0,333.0,303.4,85.0
1523,66.5,60.8,57.0,90.0,82.0,314.5
1524,157.5,144.0,135.0,333.0,303.4,544.0
1525,66.5,60.8,57.0,90.0,524.8,276.25
1526,157.5,144.0,135.0,333.0,303.4,505.75
1527,66.5,60.8,57.0,576.0,524.8,276.25
1528,157.5,144.0,135.0,819.0,746.1999999999999,505.75
1529,50.75,60.8,57.0,616.5,635.5,697.0
1530,129.5,144.0,135.0,778.5,746.1999999999999,811.75
1531,208.25,60.8,57.0,900.0,783.1,850.0
1532,113.75,144.0,135.0,900.0,820.0,811.75
1533,192.5,219.20000000000002,205.5,819.0,746.1999999999999,735.25
1534,271.25,132.8,273.0,738.0,635.5,620.5
1535,350.0,60.8,192.0,657.0,524.8,467.5
1536,255.5,144.0,124.5,495.0,377.2,382.5
1537,157.5,60.8,57.0,405.0,266.5,276.25
1538,66.5,144.0,135.0,252.0,192.7,161.5
1539,157.5,60.8,57.0,130.5,118.9,85.0
1540,66.5,144.0,135.0,90.0,155.8,85.0
1541,157.5,60.8,57.0,171.0,229.6,123.25
1542,66.5,144.0,135.0,292.5,370.0,238.0
1543,157.5,60.8,57.0,535.5,118.9,391.0
1544,66.5,144.0,135.0,778.5,340.3,123.25
1545,157.5,60.8,57.0,535.5,561.7,352.75
1546,66.5,144.0,135.0,778.5,340.3,85.0
1547,157.5,60.8,57.0,535.5,118.9,314.5
1548,66.5,144.0,135.0,292.5,340.3,544.0
1549,157.5,60.8,57.0,535.5,118.9,276.25
1550,66.5,144.0,135.0,292.5,340.3,505.75
1551,157.5,60.8,43.5,535.5,561.7,735.25
1552,50.75,144.0,111.0,778.5,783.1,467.5
1553,129.5,60.8,30.0,616.5,598.6,658.75
1554,35.0,144.0,97.5,778.5,746.1999999999999,773.5
1555,113.75,46.4,165.0,859.5,820.0,850.0
1556,192.5,118.4,232.5,900.0,783.1,850.0
1557,98.0,190.4,300.0,900.0,746.1999999999999,773.5
1558,176.75,262.4,219.0,859.5,672.4,658.75
1559,82.25,176.0,135.0,616.5,561.7,544.0
1560,161.0,89.6,57.0,373.5,451.0,391.0
1561,66.5,161.6,135.0,292.5,340.3,238.0
1562,157.5,233.6,57.0,211.5,229.6,123.25
1563,66.5,144.0,135.0,171.0,192.7,85.0
1564,157.5,60.8,57.0,211.5,155.8,85.0
1565,66.5,144.0,135.0,252.0,229.6,123.25
1566,157.5,60.8,57.0,405.0,370.0,238.0
1567,66.5,144.0,135.0,171.0,155.8,429.25
1568,157.5,60.8,57.0,414.0,377.2,161.5
1569,66.5,144.0,135.0,171.0,598.6,391.0
1570,157.5,60.8,57.0,414.0,370.0,620.5
1571,66.5,144.0,135.0,171.0,118.9,352.75
1572,157.5,60.8,57.0,414.0,340.3,85.0
1573,66.5,144.0,135.0,171.0,118.9,276.25
1574,157.5,60.8,57.0,414.0,340.3,505.75
1575,66.5,144.0,135.0,657.0,561.7,735.25
1576,157.5,46.4,43.5,900.0,783.1,467.5
1577,50.75,118.4,111.0,657.0,598.6,658.75
1578,129.5,32.0,178.5,819.0,746.1999999999999,811.75
1579,208.25,104.0,97.5,859.5,820.0,850.0
1580,113.75,176.0,165.0,900.0,783.1,811.75
1581,192.5,248.0,232.5,900.0,709.3,773.5
1582,271.25,320.0,300.0,819.0,598.6,620.5
1583,350.0,233.6,219.0,657.0,487.9,429.25
1584,255.5,144.0,135.0,495.0,340.3,314.5
1585,157.5,60.8,57.0,405.0,229.6,238.0
1586,66.5,144.0,135.0,292.5,118.9,123.25
1587,157.5,60.8,57.0,171.0,82.0,85.0
1588,66.5,144.0,135.0,90.0,82.0,123.25
1589,157.5,60.8,57.0,90.0,118.9,85.0
1590,66.5,144.0,135.0,171.0,266.5,238.0
1591,157.5,60.8,57.0,414.0,82.0,429.25
1592,66.5,144.0,135.0,171.0,303.4,161.5
1593,157.5,60.8,57.0,414.0,524.8,391.0
1594,66.5,144.0,135.0,657.0,370.0,123.25
1595,157.5,60.8,57.0,900.0,118.9,352.75
1596,66.5,144.0,135.0,657.0,340.3,582.25
1597,157.5,60.8,57.0,414.0,118.9,314.5
1598,66.5,144.0,135.0,657.0,340.3,544.0
1599,157.5,60.8,57.0,414.0,561.7,773.5
1600,66.5,144.0,135.0,657.0,783.1,544.0
1601,157.5,60.8,43.5,900.0,598.6,697.0
1602,66.5,144.0,111.0,697.5,709.3,850.0
1603,157.5,46.4,30.0,819.0,783.1,850.0
1604,66.5,118.4,97.5,859.5,820.0,850.0
1605,157.5,190.4,165.0,778.5,783.1,811.75
1606,66.5,104.0,232.5,576.0,635.5,735.25
1607,157.5,161.6,151.5,454.5,524.8,582.25
1608,66.5,75.2,70.5,333.0,377.2,429.25
1609,157.5,147.2,135.0,211.5,229.6,276.25
1610,66.5,60.8,57.0,130.5,155.8,161.5
1611,157.5,144.0,135.0,90.0,118.9,85.0
1612,66.5,60.8,57.0,130.5,82.0,85.0
1613,157.5,144.0,135.0,211.5,82.0,123.25
1614,66.5,60.8,57.0,373.5,192.7,238.0
1615,157.5,144.0,135.0,171.0,377.2,391.0
1616,66.5,60.8,57.0,414.0,155.8,123.25
1617,157.5,144.0,135.0,657.0,377.2,352.75
1618,66.5,60.8,57.0,414.0,155.8,85.0
1619,157.5,144.0,135.0,657.0,377.2,314.5
1620,66.5,60.8,57.0,405.0,598.6,544.0
1621,157.5,144.0,135.0,130.5,370.0,276.25
1622,66.5,60.8,57.0,373.5,118.9,505.75
1623,157.5,144.0,135.0,616.5,303.4,276.25
1624,50.75,60.8,43.5,859.5,524.8,505.75
1625,129.5,144.0,111.0,616.5,709.3,697.0
1626,35.0,60.8,178.5,778.5,820.0,811.75
1627,113.75,144.0,97.5,859.5,820.0,850.0
1628,192.5,60.8,165.0,900.0,820.0,811.75
1629,271.25,144.0,84.0,778.5,746.1999999999999,773.5
1630,350.0,60.8,151.5,535.5,672.4,658.75
1631,255.5,144.0,219.0,414.0,524.8,467.5
1632,157.5,60.8,135.0,333.0,340.3,314.5
1633,66.5,144.0,57.0,211.5,192.7,161.5
1634,157.5,60.8,135.0,130.5,118.9,85.0
1635,66.5,144.0,57.0,90.0,82.0,85.0
1636,157.5,60.8,135.0,130.5,82.0,85.0
1637,66.5,144.0,57.0,211.5,82.0,123.25
1638,157.5,60.8,135.0,333.0,192.7,199.75
1639,66.5,144.0,57.0,90.0,377.2,352.75
1640,157.5,60.8,135.0,333.0,598.6,85.0
1641,66.5,144.0,57.0,576.0,370.0,314.5
1642,157.5,60.8,135.0,373.5,118.9,544.0
1643,66.5,144.0,57.0,616.5,303.4,276.25
1644,157.5,60.8,135.0,373.5,82.0,505.75
1645,66.5,144.0,57.0,130.5,303.4,276.25
1646,157.5,60.8,135.0,373.5,82.0,505.75
1647,66.5,144.0,57.0,616.5,266.5,735.25
1648,157.5,46.4,135.0,373.5,487.9,467.5
1649,66.5,118.4,57.0,616.5,672.4,620.5
1650,157.5,190.4,135.0,778.5,820.0,773.5
1651,66.5,104.0,57.0,859.5,783.1,850.0
1652,157.5,176.0,135.0,819.0,820.0,735.25
1653,66.5,89.6,57.0,778.5,783.1,697.0
1654,157.5,161.6,135.0,697.5,709.3,582.25
1655,239.75,233.6,57.0,616.5,561.7,429.25
1656,145.25,144.0,135.0,495.0,377.2,276.25
1657,66.5,60.8,57.0,414.0,266.5,161.5
1658,157.5,144.0,135.0,405.0,155.8,123.25
1659,66.5,60.8,57.0,252.0,82.0,85.0
1660,157.5,144.0,135.0,171.0,82.0,123.25
1661,66.5,60.8,57.0,252.0,155.8,199.75
1662,157.5,144.0,135.0,373.5,82.0,314.5
1663,66.5,60.8,57.0,171.0,266.5,85.0
1664,157.5,144.0,135.0,405.0,487.9,314.5
1665,66.5,60.8,57.0,130.5,266.5,544.0
1666,157.5,144.0,135.0,373.5,487.9,276.25
1667,66.5,60.8,57.0,616.5,709.3,505.75
1668,157.5,144.0,135.0,373.5,487.9,238.0
1669,66.5,60.8,57.0,616.5,266.5,467.5
1670,157.5,144.0,135.0,373.5,82.0,697.0
1671,66.5,60.8,57.0,616.5,303.4,429.25
1672,157.5,144.0,135.0,859.5,524.8,658.75
1673,66.5,60.8,43.5,616.5,746.1999999999999,850.0
1674,157.5,144.0,111.0,778.5,820.0,773.5
1675,66.5,60.8,178.5,859.5,820.0,850.0
1676,157.5,144.0,246.0,900.0,820.0,811.75
1677,239.75,219.20000000000002,165.0,778.5,746.1999999999999,773.5
1678,157.5,291.2,232.5,616.5,635.5,658.75
1679,239.75,204.8,151.5,414.0,524.8,544.0
1680,145.25,118.4,70.5,292.5,370.0,391.0
1681,66.5,60.8,138.0,211.5,266.5,276.25
1682,157.5,144.0,57.0,130.5,155.8,161.5
1683,66.5,60.8,135.0,90.0,118.9,123.25
1684,157.5,144.0,57.0,90.0,82.0,85.0
1685,66.5,60.8,135.0,171.0,118.9,161.5
1686,157.5,144.0,57.0,333.0,82.0,276.25
1687,66.5,60.8,135.0,171.0,266.5,429.25
1688,157.5,144.0,57.0,414.0,487.9,161.5
1689,66.5,60.8,135.0,657.0,266.5,391.0
1690,157.5,144.0,57.0,405.0,487.9,123.25
1691,66.5,60.8,135.0,171.0,709.3,352.75
1692,157.5,144.0,57.0,414.0,487.9,85.0
1693,66.5,60.8,135.0,171.0,266.5,314.5
1694,157.5,144.0,57.0,414.0,487.9,544.0
1695,66.5,60.8,135.0,657.0,709.3,276.25
1696,157.5,144.0,57.0,900.0,487.9,505.75
1697,66.5,60.8,135.0,657.0,672.4,697.0
1698,157.5,144.0,57.0,819.0,783.1,811.75
1699,66.5,60.8,135.0,859.5,820.0,850.0
1700,157.5,144.0,57.0,900.0,783.1,811.75
1701,66.5,219.20000000000002,135.0,697.5,709.3,735.25
1702,157.5,132.8,57.0,616.5,598.6,658.75
1703,239.75,60.8,135.0,535.5,487.9,544.0
1704,145.25,144.0,57.0,333.0,370.0,382.5
1705,66.5,60.8,135.0,211.5,229.6,276.25
1706,157.5,144.0,57.0,130.5,155.8,161.5
1707,66.5,60.8,135.0,130.5,82.0,123.25
1708,157.5,144.0,57.0,171.0,82.0,85.0
1709,66.5,60.8,135.0,252.0,155.8,123.25
1710,157.5,144.0,57.0,405.0,303.4,85.0
1711,66.5,60.8,135.0,171.0,82.0,276.25
1712,157.5,144.0,57.0,414.0,303.4,505.75
1713,66.5,60.8,135.0,657.0,524.8,735.25
1714,157.5,144.0,57.0,414.0,303.4,467.5
1715,66.5,60.8,135.0,657.0,118.9,199.75
1716,157.5,144.0,57.0,405.0,340.3,429.25
1717,66.5,60.8,135.0,171.0,118.9,161.5
1718,157.5,144.0,57.0,414.0,340.3,391.0
1719,66.5,60.8,135.0,657.0,561.7,620.5
1720,157.5,144.0,57.0,900.0,783.1,850.0
1721,66.5,60.8,135.0,657.0,672.4,658.75
1722,157.5,144.0,57.0,778.5,783.1,773.5
1723,66.5,60.8,135.0,859.5,820.0,850.0
1724,157.5,144.0,57.0,819.0,820.0,811.75
1725,239.75,219.20000000000002,135.0,697.5,783.1,735.25
1726,318.5,291.2,205.5,616.5,635.5,620.5
1727,224.0,204.8,135.0,495.0,524.8,505.75
1728,129.5,118.4,57.0,405.0,370.0,382.5
1729,66.5,32.0,135.0,211.5,266.5,276.25
1730,157.5,104.0,57.0,90.0,192.7,199.75
1731,66.5,176.0,135.0,90.0,118.9,123.25
1732,157.5,89.6,57.0,130.5,82.0,85.0
1733,66.5,161.6,135.0,171.0,155.8,123.25
1734,157.5,233.6,57.0,333.0,266.5,199.75
1735,66.5,144.0,135.0,90.0,118.9,391.0
1736,157.5,60.8,57.0,292.5,340.3,123.25
1737,66.5,144.0,135.0,535.5,155.8,352.75
1738,157.5,60.8,57.0,292.5,377.2,582.25
1739,66.5,144.0,135.0,535.5,598.6,811.75
1740,157.5,60.8,57.0,292.5,377.2,544.0
1741,66.5,144.0,135.0,535.5,155.8,773.5
1742,157.5,60.8,57.0,292.5,377.2,505.75
1743,66.5,144.0,135.0,535.5,598.6,735.25
1744,157.5,60.8,57.0,292.5,820.0,467.5
1745,66.5,144.0,135.0,535.5,598.6,658.75
1746,157.5,60.8,57.0,738.0,709.3,773.5
1747,66.5,144.0,135.0,859.5,783.1,850.0
1748,157.5,60.8,205.5,900.0,820.0,811.75
1749,66.5,144.0,273.0,697.5,746.1999999999999,735.25
1750,157.5,219.20000000000002,205.5,576.0,635.5,658.75
1751,50.75,144.0,135.0,454.5,561.7,544.0
1752,129.5,60.8,57.0,333.0,414.09999999999997,429.25
1753,66.5,144.0,135.0,211.5,303.4,276.25
1754,157.5,60.8,57.0,130.5,192.7,161.5
1755,66.5,144.0,135.0,90.0,82.0,85.0
1756,157.5,60.8,57.0,90.0,118.9,85.0
1757,66.5,144.0,135.0,171.0,155.8,123.25
1758,157.5,60.8,57.0,333.0,303.4,85.0
1759,66.5,144.0,135.0,90.0,82.0,276.25
1760,157.5,60.8,57.0,333.0,303.4,505.75
1761,66.5,144.0,135.0,576.0,524.8,238.0
1762,157.5,60.8,57.0,333.0,303.4,467.5
1763,66.5,144.0,135.0,90.0,524.8,199.75
1764,157.5,60.8,57.0,333.0,303.4,429.25
1765,66.5,144.0,135.0,576.0,118.9,161.5
1766,157.5,60.8,57.0,333.0,340.3,391.0
1767,66.5,144.0,135.0,576.0,561.7,620.5
1768,157.5,46.4,43.5,819.0,340.3,850.0
1769,66.5,118.4,111.0,576.0,561.7,582.25
1770,157.5,32.0,30.0,697.5,746.1999999999999,735.25
1771,66.5,104.0,97.5,819.0,783.1,850.0
1772,157.5,176.0,165.0,738.0,820.0,850.0
1773,66.5,248.0,232.5,616.5,783.1,811.75
1774,157.5,320.0,151.5,576.0,598.6,697.0
1775,66.5,233.6,219.0,454.5,414.09999999999997,582.25
1776,157.5,144.0,135.0,292.5,303.4,429.25
1777,66.5,60.8,57.0,211.5,229.6,276.25
1778,157.5,144.0,135.0,90.0,118.9,123.25
1779,66.5,60.8,57.0,90.0,118.9,85.0
1780,157.5,144.0,135.0,130.5,82.0,85.0
1781,66.5,60.8,57.0,211.5,155.8,161.5
1782,157.5,144.0,135.0,373.5,82.0,276.25
1783,66.5,60.8,57.0,171.0,266.5,429.25
1784,157.5,144.0,135.0,414.0,451.0,161.5
1785,66.5,60.8,57.0,657.0,229.6,391.0
1786,157.5,144.0,135.0,405.0,451.0,123.25
1787,66.5,60.8,57.0,211.5,229.6,352.75
1788,157.5,144.0,135.0,454.5,451.0,85.0
1789,66.5,60.8,57.0,697.5,229.6,314.5
1790,157.5,144.0,135.0,454.5,451.0,544.0
1791,66.5,60.8,57.0,211.5,229.6,773.5
1792,157.5,144.0,135.0,454.5,451.0,505.75
1793,66.5,46.4,57.0,697.5,672.4,697.0
1794,157.5,118.4,135.0,819.0,783.1,811.75
1795,66.5,32.0,57.0,859.5,820.0,850.0
1796,157.5,104.0,135.0,778.5,783.1,811.75
1797,239.75,176.0,57.0,697.5,709.3,735.25
1798,318.5,89.6,135.0,616.5,635.5,658.75
1799,239.75,161.6,43.5,454.5,524.8,544.0
1800,145.25,75.2,111.0,414.0,414.09999999999997,391.0
1801,66.5,147.2,57.0,333.0,303.4,276.25
1802,157.5,60.8,135.0,252.0,192.7,161.5
1803,66.5,144.0,57.0,171.0,118.9,85.0
1804,157.5,60.8,135.0,90.0,82.0,85.0
1805,66.5,144.0,57.0,130.5,82.0,161.5
1806,157.5,60.8,135.0,252.0,192.7,314.5
1807,66.5,144.0,57.0,454.5,377.2,85.0
1808,157.5,60.8,135.0,211.5,598.6,314.5
1809,66.5,144.0,57.0,454.5,377.2,544.0
1810,157.5,60.8,135.0,211.5,598.6,773.5
1811,66.5,144.0,57.0,454.5,377.2,505.75
1812,157.5,60.8,135.0,211.5,598.6,238.0
1813,66.5,144.0,57.0,454.5,370.0,467.5
1814,157.5,60.8,135.0,211.5,118.9,238.0
1815,66.5,144.0,57.0,454.5,340.3,467.5
1816,157.5,60.8,135.0,697.5,561.7,697.0
1817,66.5,144.0,57.0,900.0,709.3,850.0
1818,157.5,60.8,135.0,657.0,783.1,735.25
1819,66.5,144.0,57.0,778.5,820.0,811.75
1820,157.5,60.8,135.0,859.5,820.0,811.75
1821,66.5,144.0,57.0,738.0,746.1999999999999,773.5
1822,157.5,60.8,135.0,616.5,635.5,658.75
1823,239.75,144.0,205.5,495.0,524.8,544.0
1824,145.25,46.4,124.5,405.0,370.0,391.0
1825,66.5,118.4,57.0,252.0,266.5,276.25
1826,157.5,60.8,135.0,90.0,155.8,199.75
1827,66.5,144.0,57.0,90.0,82.0,123.25
1828,157.5,60.8,135.0,130.5,82.0,85.0
1829,66.5,144.0,57.0,211.5,118.9,161.5
1830,157.5,60.8,135.0,90.0,229.6,276.25
1831,66.5,144.0,57.0,292.5,377.2,467.5
1832,157.5,60.8,135.0,535.5,598.6,199.75
1833,66.5,144.0,57.0,292.5,820.0,429.25
1834,157.5,60.8,135.0,535.5,598.6,658.75
1835,66.5,144.0,57.0,292.5,377.2,391.0
1836,157.5,60.8,135.0,535.5,598.6,123.25
1837,66.5,144.0,57.0,292.5,370.0,352.75
1838,157.5,60.8,135.0,535.5,118.9,85.0
1839,66.5,144.0,57.0,292.5,266.5,238.0
1840,157.5,60.8,135.0,535.5,487.9,467.5
1841,66.5,144.0,57.0,738.0,672.4,697.0
1842,157.5,60.8,135.0,900.0,783.1,811.75
1843,50.75,144.0,57.0,738.0,820.0,850.0
1844,129.5,60.8,135.0,778.5,783.1,850.0
1845,208.25,144.0,205.5,778.5,746.1999999999999,811.75
1846,287.0,60.8,135.0,697.5,672.4,697.0
1847,192.5,144.0,205.5,616.5,524.8,544.0
1848,255.5,60.8,124.5,495.0,370.0,429.25
1849,157.5,144.0,57.0,405.0,229.6,276.25
1850,66.5,60.8,135.0,292.5,155.8,161.5
1851,157.5,144.0,57.0,211.5,118.9,85.0
1852,66.5,60.8,135.0,90.0,82.0,85.0
1853,157.5,144.0,57.0,171.0,118.9,123.25
1854,66.5,60.8,135.0,252.0,229.6,199.75
1855,157.5,144.0,57.0,454.5,414.09999999999997,382.5
1856,66.5,60.8,135.0,211.5,192.7,123.25
1857,157.5,144.0,57.0,454.5,414.09999999999997,352.75
1858,66.5,60.8,135.0,211.5,192.7,582.25
1859,157.5,144.0,57.0,454.5,414.09999999999997,314.5
1860,66.5,60.8,135.0,697.5,635.5,544.0
1861,157.5,144.0,57.0,454.5,414.09999999999997,773.5
1862,66.5,60.8,135.0,211.5,635.5,505.75
1863,157.5,144.0,57.0,454.5,414.09999999999997,276.25
1864,50.75,60.8,135.0,697.5,635.5,505.75
1865,129.5,144.0,57.0,900.0,820.0,697.0
1866,35.0,60.8,135.0,738.0,672.4,811.75
1867,113.75,144.0,57.0,819.0,746.1999999999999,850.0
1868,192.5,60.8,135.0,859.5,746.1999999999999,850.0
1869,271.25,144.0,57.0,738.0,672.4,773.5
1870,350.0,219.20000000000002,135.0,616.5,598.6,658.75
1871,255.5,147.2,57.0,405.0,487.9,544.0
1872,157.5,60.8,135.0,292.5,340.3,391.0
1873,66.5,144.0,57.0,211.5,229.6,276.25
1874,157.5,60.8,135.0,130.5,118.9,161.5
1875,66.5,144.0,57.0,90.0,82.0,85.0
1876,157.5,60.8,135.0,90.0,82.0,85.0
1877,66.5,144.0,57.0,130.5,155.8,123.25
1878,157.5,60.8,135.0,292.5,266.5,238.0
1879,66.5,144.0,57.0,535.5,451.0,382.5
1880,157.5,60.8,135.0,292.5,635.5,123.25
1881,66.5,144.0,57.0,535.5,414.09999999999997,352.75
1882,157.5,60.8,135.0,778.5,192.7,85.0
1883,66.5,144.0,57.0,535.5,414.09999999999997,314.5
1884,157.5,60.8,135.0,292.5,635.5,85.0
1885,66.5,144.0,57.0,535.5,414.09999999999997,314.5
1886,157.5,60.8,135.0,778.5,192.7,544.0
1887,66.5,144.0,57.0,535.5,414.09999999999997,773.5
1888,157.5,60.8,135.0,778.5,635.5,505.75
1889,66.5,144.0,57.0,576.0,820.0,697.0
1890,157.5,60.8,135.0,738.0,672.4,811.75
1891,50.75,144.0,57.0,819.0,746.1999999999999,850.0
1892,129.5,60.8,135.0,859.5,746.1999999999999,811.75
1893,208.25,144.0,205.5,819.0,709.3,773.5
1894,287.0,219.20000000000002,135.0,697.5,635.5,658.75
1895,192.5,132.8,205.5,454.5,487.9,544.0
1896,98.0,60.8,135.0,333.0,340.3,382.5
1897,176.75,144.0,57.0,211.5,229.6,238.0
1898,82.25,60.8,135.0,130.5,155.8,161.5
1899,161.0,144.0,57.0,90.0,118.9,85.0
1900,66.5,60.8,135.0,130.5,82.0,85.0
1901,157.5,144.0,57.0,211.5,155.8,161.5
1902,66.5,60.8,135.0,333.0,303.4,276.25
1903,157.5,144.0,57.0,576.0,82.0,467.5
1904,66.5,60.8,135.0,333.0,303.4,199.75
1905,157.5,144.0,57.0,576.0,82.0,429.25
1906,66.5,60.8,135.0,333.0,303.4,161.5
1907,157.5,144.0,57.0,90.0,524.8,391.0
1908,66.5,60.8,135.0,333.0,303.4,620.5
1909,157.5,144.0,57.0,90.0,82.0,850.0
1910,66.5,60.8,135.0,333.0,303.4,582.25
1911,157.5,144.0,57.0,90.0,524.8,314.5
1912,50.75,60.8,135.0,333.0,746.1999999999999,544.0
1913,129.5,144.0,57.0,576.0,635.5,697.0
1914,35.0,60.8,135.0,738.0,783.1,811.75
1915,113.75,144.0,43.5,819.0,820.0,850.0
1916,192.5,60.8,111.0,859.5,820.0,850.0
1917,271.25,144.0,178.5,657.0,746.1999999999999,811.75
1918,176.75,60.8,246.0,576.0,635.5,697.0
1919,255.5,144.0,300.0,495.0,487.9,544.0
1920,161.0,219.20000000000002,219.0,405.0,340.3,382.5
1921,66.5,132.8,135.0,292.5,192.7,238.0
1922,157.5,60.8,57.0,211.5,118.9,123.25
1923,66.5,144.0,135.0,171.0,82.0,85.0
1924,157.5,60.8,57.0,211.5,82.0,85.0
1925,66.5,144.0,135.0,252.0,155.8,123.25
1926,157.5,60.8,57.0,405.0,303.4,238.0
1927,66.5,144.0,135.0,130.5,155.8,391.0
1928,157.5,60.8,57.0,373.5,370.0,161.5
1929,66.5,144.0,135.0,130.5,155.8,391.0
1930,157.5,60.8,57.0,373.5,377.2,620.5
1931,66.5,144.0,135.0,130.5,598.6,382.5
1932,157.5,60.8,57.0,373.5,370.0,123.25
1933,66.5,144.0,135.0,130.5,118.9,352.75
1934,157.5,60.8,57.0,373.5,340.3,85.0
1935,66.5,144.0,135.0,616.5,561.7,314.5
1936,157.5,60.8,57.0,859.5,783.1,544.0
1937,50.75,144.0,135.0,616.5,635.5,697.0
1938,129.5,60.8,43.5,778.5,783.1,811.75
1939,35.0,144.0,111.0,819.0,820.0,850.0
1940,113.75,60.8,178.5,900.0,783.1,811.75
1941,192.5,144.0,246.0,859.5,746.1999999999999,735.25
1942,271.25,60.8,300.0,657.0,635.5,620.5
1943,350.0,144.0,219.0,495.0,524.8,467.5
1944,255.5,60.8,135.0,414.0,370.0,314.5
1945,157.5,144.0,57.0,292.5,266.5,199.75
1946,66.5,60.8,135.0,130.5,155.8,123.25
1947,157.5,144.0,57.0,90.0,82.0,85.0
1948,66.5,60.8,135.0,130.5,82.0,85.0
1949,157.5,144.0,57.0,90.0,155.8,123.25
1950,66.5,60.8,135.0,211.5,266.5,238.0
1951,157.5,144.0,57.0,414.0,82.0,429.25
1952,66.5,60.8,135.0,657.0,303.4,161.5
1953,157.5,144.0,57.0,405.0,82.0,391.0
1954,66.5,60.8,135.0,171.0,303.4,123.25
1955,157.5,144.0,57.0,414.0,524.8,352.75
1956,66.5,60.8,135.0,657.0,303.4,85.0
1957,157.5,144.0,57.0,414.0,524.8,314.5
1958,66.5,60.8,135.0,171.0,746.1999999999999,544.0
1959,157.5,144.0,57.0,414.0,524.8,276.25
1960,50.75,46.4,135.0,657.0,746.1999999999999,505.75
1961,129.5,118.4,57.0,900.0,561.7,658.75
1962,35.0,190.4,135.0,738.0,672.4,773.5
1963,113.75,104.0,57.0,819.0,746.1999999999999,850.0
1964,192.5,176.0,135.0,859.5,783.1,850.0
1965,271.25,89.6,205.5,738.0,746.1999999999999,773.5
1966,350.0,161.6,273.0,616.5,635.5,658.75
1967,255.5,233.6,205.5,495.0,524.8,544.0
1968,157.5,144.0,138.0,333.0,377.2,391.0
1969,66.5,60.8,57.0,252.0,266.5,276.25
1970,157.5,144.0,135.0,171.0,155.8,161.5
1971,66.5,60.8,57.0,90.0,82.0,85.0
1972,157.5,144.0,135.0,90.0,82.0,85.0
1973,66.5,60.8,57.0,171.0,155.8,123.25
1974,157.5,144.0,135.0,333.0,82.0,238.0
1975,66.5,60.8,57.0,576.0,229.6,391.0
1976,157.5,144.0,135.0,333.0,451.0,123.25
1977,66.5,60.8,57.0,90.0,672.4,352.75
1978,157.5,144.0,135.0,333.0,451.0,85.0
1979,66.5,60.8,57.0,576.0,229.6,314.5
1980,157.5,144.0,135.0,819.0,451.0,544.0
1981,66.5,60.8,57.0,576.0,672.4,276.25
1982,157.5,144.0,135.0,333.0,451.0,505.75
1983,66.5,60.8,57.0,576.0,672.4,735.25
1984,157.5,144.0,135.0,819.0,451.0,467.5
1985,50.75,60.8,57.0,576.0,672.4,658.75
1986,129.5,144.0,135.0,697.5,783.1,773.5
1987,35.0,60.8,43.5,778.5,820.0,850.0
1988,113.75,144.0,111.0,819.0,783.1,850.0
1989,192.5,219.20000000000002,178.5,616.5,709.3,811.75
1990,271.25,132.8,246.0,454.5,635.5,697.0
1991,350.0,60.8,300.0,373.5,487.9,544.0
1992,255.5,144.0,219.0,292.5,340.3,391.0
1993,157.5,60.8,135.0,211.5,229.6,238.0
1994,66.5,144.0,57.0,130.5,118.9,123.25
1995,157.5,60.8,135.0,90.0,82.0,85.0
1996,66.5,144.0,57.0,130.5,118.9,85.0
1997,157.5,60.8,135.0,211.5,192.7,161.5
1998,66.5,144.0,57.0,373.5,303.4,276.25
1999,157.5,60.8,135.0,171.0,82.0,85.0
2000,66.5,144.0,57.0,414.0,303.4,276.25
2001,157.5,60.8,135.0,657.0,82.0,505.75
2002,66.5,144.0,57.0,900.0,303.4,735.25
2003,157.5,60.8,135.0,657.0,82.0,467.5
2004,66.5,144.0,57.0,405.0,303.4,199.75
2005,157.5,60.8,135.0,130.5,524.8,429.25
2006,66.5,144.0,57.0,373.5,303.4,161.5
2007,157.5,60.8,135.0,616.5,82.0,391.0
2008,66.5,144.0,43.5,859.5,303.4,620.5
2009,157.5,60.8,111.0,657.0,524.8,773.5
2010,66.5,144.0,30.0,778.5,709.3,850.0
2011,157.5,60.8,97.5,859.5,820.0,850.0
2012,66.5,144.0,165.0,900.0,783.1,811.75
2013,157.5,60.8,232.5,657.0,709.3,735.25
2014,239.75,144.0,300.0,576.0,598.6,658.75
2015,145.25,60.8,219.0,454.5,487.9,505.75
2016,66.5,144.0,138.0,292.5,340.3,382.5
2017,157.5,60.8,57.0,171.0,229.6,276.25
2018,66.5,144.0,135.0,90.0,118.9,161.5
2019,157.5,60.8,57.0,90.0,82.0,85.0
2020,66.5,144.0,135.0,130.5,82.0,85.0
2021,157.5,60.8,57.0,211.5,118.9,161.5
2022,66.5,144.0,135.0,333.0,192.7,85.0
2023,157.5,60.8,57.0,130.5,377.2,238.0
2024,66.5,144.0,135.0,373.5,155.8,467.5
2025,157.5,60.8,57.0,616.5,377.2,199.75
2026,66.5,144.0,135.0,859.5,598.6,429.25
2027,157.5,60.8,57.0,616.5,370.0,161.5
2028,66.5,144.0,135.0,373.5,118.9,391.0
2029,157.5,60.8,57.0,616.5,340.3,161.5
2030,66.5,144.0,135.0,859.5,118.9,391.0
2031,157.5,60.8,57.0,616.5,340.3,620.5
2032,50.75,144.0,135.0,859.5,561.7,850.0
2033,129.5,60.8,57.0,616.5,709.3,620.5
2034,35.0,144.0,135.0,738.0,783.1,773.5
2035,113.75,60.8,57.0,778.5,820.0,850.0
2036,192.5,144.0,135.0,819.0,820.0,850.0
2037,271.25,219.20000000000002,205.5,657.0,783.1,811.75
2038,350.0,291.2,273.0,657.0,635.5,658.75
2039,255.5,204.8,192.0,495.0,524.8,544.0
2040,157.5,118.4,124.5,405.0,377.2,352.75
2041,66.5,60.8,57.0,333.0,266.5,238.0
2042,157.5,144.0,135.0,252.0,155.8,123.25
2043,66.5,60.8,57.0,90.0,82.0,85.0
2044,157.5,144.0,135.0,130.5,82.0,85.0
2045,66.5,60.8,57.0,211.5,82.0,85.0
2046,157.5,144.0,135.0,333.0,192.7,199.75
2047,66.5,60.8,57.0,90.0,377.2,352.75
2048,157.5,144.0,135.0,333.0,155.8,85.0
2049,66.5,60.8,57.0,576.0,377.2,314.5
2050,157.5,144.0,135.0,333.0,155.8,544.0
2051,66.5,60.8,57.0,90.0,377.2,276.25
2052,157.5,144.0,135.0,333.0,598.6,505.75
2053,66.5,60.8,57.0,90.0,370.0,238.0
2054,157.5,144.0,135.0,333.0,118.9,467.5
2055,66.5,60.8,57.0,576.0,266.5,276.25
2056,157.5,144.0,135.0,819.0,487.9,505.75
2057,66.5,60.8,57.0,576.0,672.4,697.0
2058,157.5,144.0,135.0,738.0,820.0,811.75
2059,66.5,60.8,57.0,859.5,783.1,850.0
2060,157.5,144.0,135.0,900.0,746.1999999999999,850.0
2061,66.5,60.8,57.0,819.0,709.3,811.75
2062,157.5,144.0,135.0,657.0,561.7,735.25
2063,239.75,219.20000000000002,57.0,495.0,414.09999999999997,582.25
2064,145.25,147.2,135.0,373.5,303.4,429.25
2065,66.5,60.8,57.0,171.0,192.7,276.25
2066,157.5,144.0,135.0,90.0,118.9,161.5
2067,66.5,60.8,57.0,90.0,82.0,85.0
2068,157.5,144.0,135.0,130.5,82.0,85.0
2069,66.5,60.8,57.0,211.5,155.8,85.0
2070,157.5,144.0,135.0,373.5,82.0,238.0
2071,66.5,60.8,57.0,616.5,229.6,391.0
2072,157.5,144.0,135.0,373.5,451.0,123.25
2073,66.5,60.8,57.0,616.5,229.6,352.75
2074,157.5,144.0,135.0,373.5,451.0,85.0
2075,66.5,60.8,57.0,130.5,229.6,314.5
2076,157.5,144.0,135.0,373.5,451.0,85.0
2077,66.5,60.8,57.0,130.5,229.6,314.5
2078,157.5,144.0,135.0,373.5,451.0,544.0
2079,66.5,60.8,57.0,616.5,229.6,773.5
2080,157.5,144.0,135.0,859.5,451.0,505.75
2081,66.5,60.8,57.0,616.5,672.4,697.0
2082,157.5,144.0,135.0,738.0,783.1,811.75
2083,66.5,60.8,57.0,859.5,820.0,850.0
2084,157.5,144.0,135.0,900.0,820.0,850.0
2085,66.5,60.8,57.0,697.5,746.1999999999999,773.5
2086,157.5,144.0,135.0,616.5,635.5,697.0
2087,239.75,219.20000000000002,205.5,373.5,524.8,582.25
2088,161.0,132.8,124.5,171.0,377.2,429.25
2089,66.5,60.8,57.0,90.0,229.6,314.5
2090,157.5,144.0,135.0,90.0,155.8,199.75
2091,66.5,60.8,57.0,90.0,82.0,123.25
2092,157.5,144.0,135.0,171.0,82.0,85.0
2093,66.5,60.8,57.0,292.5,118.9,123.25
2094,157.5,144.0,135.0,414.0,192.7,238.0
2095,66.5,60.8,57.0,171.0,377.2,429.25
2096,157.5,144.0,135.0,414.0,598.6,161.5
2097,66.5,60.8,57.0,657.0,370.0,391.0
2098,157.5,144.0,135.0,414.0,118.9,123.25
2099,66.5,60.8,57.0,657.0,340.3,352.75
2100,157.5,144.0,135.0,405.0,118.9,85.0
2101,66.5,60.8,57.0,130.5,340.3,314.5
2102,157.5,144.0,135.0,373.5,561.7,544.0
2103,66.5,60.8,57.0,616.5,340.3,276.25
2104,157.5,144.0,135.0,859.5,561.7,505.75
2105,50.75,60.8,57.0,616.5,709.3,697.0
2106,129.5,144.0,135.0,738.0,820.0,811.75
2107,35.0,60.8,57.0,859.5,820.0,850.0
2108,113.75,144.0,135.0,900.0,820.0,850.0
2109,192.5,60.8,57.0,859.5,746.1999999999999,773.5
2110,271.25,144.0,135.0,738.0,672.4,620.5
2111,350.0,60.8,205.5,616.5,561.7,505.75
2112,255.5,144.0,124.5,495.0,414.09999999999997,391.0
2113,157.5,60.8,57.0,373.5,266.5,238.0
2114,66.5,144.0,135.0,292.5,155.8,161.5
2115,157.5,60.8,57.0,252.0,118.9,85.0
2116,66.5,144.0,135.0,292.5,82.0,85.0
2117,157.5,60.8,57.0,405.0,118.9,85.0
2118,66.5,144.0,135.0,130.5,229.6,199.75
2119,157.5,60.8,57.0,373.5,377.2,391.0
2120,66.5,144.0,135.0,616.5,155.8,620.5
2121,157.5,60.8,57.0,405.0,377.2,382.5
2122,66.5,144.0,135.0,171.0,155.8,123.25
2123,157.5,60.8,57.0,414.0,377.2,352.75
2124,66.5,144.0,135.0,657.0,598.6,85.0
2125,157.5,60.8,57.0,405.0,370.0,314.5
2126,66.5,144.0,135.0,130.5,118.9,544.0
2127,157.5,60.8,57.0,373.5,303.4,276.25
2128,66.5,144.0,135.0,616.5,487.9,505.75
2129,157.5,60.8,57.0,859.5,672.4,658.75
2130,50.75,144.0,135.0,738.0,783.1,773.5
2131,129.5,60.8,43.5,819.0,820.0,811.75
2132,208.25,144.0,111.0,859.5,746.1999999999999,811.75
2133,287.0,60.8,178.5,697.5,709.3,773.5
2134,192.5,144.0,246.0,616.5,635.5,658.75
2135,255.5,219.20000000000002,165.0,454.5,524.8,544.0
2136,157.5,132.8,219.0,252.0,451.0,382.5
2137,66.5,60.8,135.0,171.0,266.5,238.0
2138,157.5,144.0,57.0,90.0,155.8,123.25
2139,66.5,60.8,135.0,90.0,118.9,85.0
2140,157.5,144.0,57.0,130.5,82.0,85.0
2141,66.5,60.8,135.0,211.5,118.9,123.25
2142,157.5,144.0,57.0,373.5,266.5,238.0
2143,66.5,60.8,135.0,130.5,82.0,429.25
2144,157.5,144.0,57.0,373.5,303.4,161.5
2145,66.5,60.8,135.0,130.5,82.0,391.0
2146,157.5,144.0,57.0,373.5,303.4,123.25
2147,66.5,60.8,135.0,130.5,524.8,352.75
2148,157.5,144.0,57.0,373.5,303.4,85.0
2149,66.5,60.8,135.0,130.5,524.8,314.5
2150,157.5,144.0,57.0,373.5,303.4,85.0
2151,66.5,60.8,135.0,616.5,524.8,314.5
2152,157.5,144.0,57.0,859.5,746.1999999999999,544.0
2153,66.5,60.8,135.0,616.5,524.8,697.0
2154,157.5,144.0,43.5,778.5,672.4,811.75
2155,66.5,60.8,111.0,859.5,746.1999999999999,850.0
2156,157.5,144.0,178.5,900.0,783.1,850.0
2157,239.75,60.8,246.0,859.5,746.1999999999999,773.5
2158,318.5,144.0,300.0,697.5,635.5,697.0
2159,224.0,219.20000000000002,219.0,616.5,524.8,505.75
2160,129.5,132.8,138.0,414.0,377.2,382.5
2161,66.5,60.8,57.0,252.0,266.5,276.25
2162,157.5,144.0,135.0,171.0,155.8,199.75
2163,66.5,60.8,57.0,90.0,82.0,85.0
2164,157.5,144.0,135.0,130.5,82.0,85.0
2165,66.5,60.8,57.0,211.5,155.8,123.25
2166,157.5,144.0,135.0,405.0,303.4,238.0
2167,66.5,60.8,57.0,130.5,82.0,391.0
2168,157.5,144.0,135.0,373.5,303.4,123.25
2169,66.5,60.8,57.0,130.5,118.9,352.75
2170,157.5,144.0,135.0,373.5,340.3,85.0
2171,66.5,60.8,57.0,130.5,118.9,314.5
2172,157.5,144.0,135.0,373.5,340.3,85.0
2173,66.5,60.8,57.0,130.5,155.8,314.5
2174,157.5,144.0,135.0,373.5,377.2,544.0
2175,66.5,60.8,57.0,616.5,598.6,276.25
2176,157.5,144.0,135.0,859.5,820.0,505.75
2177,66.5,60.8,57.0,616.5,672.4,658.75
2178,157.5,144.0,135.0,778.5,783.1,773.5
2179,66.5,60.8,43.5,859.5,820.0,811.75
2180,157.5,144.0,111.0,900.0,746.1999999999999,850.0
2181,50.75,60.8,178.5,819.0,635.5,850.0
2182,129.5,144.0,232.5,616.5,524.8,773.5
2183,208.25,219.20000000000002,151.5,495.0,414.09999999999997,658.75
2184,287.0,147.2,70.5,333.0,303.4,505.75
2185,192.5,60.8,138.0,211.5,192.7,314.5
2186,98.0,144.0,57.0,130.5,82.0,199.75
2187,176.75,60.8,135.0,90.0,82.0,85.0
2188,255.5,144.0,57.0,90.0,82.0,85.0
2189,157.5,60.8,135.0,211.5,118.9,123.25
2190,66.5,144.0,57.0,333.0,229.6,276.25
2191,157.5,60.8,135.0,90.0,414.09999999999997,429.25
2192,66.5,144.0,57.0,333.0,192.7,161.5
2193,157.5,60.8,135.0,576.0,414.09999999999997,391.0
2194,66.5,144.0,57.0,819.0,192.7,123.25
2195,157.5,60.8,135.0,576.0,414.09999999999997,352.75
2196,66.5,144.0,57.0,333.0,192.7,85.0
2197,157.5,60.8,135.0,90.0,414.09999999999997,314.5
2198,66.5,144.0,57.0,333.0,192.7,544.0
2199,157.5,60.8,135.0,576.0,414.09999999999997,773.5
2200,50.75,144.0,43.5,819.0,635.5,505.75
2201,129.5,46.4,111.0,576.0,820.0,697.0
2202,208.25,118.4,30.0,738.0,635.5,811.75
2203,113.75,32.0,97.5,859.5,746.1999999999999,850.0
2204,192.5,104.0,165.0,859.5,820.0,811.75
2205,271.25,176.0,84.0,819.0,783.1,735.25
2206,350.0,89.6,151.5,697.5,672.4,658.75
2207,255.5,161.6,219.0,616.5,561.7,544.0
2208,157.5,75.2,135.0,495.0,414.09999999999997,382.5
2209,66.5,147.2,57.0,405.0,266.5,276.25
2210,157.5,60.8,135.0,292.5,192.7,161.5
2211,66.5,144.0,57.0,130.5,118.9,85.0
2212,157.5,60.8,135.0,171.0,82.0,85.0
2213,66.5,144.0,57.0,252.0,82.0,161.5
2214,157.5,60.8,135.0,414.0,192.7,276.25
2215,66.5,144.0,57.0,171.0,377.2,429.25
2216,157.5,60.8,135.0,414.0,598.6,658.75
2217,66.5,144.0,57.0,657.0,820.0,391.0
2218,157.5,60.8,135.0,405.0,598.6,123.25
2219,66.5,144.0,57.0,171.0,370.0,352.75
2220,157.5,60.8,135.0,414.0,118.9,582.25
2221,66.5,144.0,57.0,171.0,303.4,314.5
2222,157.5,60.8,135.0,414.0,82.0,544.0
2223,66.5,144.0,57.0,657.0,303.4,276.25
2224,157.5,60.8,135.0,900.0,524.8,505.75
2225,50.75,144.0,57.0,657.0,672.4,697.0
2226,129.5,60.8,135.0,819.0,820.0,811.75
2227,35.0,144.0,57.0,859.5,820.0,850.0
2228,113.75,60.8,135.0,900.0,820.0,850.0
2229,192.5,144.0,57.0,900.0,783.1,773.5
2230,271.25,219.20000000000002,135.0,819.0,672.4,697.0
2231,350.0,132.8,205.5,657.0,524.8,544.0
2232,255.5,60.8,124.5,535.5,370.0,429.25
2233,157.5,144.0,57.0,405.0,229.6,276.25
2234,66.5,60.8,135.0,333.0,155.8,161.5
2235,157.5,144.0,57.0,171.0,118.9,85.0
2236,66.5,60.8,135.0,90.0,82.0,85.0
2237,157.5,144.0,57.0,171.0,118.9,123.25
2238,66.5,60.8,135.0,292.5,266.5,238.0
2239,157.5,144.0,57.0,90.0,82.0,429.25
2240,66.5,60.8,135.0,333.0,303.4,161.5
2241,157.5,144.0,57.0,90.0,524.8,391.0
2242,66.5,60.8,135.0,333.0,746.1999999999999,620.5
2243,157.5,144.0,57.0,90.0,524.8,352.75
2244,66.5,60.8,135.0,333.0,746.1999999999999,85.0
2245,157.5,144.0,57.0,90.0,524.8,314.5
2246,66.5,60.8,135.0,333.0,303.4,544.0
2247,157.5,144.0,57.0,576.0,524.8,276.25
2248,66.5,60.8,135.0,819.0,746.1999999999999,505.75
2249,157.5,144.0,57.0,576.0,635.5,658.75
2250,66.5,60.8,135.0,738.0,746.1999999999999,773.5
2251,157.5,144.0,57.0,819.0,820.0,850.0
2252,66.5,60.8,135.0,819.0,820.0,850.0
2253,157.5,144.0,205.5,697.5,783.1,811.75
2254,239.75,60.8,273.0,576.0,635.5,697.0
2255,145.25,144.0,192.0,495.0,487.9,582.25
2256,66.5,219.20000000000002,111.0,373.5,340.3,429.25
2257,157.5,132.8,30.0,252.0,229.6,276.25
2258,66.5,60.8,97.5,130.5,118.9,161.5
2259,157.5,144.0,165.0,90.0,82.0,85.0
2260,66.5,60.8,84.0,171.0,82.0,85.0
2261,157.5,144.0,151.5,252.0,155.8,123.25
2262,66.5,60.8,219.0,414.0,266.5,199.75
2263,157.5,144.0,135.0,657.0,487.9,391.0
2264,66.5,60.8,57.0,405.0,266.5,620.5
2265,157.5,144.0,135.0,130.5,82.0,382.5
2266,66.5,60.8,57.0,373.5,303.4,123.25
2267,157.5,144.0,135.0,130.5,82.0,352.75
2268,66.5,60.8,57.0,373.5,303.4,85.0
2269,157.5,144.0,135.0,616.5,82.0,314.5
2270,66.5,60.8,57.0,373.5,303.4,544.0
2271,157.5,144.0,135.0,616.5,524.8,773.5
2272,66.5,60.8,43.5,859.5,746.1999999999999,505.75
2273,157.5,144.0,111.0,616.5,635.5,658.75
2274,66.5,60.8,178.5,778.5,783.1,773.5
2275,157.5,144.0,246.0,859.5,820.0,850.0
2276,66.5,60.8,165.0,900.0,820.0,811.75
2277,157.5,144.0,232.5,738.0,783.1,773.5
2278,50.75,219.20000000000002,300.0,576.0,635.5,658.75
2279,129.5,132.8,219.0,495.0,524.8,505.75
2280,35.0,60.8,135.0,454.5,414.09999999999997,352.75
2281,113.75,144.0,57.0,405.0,266.5,199.75
2282,192.5,60.8,135.0,333.0,155.8,123.25
2283,98.0,144.0,57.0,130.5,82.0,85.0
2284,176.75,60.8,135.0,130.5,82.0,123.25
2285,255.5,144.0,57.0,211.5,192.7,161.5
2286,157.5,60.8,135.0,373.5,82.0,238.0
2287,66.5,144.0,57.0,171.0,266.5,391.0
2288,157.5,60.8,135.0,414.0,487.9,123.25
2289,66.5,144.0,57.0,657.0,266.5,352.75
2290,157.5,60.8,135.0,405.0,487.9,582.25
2291,66.5,144.0,57.0,130.5,266.5,811.75
2292,157.5,60.8,135.0,373.5,487.9,544.0
2293,66.5,144.0,57.0,130.5,266.5,276.25
2294,157.5,60.8,135.0,373.5,487.9,505.75
2295,66.5,144.0,57.0,616.5,266.5,276.25
2296,157.5,60.8,135.0,859.5,487.9,505.75
2297,66.5,144.0,57.0,616.5,672.4,697.0
2298,157.5,60.8,135.0,778.5,783.1,811.75
2299,50.75,144.0,43.5,859.5,820.0,850.0
2300,129.5,60.8,111.0,900.0,820.0,850.0
2301,208.25,144.0,178.5,819.0,746.1999999999999,773.5
2302,113.75,60.8,97.5,738.0,672.4,658.75
2303,192.5,144.0,165.0,535.5,524.8,544.0
2304,255.5,46.4,84.0,414.0,414.09999999999997,429.25
2305,157.5,118.4,151.5,171.0,266.5,276.25
2306,66.5,60.8,219.0,90.0,155.8,161.5
2307,157.5,144.0,138.0,90.0,82.0,85.0
2308,66.5,60.8,57.0,130.5,82.0,85.0
2309,157.5,144.0,135.0,211.5,118.9,85.0
2310,66.5,60.8,57.0,373.5,229.6,199.75
2311,157.5,144.0,135.0,130.5,414.09999999999997,352.75
2312,66.5,60.8,57.0,373.5,192.7,582.25
2313,157.5,144.0,135.0,616.5,414.09999999999997,314.5
2314,66.5,60.8,57.0,373.5,192.7,544.0
2315,157.5,144.0,135.0,616.5,414.09999999999997,276.25
2316,66.5,60.8,57.0,373.5,192.7,505.75
2317,157.5,144.0,135.0,130.5,414.09999999999997,238.0
2318,66.5,60.8,57.0,373.5,192.7,467.5
2319,157.5,144.0,135.0,130.5,414.09999999999997,697.0
2320,50.75,46.4,43.5,373.5,635.5,429.25
2321,129.5,118.4,111.0,616.5,820.0,620.5
2322,35.0,190.4,178.5,778.5,709.3,773.5
2323,113.75,104.0,97.5,859.5,783.1,850.0
2324,192.5,176.0,165.0,900.0,820.0,850.0
2325,271.25,248.0,232.5,778.5,746.1999999999999,850.0
2326,350.0,320.0,300.0,697.5,672.4,735.25
2327,255.5,233.6,219.0,576.0,561.7,582.25
2328,157.5,144.0,135.0,373.5,451.0,429.25
2329,66.5,60.8,57.0,211.5,370.0,276.25
2330,157.5,144.0,135.0,90.0,229.6,161.5
2331,66.5,60.8,57.0,90.0,192.7,85.0
2332,157.5,144.0,135.0,90.0,155.8,85.0
2333,66.5,60.8,57.0,171.0,229.6,123.25
2334,157.5,144.0,135.0,333.0,370.0,238.0
2335,66.5,60.8,57.0,90.0,118.9,391.0
2336,157.5,144.0,135.0,333.0,340.3,123.25
2337,66.5,60.8,57.0,576.0,561.7,352.75
2338,157.5,144.0,135.0,819.0,340.3,85.0
2339,66.5,60.8,57.0,576.0,118.9,314.5
2340,157.5,144.0,135.0,819.0,340.3,544.0
2341,66.5,60.8,57.0,576.0,118.9,276.25
2342,157.5,144.0,135.0,819.0,340.3,505.75
2343,66.5,60.8,57.0,576.0,561.7,238.0
2344,157.5,144.0,135.0,819.0,783.1,467.5
2345,66.5,60.8,57.0,576.0,598.6,658.75
2346,157.5,144.0,135.0,738.0,709.3,773.5
2347,66.5,60.8,57.0,859.5,783.1,850.0
2348,157.5,144.0,135.0,900.0,746.1999999999999,850.0
2349,239.75,60.8,57.0,859.5,709.3,811.75
2350,318.5,144.0,135.0,697.5,635.5,697.0
2351,224.0,46.4,57.0,495.0,524.8,544.0
2352,145.25,118.4,135.0,373.5,414.09999999999997,382.5
2353,66.5,60.8,57.0,252.0,266.5,238.0
2354,157.5,144.0,135.0,171.0,118.9,161.5
2355,66.5,60.8,57.0,130.5,82.0,85.0
2356,157.5,144.0,135.0,171.0,82.0,85.0
2357,66.5,60.8,57.0,252.0,155.8,161.5
2358,157.5,144.0,135.0,405.0,266.5,276.25
2359,66.5,60.8,57.0,130.5,82.0,429.25
2360,157.5,144.0,135.0,373.5,303.4,658.75
2361,66.5,60.8,57.0,616.5,118.9,391.0
2362,157.5,144.0,135.0,373.5,340.3,123.25
2363,66.5,60.8,57.0,616.5,118.9,352.75
2364,157.5,144.0,135.0,405.0,340.3,85.0
2365,66.5,60.8,57.0,130.5,561.7,314.5
2366,157.5,144.0,135.0,373.5,340.3,544.0
2367,66.5,60.8,43.5,616.5,561.7,276.25
2368,157.5,144.0,111.0,859.5,783.1,505.75
2369,66.5,60.8,178.5,616.5,561.7,658.75
2370,157.5,144.0,97.5,778.5,672.4,811.75
2371,66.5,60.8,165.0,819.0,746.1999999999999,850.0
2372,157.5,144.0,232.5,859.5,635.5,850.0
2373,66.5,219.20000000000002,300.0,657.0,561.7,811.75
2374,157.5,144.0,219.0,576.0,524.8,697.0
2375,66.5,219.20000000000002,138.0,495.0,451.0,544.0
2376,157.5,132.8,57.0,373.5,340.3,391.0
2377,66.5,60.8,135.0,292.5,229.6,276.25
2378,157.5,144.0,57.0,211.5,155.8,161.5
2379,66.5,60.8,135.0,130.5,118.9,85.0
2380,157.5,144.0,57.0,130.5,82.0,85.0
2381,66.5,60.8,135.0,211.5,118.9,161.5
2382,157.5,144.0,57.0,405.0,229.6,276.25
2383,66.5,60.8,135.0,171.0,414.09999999999997,467.5
2384,157.5,144.0,57.0,414.0,192.7,199.75
2385,66.5,60.8,135.0,171.0,414.09999999999997,429.25
2386,157.5,144.0,57.0,414.0,192.7,161.5
2387,66.5,60.8,135.0,657.0,414.09999999999997,391.0
2388,157.5,144.0,57.0,405.0,192.7,123.25
2389,66.5,60.8,135.0,130.5,414.09999999999997,352.75
2390,157.5,144.0,57.0,373.5,635.5,85.0
2391,66.5,60.8,135.0,616.5,414.09999999999997,314.5
2392,157.5,144.0,43.5,859.5,635.5,544.0
2393,66.5,60.8,111.0,616.5,820.0,773.5
2394,157.5,144.0,30.0,738.0,709.3,850.0
2395,66.5,60.8,97.5,819.0,783.1,850.0
2396,157.5,144.0,165.0,657.0,820.0,850.0
2397,239.75,60.8,232.5,576.0,783.1,773.5
2398,318.5,144.0,300.0,414.0,709.3,658.75
2399,224.0,219.20000000000002,219.0,333.0,598.6,505.75
2400,157.5,132.8,135.0,211.5,414.09999999999997,238.0
2401,66.5,60.8,57.0,130.5,229.6,123.25
2402,157.5,144.0,135.0,171.0,118.9,85.0
2403,66.5,60.8,57.0,252.0,82.0,123.25
2404,157.5,144.0,135.0,405.0,118.9,238.0
2405,66.5,60.8,57.0,171.0,229.6,199.75
2406,157.5,144.0,135.0,405.0,370.0,382.5
