Region,Hour,SOC_MWh
RegionA,0,195.66812958150004
RegionA,1,244.44337458150005
RegionA,2,337.44337458150005
RegionA,3,350.0
RegionA,4,350.0
RegionA,5,350.0
RegionA,6,350.0
RegionA,7,350.0
RegionA,8,350.0
RegionA,9,350.0
RegionA,10,350.0
RegionA,11,350.0
RegionA,12,350.0
RegionA,13,350.0
RegionA,14,350.0
RegionA,15,350.0
RegionA,16,350.0
RegionA,17,350.0
RegionA,18,350.0
RegionA,19,350.0
RegionA,20,350.0
RegionA,21,350.0
RegionA,22,350.0
RegionA,23,350.0
RegionA,24,350.0
RegionA,25,350.0
RegionA,26,350.0
RegionA,27,350.0
RegionA,28,350.0
RegionA,29,350.0
RegionA,30,350.0
RegionA,31,350.0
RegionA,32,350.0
RegionA,33,350.0
RegionA,34,350.0
RegionA,35,350.0
RegionA,36,350.0
RegionA,37,350.0
RegionA,38,350.0
RegionA,39,350.0
RegionA,40,350.0
RegionA,41,350.0
RegionA,42,350.0
RegionA,43,350.0
RegionA,44,350.0
RegionA,45,350.0
RegionA,46,350.0
RegionA,47,350.0
RegionA,48,350.0
RegionA,49,350.0
RegionA,50,350.0
RegionA,51,350.0
RegionA,52,350.0
RegionA,53,350.0
RegionA,54,350.0
RegionA,55,350.0
RegionA,56,350.0
RegionA,57,350.0
RegionA,58,350.0
RegionA,59,350.0
RegionA,60,350.0
RegionA,61,350.0
RegionA,62,350.0
RegionA,63,350.0
RegionA,64,350.0
RegionA,65,350.0
RegionA,66,350.0
RegionA,67,350.0
RegionA,68,350.0
RegionA,69,350.0
RegionA,70,350.0
RegionA,71,350.0
RegionA,72,350.0
RegionA,73,350.0
RegionA,74,350.0
RegionA,75,350.0
RegionA,76,350.0
RegionA,77,350.0
RegionA,78,350.0
RegionA,79,350.0
RegionA,80,350.0
RegionA,81,350.0
RegionA,82,350.0
RegionA,83,350.0
RegionA,84,350.0
RegionA,85,350.0
RegionA,86,350.0
RegionA,87,350.0
RegionA,88,350.0
RegionA,89,350.0
RegionA,90,350.0
RegionA,91,350.0
RegionA,92,350.0
RegionA,93,350.0
RegionA,94,350.0
RegionA,95,350.0
RegionA,96,350.0
RegionA,97,350.0
RegionA,98,350.0
RegionA,99,350.0
RegionA,100,350.0
RegionA,101,350.0
RegionA,102,350.0
RegionA,103,350.0
RegionA,104,350.0
RegionA,105,350.0
RegionA,106,350.0
RegionA,107,350.0
RegionA,108,350.0
RegionA,109,350.0
RegionA,110,350.0
RegionA,111,350.0
RegionA,112,350.0
RegionA,113,350.0
RegionA,114,350.0
RegionA,115,350.0
RegionA,116,350.0
RegionA,117,350.0
RegionA,118,350.0
RegionA,119,350.0
RegionA,120,350.0
RegionA,121,350.0
RegionA,122,350.0
RegionA,123,350.0
RegionA,124,350.0
RegionA,125,350.0
RegionA,126,350.0
RegionA,127,350.0
RegionA,128,350.0
RegionA,129,350.0
RegionA,130,350.0
RegionA,131,350.0
RegionA,132,350.0
RegionA,133,350.0
RegionA,134,350.0
RegionA,135,350.0
RegionA,136,350.0
RegionA,137,350.0
RegionA,138,350.0
RegionA,139,350.0
RegionA,140,350.0
RegionA,141,350.0
RegionA,142,350.0
RegionA,143,350.0
RegionA,144,350.0
RegionA,145,350.0
RegionA,146,350.0
RegionA,147,350.0
RegionA,148,350.0
RegionA,149,350.0
RegionA,150,350.0
RegionA,151,350.0
RegionA,152,350.0
RegionA,153,350.0
RegionA,154,350.0
RegionA,155,350.0
RegionA,156,350.0
RegionA,157,350.0
RegionA,158,350.0
RegionA,159,350.0
RegionA,160,350.0
RegionA,161,350.0
RegionA,162,350.0
RegionA,163,350.0
RegionA,164,350.0
RegionA,165,350.0
RegionA,166,350.0
RegionA,167,350.0
RegionA,168,350.0
RegionA,169,350.0
RegionA,170,350.0
RegionA,171,350.0
RegionA,172,350.0
RegionA,173,350.0
RegionA,174,350.0
RegionA,175,350.0
RegionA,176,350.0
RegionA,177,350.0
RegionA,178,350.0
RegionA,179,350.0
RegionA,180,350.0
RegionA,181,350.0
RegionA,182,350.0
RegionA,183,350.0
RegionA,184,350.0
RegionA,185,350.0
RegionA,186,350.0
RegionA,187,350.0
RegionA,188,350.0
RegionA,189,350.0
RegionA,190,350.0
RegionA,191,350.0
RegionA,192,350.0
RegionA,193,350.0
RegionA,194,350.0
RegionA,195,350.0
RegionA,196,350.0
RegionA,197,350.0
RegionA,198,350.0
RegionA,199,350.0
RegionA,200,350.0
RegionA,201,350.0
RegionA,202,350.0
RegionA,203,350.0
RegionA,204,350.0
RegionA,205,350.0
RegionA,206,350.0
RegionA,207,350.0
RegionA,208,350.0
RegionA,209,350.0
RegionA,210,350.0
RegionA,211,350.0
RegionA,212,350.0
RegionA,213,350.0
RegionA,214,350.0
RegionA,215,350.0
RegionA,216,350.0
RegionA,217,350.0
RegionA,218,350.0
RegionA,219,350.0
RegionA,220,350.0
RegionA,221,350.0
RegionA,222,350.0
RegionA,223,350.0
RegionA,224,350.0
RegionA,225,350.0
RegionA,226,350.0
RegionA,227,350.0
RegionA,228,350.0
RegionA,229,350.0
RegionA,230,350.0
RegionA,231,350.0
RegionA,232,350.0
RegionA,233,350.0
RegionA,234,350.0
RegionA,235,350.0
RegionA,236,350.0
RegionA,237,350.0
RegionA,238,350.0
RegionA,239,350.0
RegionA,240,350.0
RegionA,241,350.0
RegionA,242,350.0
RegionA,243,350.0
RegionA,244,350.0
RegionA,245,350.0
RegionA,246,350.0
RegionA,247,350.0
RegionA,248,350.0
RegionA,249,350.0
RegionA,250,350.0
RegionA,251,350.0
RegionA,252,350.0
RegionA,253,350.0
RegionA,254,350.0
RegionA,255,350.0
RegionA,256,350.0
RegionA,257,350.0
RegionA,258,350.0
RegionA,259,350.0
RegionA,260,350.0
RegionA,261,350.0
RegionA,262,350.0
RegionA,263,350.0
RegionA,264,350.0
RegionA,265,350.0
RegionA,266,350.0
RegionA,267,350.0
RegionA,268,350.0
RegionA,269,350.0
RegionA,270,350.0
RegionA,271,350.0
RegionA,272,350.0
RegionA,273,350.0
RegionA,274,350.0
RegionA,275,350.0
RegionA,276,350.0
RegionA,277,350.0
RegionA,278,350.0
RegionA,279,350.0
RegionA,280,350.0
RegionA,281,350.0
RegionA,282,350.0
RegionA,283,350.0
RegionA,284,350.0
RegionA,285,350.0
RegionA,286,350.0
RegionA,287,350.0
RegionA,288,350.0
RegionA,289,350.0
RegionA,290,350.0
RegionA,291,350.0
RegionA,292,350.0
RegionA,293,350.0
RegionA,294,350.0
RegionA,295,350.0
RegionA,296,350.0
RegionA,297,350.0
RegionA,298,350.0
RegionA,299,350.0
RegionA,300,350.0
RegionA,301,350.0
RegionA,302,350.0
RegionA,303,350.0
RegionA,304,350.0
RegionA,305,350.0
RegionA,306,350.0
RegionA,307,350.0
RegionA,308,350.0
RegionA,309,350.0
RegionA,310,350.0
RegionA,311,350.0
RegionA,312,350.0
RegionA,313,350.0
RegionA,314,350.0
RegionA,315,350.0
RegionA,316,350.0
RegionA,317,350.0
RegionA,318,350.0
RegionA,319,350.0
RegionA,320,350.0
RegionA,321,350.0
RegionA,322,350.0
RegionA,323,350.0
RegionA,324,350.0
RegionA,325,350.0
RegionA,326,350.0
RegionA,327,350.0
RegionA,328,350.0
RegionA,329,350.0
RegionA,330,350.0
RegionA,331,350.0
RegionA,332,350.0
RegionA,333,350.0
RegionA,334,350.0
RegionA,335,350.0
RegionA,336,350.0
RegionA,337,350.0
RegionA,338,350.0
RegionA,339,350.0
RegionA,340,350.0
RegionA,341,350.0
RegionA,342,350.0
RegionA,343,350.0
RegionA,344,350.0
RegionA,345,350.0
RegionA,346,350.0
RegionA,347,350.0
RegionA,348,350.0
RegionA,349,350.0
RegionA,350,350.0
RegionA,351,350.0
RegionA,352,350.0
RegionA,353,350.0
RegionA,354,350.0
RegionA,355,350.0
RegionA,356,350.0
RegionA,357,350.0
RegionA,358,350.0
RegionA,359,350.0
RegionA,360,350.0
RegionA,361,350.0
RegionA,362,350.0
RegionA,363,350.0
RegionA,364,350.0
RegionA,365,350.0
RegionA,366,350.0
RegionA,367,350.0
RegionA,368,350.0
RegionA,369,350.0
RegionA,370,350.0
RegionA,371,350.0
RegionA,372,350.0
RegionA,373,350.0
RegionA,374,350.0
RegionA,375,350.0
RegionA,376,350.0
RegionA,377,350.0
RegionA,378,350.0
RegionA,379,350.0
RegionA,380,350.0
RegionA,381,350.0
RegionA,382,350.0
RegionA,383,350.0
RegionA,384,350.0
RegionA,385,350.0
RegionA,386,350.0
RegionA,387,350.0
RegionA,388,350.0
RegionA,389,350.0
RegionA,390,350.0
RegionA,391,350.0
RegionA,392,350.0
RegionA,393,350.0
RegionA,394,350.0
RegionA,395,350.0
RegionA,396,350.0
RegionA,397,350.0
RegionA,398,350.0
RegionA,399,350.0
RegionA,400,350.0
RegionA,401,350.0
RegionA,402,350.0
RegionA,403,350.0
RegionA,404,350.0
RegionA,405,350.0
RegionA,406,350.0
RegionA,407,350.0
RegionA,408,350.0
RegionA,409,350.0
RegionA,410,350.0
RegionA,411,350.0
RegionA,412,350.0
RegionA,413,350.0
RegionA,414,350.0
RegionA,415,350.0
RegionA,416,350.0
RegionA,417,350.0
RegionA,418,350.0
RegionA,419,350.0
RegionA,420,350.0
RegionA,421,350.0
RegionA,422,350.0
RegionA,423,350.0
RegionA,424,350.0
RegionA,425,350.0
RegionA,426,350.0
RegionA,427,350.0
RegionA,428,350.0
RegionA,429,350.0
RegionA,430,350.0
RegionA,431,350.0
RegionA,432,350.0
RegionA,433,350.0
RegionA,434,350.0
RegionA,435,350.0
RegionA,436,350.0
RegionA,437,350.0
RegionA,438,350.0
RegionA,439,350.0
RegionA,440,350.0
RegionA,441,350.0
RegionA,442,350.0
RegionA,443,350.0
RegionA,444,350.0
RegionA,445,350.0
RegionA,446,350.0
RegionA,447,350.0
RegionA,448,350.0
RegionA,449,350.0
RegionA,450,350.0
RegionA,451,350.0
RegionA,452,350.0
RegionA,453,350.0
RegionA,454,350.0
RegionA,455,350.0
RegionA,456,350.0
RegionA,457,350.0
RegionA,458,350.0
RegionA,459,350.0
RegionA,460,350.0
RegionA,461,350.0
RegionA,462,350.0
RegionA,463,350.0
RegionA,464,350.0
RegionA,465,350.0
RegionA,466,350.0
RegionA,467,350.0
RegionA,468,350.0
RegionA,469,350.0
RegionA,470,350.0
RegionA,471,350.0
RegionA,472,350.0
RegionA,473,350.0
RegionA,474,350.0
RegionA,475,350.0
RegionA,476,350.0
RegionA,477,350.0
RegionA,478,350.0
RegionA,479,350.0
RegionA,480,350.0
RegionA,481,350.0
RegionA,482,350.0
RegionA,483,350.0
RegionA,484,350.0
RegionA,485,350.0
RegionA,486,350.0
RegionA,487,350.0
RegionA,488,350.0
RegionA,489,350.0
RegionA,490,350.0
RegionA,491,350.0
RegionA,492,350.0
RegionA,493,350.0
RegionA,494,350.0
RegionA,495,350.0
RegionA,496,350.0
RegionA,497,350.0
RegionA,498,350.0
RegionA,499,350.0
RegionA,500,350.0
RegionA,501,350.0
RegionA,502,350.0
RegionA,503,350.0
RegionA,504,350.0
RegionA,505,350.0
RegionA,506,350.0
RegionA,507,350.0
RegionA,508,350.0
RegionA,509,350.0
RegionA,510,350.0
RegionA,511,350.0
RegionA,512,350.0
RegionA,513,350.0
RegionA,514,350.0
RegionA,515,350.0
RegionA,516,350.0
RegionA,517,350.0
RegionA,518,350.0
RegionA,519,350.0
RegionA,520,350.0
RegionA,521,350.0
RegionA,522,350.0
RegionA,523,350.0
RegionA,524,350.0
RegionA,525,350.0
RegionA,526,350.0
RegionA,527,350.0
RegionA,528,350.0
RegionA,529,350.0
RegionA,530,350.0
RegionA,531,350.0
RegionA,532,350.0
RegionA,533,350.0
RegionA,534,350.0
RegionA,535,350.0
RegionA,536,350.0
RegionA,537,350.0
RegionA,538,350.0
RegionA,539,350.0
RegionA,540,350.0
RegionA,541,350.0
RegionA,542,350.0
RegionA,543,350.0
RegionA,544,350.0
RegionA,545,350.0
RegionA,546,350.0
RegionA,547,350.0
RegionA,548,350.0
RegionA,549,350.0
RegionA,550,350.0
RegionA,551,350.0
RegionA,552,350.0
RegionA,553,350.0
RegionA,554,350.0
RegionA,555,350.0
RegionA,556,350.0
RegionA,557,350.0
RegionA,558,350.0
RegionA,559,350.0
RegionA,560,350.0
RegionA,561,350.0
RegionA,562,350.0
RegionA,563,350.0
RegionA,564,350.0
RegionA,565,350.0
RegionA,566,350.0
RegionA,567,350.0
RegionA,568,350.0
RegionA,569,350.0
RegionA,570,350.0
RegionA,571,350.0
RegionA,572,350.0
RegionA,573,350.0
RegionA,574,350.0
RegionA,575,350.0
RegionA,576,350.0
RegionA,577,350.0
RegionA,578,350.0
RegionA,579,350.0
RegionA,580,350.0
RegionA,581,350.0
RegionA,582,350.0
RegionA,583,350.0
RegionA,584,350.0
RegionA,585,350.0
RegionA,586,350.0
RegionA,587,350.0
RegionA,588,350.0
RegionA,589,350.0
RegionA,590,350.0
RegionA,591,350.0
RegionA,592,350.0
RegionA,593,350.0
RegionA,594,350.0
RegionA,595,350.0
RegionA,596,350.0
RegionA,597,350.0
RegionA,598,350.0
RegionA,599,350.0
RegionA,600,350.0
RegionA,601,350.0
RegionA,602,350.0
RegionA,603,350.0
RegionA,604,350.0
RegionA,605,350.0
RegionA,606,350.0
RegionA,607,350.0
RegionA,608,350.0
RegionA,609,350.0
RegionA,610,350.0
RegionA,611,350.0
RegionA,612,350.0
RegionA,613,350.0
RegionA,614,350.0
RegionA,615,350.0
RegionA,616,350.0
RegionA,617,350.0
RegionA,618,350.0
RegionA,619,350.0
RegionA,620,350.0
RegionA,621,350.0
RegionA,622,350.0
RegionA,623,350.0
RegionA,624,350.0
RegionA,625,350.0
RegionA,626,350.0
RegionA,627,350.0
RegionA,628,350.0
RegionA,629,350.0
RegionA,630,350.0
RegionA,631,350.0
RegionA,632,350.0
RegionA,633,350.0
RegionA,634,350.0
RegionA,635,350.0
RegionA,636,350.0
RegionA,637,350.0
RegionA,638,350.0
RegionA,639,350.0
RegionA,640,350.0
RegionA,641,350.0
RegionA,642,350.0
RegionA,643,350.0
RegionA,644,350.0
RegionA,645,350.0
RegionA,646,350.0
RegionA,647,350.0
RegionA,648,350.0
RegionA,649,350.0
RegionA,650,350.0
RegionA,651,350.0
RegionA,652,350.0
RegionA,653,350.0
RegionA,654,350.0
RegionA,655,350.0
RegionA,656,350.0
RegionA,657,350.0
RegionA,658,350.0
RegionA,659,350.0
RegionA,660,350.0
RegionA,661,350.0
RegionA,662,350.0
RegionA,663,350.0
RegionA,664,350.0
RegionA,665,350.0
RegionA,666,350.0
RegionA,667,350.0
RegionA,668,350.0
RegionA,669,350.0
RegionA,670,350.0
RegionA,671,350.0
RegionA,672,350.0
RegionA,673,350.0
RegionA,674,350.0
RegionA,675,350.0
RegionA,676,350.0
RegionA,677,350.0
RegionA,678,350.0
RegionA,679,350.0
RegionA,680,350.0
RegionA,681,350.0
RegionA,682,350.0
RegionA,683,350.0
RegionA,684,350.0
RegionA,685,350.0
RegionA,686,350.0
RegionA,687,350.0
RegionA,688,350.0
RegionA,689,350.0
RegionA,690,350.0
RegionA,691,350.0
RegionA,692,350.0
RegionA,693,350.0
RegionA,694,350.0
RegionA,695,350.0
RegionA,696,350.0
RegionA,697,350.0
RegionA,698,350.0
RegionA,699,350.0
RegionA,700,350.0
RegionA,701,350.0
RegionA,702,350.0
RegionA,703,350.0
RegionA,704,350.0
RegionA,705,350.0
RegionA,706,350.0
RegionA,707,350.0
RegionA,708,350.0
RegionA,709,350.0
RegionA,710,350.0
RegionA,711,350.0
RegionA,712,350.0
RegionA,713,350.0
RegionA,714,350.0
RegionA,715,350.0
RegionA,716,350.0
RegionA,717,350.0
RegionA,718,350.0
RegionA,719,350.0
RegionA,720,350.0
RegionA,721,350.0
RegionA,722,350.0
RegionA,723,350.0
RegionA,724,350.0
RegionA,725,350.0
RegionA,726,350.0
RegionA,727,350.0
RegionA,728,350.0
RegionA,729,350.0
RegionA,730,350.0
RegionA,731,350.0
RegionA,732,350.0
RegionA,733,350.0
RegionA,734,350.0
RegionA,735,350.0
RegionA,736,350.0
RegionA,737,350.0
RegionA,738,350.0
RegionA,739,350.0
RegionA,740,350.0
RegionA,741,350.0
RegionA,742,350.0
RegionA,743,350.0
RegionA,744,350.0
RegionA,745,350.0
RegionA,746,350.0
RegionA,747,350.0
RegionA,748,350.0
RegionA,749,350.0
RegionA,750,350.0
RegionA,751,350.0
RegionA,752,350.0
RegionA,753,350.0
RegionA,754,350.0
RegionA,755,350.0
RegionA,756,350.0
RegionA,757,350.0
RegionA,758,350.0
RegionA,759,350.0
RegionA,760,350.0
RegionA,761,350.0
RegionA,762,350.0
RegionA,763,350.0
RegionA,764,350.0
RegionA,765,350.0
RegionA,766,350.0
RegionA,767,350.0
RegionA,768,350.0
RegionA,769,350.0
RegionA,770,350.0
RegionA,771,350.0
RegionA,772,350.0
RegionA,773,350.0
RegionA,774,350.0
RegionA,775,350.0
RegionA,776,350.0
RegionA,777,350.0
RegionA,778,350.0
RegionA,779,350.0
RegionA,780,350.0
RegionA,781,350.0
RegionA,782,350.0
RegionA,783,350.0
RegionA,784,350.0
RegionA,785,350.0
RegionA,786,350.0
RegionA,787,350.0
RegionA,788,350.0
RegionA,789,350.0
RegionA,790,350.0
RegionA,791,350.0
RegionA,792,350.0
RegionA,793,350.0
RegionA,794,350.0
RegionA,795,350.0
RegionA,796,350.0
RegionA,797,350.0
RegionA,798,350.0
RegionA,799,350.0
RegionA,800,350.0
RegionA,801,350.0
RegionA,802,350.0
RegionA,803,350.0
RegionA,804,350.0
RegionA,805,350.0
RegionA,806,350.0
RegionA,807,350.0
RegionA,808,350.0
RegionA,809,350.0
RegionA,810,350.0
RegionA,811,350.0
RegionA,812,350.0
RegionA,813,350.0
RegionA,814,350.0
RegionA,815,350.0
RegionA,816,350.0
RegionA,817,350.0
RegionA,818,350.0
RegionA,819,350.0
RegionA,820,350.0
RegionA,821,350.0
RegionA,822,350.0
RegionA,823,350.0
RegionA,824,350.0
RegionA,825,350.0
RegionA,826,350.0
RegionA,827,350.0
RegionA,828,350.0
RegionA,829,350.0
RegionA,830,350.0
RegionA,831,350.0
RegionA,832,350.0
RegionA,833,350.0
RegionA,834,350.0
RegionA,835,350.0
RegionA,836,350.0
RegionA,837,350.0
RegionA,838,350.0
RegionA,839,350.0
RegionA,840,350.0
RegionA,841,350.0
RegionA,842,350.0
RegionA,843,350.0
RegionA,844,350.0
RegionA,845,350.0
RegionA,846,350.0
RegionA,847,350.0
RegionA,848,350.0
RegionA,849,350.0
RegionA,850,350.0
RegionA,851,350.0
RegionA,852,350.0
RegionA,853,350.0
RegionA,854,350.0
RegionA,855,350.0
RegionA,856,350.0
RegionA,857,350.0
RegionA,858,350.0
RegionA,859,350.0
RegionA,860,350.0
RegionA,861,350.0
RegionA,862,350.0
RegionA,863,350.0
RegionA,864,350.0
RegionA,865,350.0
RegionA,866,350.0
RegionA,867,350.0
RegionA,868,350.0
RegionA,869,350.0
RegionA,870,350.0
RegionA,871,350.0
RegionA,872,350.0
RegionA,873,350.0
RegionA,874,350.0
RegionA,875,350.0
RegionA,876,350.0
RegionA,877,350.0
RegionA,878,350.0
RegionA,879,350.0
RegionA,880,350.0
RegionA,881,350.0
RegionA,882,350.0
RegionA,883,350.0
RegionA,884,350.0
RegionA,885,350.0
RegionA,886,350.0
RegionA,887,350.0
RegionA,888,350.0
RegionA,889,350.0
RegionA,890,350.0
RegionA,891,350.0
RegionA,892,350.0
RegionA,893,350.0
RegionA,894,350.0
RegionA,895,350.0
RegionA,896,350.0
RegionA,897,350.0
RegionA,898,350.0
RegionA,899,350.0
RegionA,900,350.0
RegionA,901,350.0
RegionA,902,350.0
RegionA,903,350.0
RegionA,904,350.0
RegionA,905,350.0
RegionA,906,350.0
RegionA,907,350.0
RegionA,908,350.0
RegionA,909,350.0
RegionA,910,350.0
RegionA,911,350.0
RegionA,912,350.0
RegionA,913,350.0
RegionA,914,350.0
RegionA,915,350.0
RegionA,916,350.0
RegionA,917,350.0
RegionA,918,350.0
RegionA,919,350.0
RegionA,920,350.0
RegionA,921,350.0
RegionA,922,350.0
RegionA,923,350.0
RegionA,924,350.0
RegionA,925,350.0
RegionA,926,350.0
RegionA,927,350.0
RegionA,928,350.0
RegionA,929,350.0
RegionA,930,350.0
RegionA,931,350.0
RegionA,932,350.0
RegionA,933,350.0
RegionA,934,350.0
RegionA,935,350.0
RegionA,936,350.0
RegionA,937,350.0
RegionA,938,350.0
RegionA,939,350.0
RegionA,940,350.0
RegionA,941,350.0
RegionA,942,350.0
RegionA,943,350.0
RegionA,944,350.0
RegionA,945,350.0
RegionA,946,350.0
RegionA,947,350.0
RegionA,948,350.0
RegionA,949,350.0
RegionA,950,350.0
RegionA,951,350.0
RegionA,952,350.0
RegionA,953,350.0
RegionA,954,350.0
RegionA,955,350.0
RegionA,956,350.0
RegionA,957,350.0
RegionA,958,350.0
RegionA,959,350.0
RegionA,960,350.0
RegionA,961,350.0
RegionA,962,350.0
RegionA,963,350.0
RegionA,964,350.0
RegionA,965,350.0
RegionA,966,350.0
RegionA,967,350.0
RegionA,968,350.0
RegionA,969,350.0
RegionA,970,350.0
RegionA,971,350.0
RegionA,972,350.0
RegionA,973,350.0
RegionA,974,350.0
RegionA,975,350.0
RegionA,976,350.0
RegionA,977,350.0
RegionA,978,350.0
RegionA,979,350.0
RegionA,980,350.0
RegionA,981,350.0
RegionA,982,350.0
RegionA,983,350.0
RegionA,984,350.0
RegionA,985,350.0
RegionA,986,350.0
RegionA,987,350.0
RegionA,988,350.0
RegionA,989,350.0
RegionA,990,350.0
RegionA,991,350.0
RegionA,992,350.0
RegionA,993,350.0
RegionA,994,350.0
RegionA,995,350.0
RegionA,996,350.0
RegionA,997,350.0
RegionA,998,350.0
RegionA,999,350.0
RegionA,1000,350.0
RegionA,1001,350.0
RegionA,1002,350.0
RegionA,1003,350.0
RegionA,1004,350.0
RegionA,1005,350.0
RegionA,1006,350.0
RegionA,1007,350.0
RegionA,1008,350.0
RegionA,1009,350.0
RegionA,1010,350.0
RegionA,1011,350.0
RegionA,1012,350.0
RegionA,1013,350.0
RegionA,1014,350.0
RegionA,1015,350.0
RegionA,1016,350.0
RegionA,1017,350.0
RegionA,1018,350.0
RegionA,1019,350.0
RegionA,1020,350.0
RegionA,1021,350.0
RegionA,1022,350.0
RegionA,1023,350.0
RegionA,1024,350.0
RegionA,1025,350.0
RegionA,1026,350.0
RegionA,1027,350.0
RegionA,1028,350.0
RegionA,1029,350.0
RegionA,1030,350.0
RegionA,1031,350.0
RegionA,1032,350.0
RegionA,1033,350.0
RegionA,1034,350.0
RegionA,1035,350.0
RegionA,1036,350.0
RegionA,1037,350.0
RegionA,1038,350.0
RegionA,1039,350.0
RegionA,1040,350.0
RegionA,1041,350.0
RegionA,1042,350.0
RegionA,1043,350.0
RegionA,1044,350.0
RegionA,1045,350.0
RegionA,1046,350.0
RegionA,1047,350.0
RegionA,1048,350.0
RegionA,1049,350.0
RegionA,1050,350.0
RegionA,1051,350.0
RegionA,1052,350.0
RegionA,1053,350.0
RegionA,1054,350.0
RegionA,1055,350.0
RegionA,1056,350.0
RegionA,1057,350.0
RegionA,1058,350.0
RegionA,1059,350.0
RegionA,1060,350.0
RegionA,1061,350.0
RegionA,1062,350.0
RegionA,1063,350.0
RegionA,1064,350.0
RegionA,1065,350.0
RegionA,1066,350.0
RegionA,1067,350.0
RegionA,1068,350.0
RegionA,1069,350.0
RegionA,1070,350.0
RegionA,1071,350.0
RegionA,1072,350.0
RegionA,1073,350.0
RegionA,1074,350.0
RegionA,1075,350.0
RegionA,1076,350.0
RegionA,1077,350.0
RegionA,1078,350.0
RegionA,1079,350.0
RegionA,1080,350.0
RegionA,1081,350.0
RegionA,1082,350.0
RegionA,1083,350.0
RegionA,1084,350.0
RegionA,1085,350.0
RegionA,1086,350.0
RegionA,1087,350.0
RegionA,1088,350.0
RegionA,1089,350.0
RegionA,1090,350.0
RegionA,1091,350.0
RegionA,1092,350.0
RegionA,1093,350.0
RegionA,1094,350.0
RegionA,1095,350.0
RegionA,1096,350.0
RegionA,1097,350.0
RegionA,1098,350.0
RegionA,1099,350.0
RegionA,1100,350.0
RegionA,1101,350.0
RegionA,1102,350.0
RegionA,1103,350.0
RegionA,1104,350.0
RegionA,1105,350.0
RegionA,1106,350.0
RegionA,1107,350.0
RegionA,1108,350.0
RegionA,1109,350.0
RegionA,1110,350.0
RegionA,1111,350.0
RegionA,1112,350.0
RegionA,1113,350.0
RegionA,1114,350.0
RegionA,1115,350.0
RegionA,1116,350.0
RegionA,1117,350.0
RegionA,1118,350.0
RegionA,1119,350.0
RegionA,1120,350.0
RegionA,1121,350.0
RegionA,1122,350.0
RegionA,1123,350.0
RegionA,1124,350.0
RegionA,1125,350.0
RegionA,1126,350.0
RegionA,1127,350.0
RegionA,1128,350.0
RegionA,1129,350.0
RegionA,1130,350.0
RegionA,1131,350.0
RegionA,1132,350.0
RegionA,1133,350.0
RegionA,1134,350.0
RegionA,1135,350.0
RegionA,1136,350.0
RegionA,1137,350.0
RegionA,1138,350.0
RegionA,1139,350.0
RegionA,1140,350.0
RegionA,1141,350.0
RegionA,1142,350.0
RegionA,1143,350.0
RegionA,1144,350.0
RegionA,1145,350.0
RegionA,1146,350.0
RegionA,1147,350.0
RegionA,1148,350.0
RegionA,1149,350.0
RegionA,1150,350.0
RegionA,1151,350.0
RegionA,1152,350.0
RegionA,1153,350.0
RegionA,1154,350.0
RegionA,1155,350.0
RegionA,1156,350.0
RegionA,1157,350.0
RegionA,1158,350.0
RegionA,1159,350.0
RegionA,1160,350.0
RegionA,1161,350.0
RegionA,1162,350.0
RegionA,1163,350.0
RegionA,1164,350.0
RegionA,1165,350.0
RegionA,1166,350.0
RegionA,1167,350.0
RegionA,1168,350.0
RegionA,1169,350.0
RegionA,1170,350.0
RegionA,1171,350.0
RegionA,1172,350.0
RegionA,1173,350.0
RegionA,1174,350.0
RegionA,1175,350.0
RegionA,1176,350.0
RegionA,1177,350.0
RegionA,1178,350.0
RegionA,1179,350.0
RegionA,1180,350.0
RegionA,1181,350.0
RegionA,1182,350.0
RegionA,1183,350.0
RegionA,1184,350.0
RegionA,1185,350.0
RegionA,1186,350.0
RegionA,1187,350.0
RegionA,1188,350.0
RegionA,1189,350.0
RegionA,1190,350.0
RegionA,1191,350.0
RegionA,1192,350.0
RegionA,1193,350.0
RegionA,1194,350.0
RegionA,1195,350.0
RegionA,1196,350.0
RegionA,1197,350.0
RegionA,1198,350.0
RegionA,1199,350.0
RegionA,1200,350.0
RegionA,1201,350.0
RegionA,1202,350.0
RegionA,1203,350.0
RegionA,1204,350.0
RegionA,1205,350.0
RegionA,1206,350.0
RegionA,1207,350.0
RegionA,1208,350.0
RegionA,1209,350.0
RegionA,1210,350.0
RegionA,1211,350.0
RegionA,1212,350.0
RegionA,1213,350.0
RegionA,1214,350.0
RegionA,1215,350.0
RegionA,1216,350.0
RegionA,1217,350.0
RegionA,1218,350.0
RegionA,1219,350.0
RegionA,1220,350.0
RegionA,1221,350.0
RegionA,1222,350.0
RegionA,1223,350.0
RegionA,1224,350.0
RegionA,1225,350.0
RegionA,1226,350.0
RegionA,1227,350.0
RegionA,1228,350.0
RegionA,1229,350.0
RegionA,1230,350.0
RegionA,1231,350.0
RegionA,1232,350.0
RegionA,1233,350.0
RegionA,1234,350.0
RegionA,1235,350.0
RegionA,1236,350.0
RegionA,1237,350.0
RegionA,1238,350.0
RegionA,1239,350.0
RegionA,1240,350.0
RegionA,1241,350.0
RegionA,1242,350.0
RegionA,1243,350.0
RegionA,1244,350.0
RegionA,1245,350.0
RegionA,1246,350.0
RegionA,1247,350.0
RegionA,1248,350.0
RegionA,1249,350.0
RegionA,1250,350.0
RegionA,1251,350.0
RegionA,1252,350.0
RegionA,1253,350.0
RegionA,1254,350.0
RegionA,1255,350.0
RegionA,1256,350.0
RegionA,1257,350.0
RegionA,1258,350.0
RegionA,1259,350.0
RegionA,1260,350.0
RegionA,1261,350.0
RegionA,1262,350.0
RegionA,1263,350.0
RegionA,1264,350.0
RegionA,1265,350.0
RegionA,1266,350.0
RegionA,1267,350.0
RegionA,1268,350.0
RegionA,1269,350.0
RegionA,1270,350.0
RegionA,1271,350.0
RegionA,1272,350.0
RegionA,1273,350.0
RegionA,1274,350.0
RegionA,1275,350.0
RegionA,1276,350.0
RegionA,1277,350.0
RegionA,1278,350.0
RegionA,1279,350.0
RegionA,1280,350.0
RegionA,1281,350.0
RegionA,1282,350.0
RegionA,1283,350.0
RegionA,1284,350.0
RegionA,1285,350.0
RegionA,1286,350.0
RegionA,1287,350.0
RegionA,1288,350.0
RegionA,1289,350.0
RegionA,1290,350.0
RegionA,1291,350.0
RegionA,1292,350.0
RegionA,1293,350.0
RegionA,1294,350.0
RegionA,1295,350.0
RegionA,1296,350.0
RegionA,1297,350.0
RegionA,1298,350.0
RegionA,1299,350.0
RegionA,1300,350.0
RegionA,1301,350.0
RegionA,1302,350.0
RegionA,1303,350.0
RegionA,1304,350.0
RegionA,1305,350.0
RegionA,1306,350.0
RegionA,1307,350.0
RegionA,1308,350.0
RegionA,1309,350.0
RegionA,1310,350.0
RegionA,1311,350.0
RegionA,1312,350.0
RegionA,1313,350.0
RegionA,1314,350.0
RegionA,1315,350.0
RegionA,1316,350.0
RegionA,1317,350.0
RegionA,1318,350.0
RegionA,1319,350.0
RegionA,1320,350.0
RegionA,1321,350.0
RegionA,1322,350.0
RegionA,1323,350.0
RegionA,1324,350.0
RegionA,1325,350.0
RegionA,1326,350.0
RegionA,1327,350.0
RegionA,1328,350.0
RegionA,1329,350.0
RegionA,1330,350.0
RegionA,1331,350.0
RegionA,1332,350.0
RegionA,1333,350.0
RegionA,1334,350.0
RegionA,1335,350.0
RegionA,1336,350.0
RegionA,1337,350.0
RegionA,1338,350.0
RegionA,1339,350.0
RegionA,1340,350.0
RegionA,1341,350.0
RegionA,1342,350.0
RegionA,1343,350.0
RegionA,1344,350.0
RegionA,1345,350.0
RegionA,1346,350.0
RegionA,1347,350.0
RegionA,1348,350.0
RegionA,1349,350.0
RegionA,1350,350.0
RegionA,1351,350.0
RegionA,1352,350.0
RegionA,1353,350.0
RegionA,1354,350.0
RegionA,1355,350.0
RegionA,1356,350.0
RegionA,1357,350.0
RegionA,1358,350.0
RegionA,1359,350.0
RegionA,1360,350.0
RegionA,1361,350.0
RegionA,1362,350.0
RegionA,1363,350.0
RegionA,1364,350.0
RegionA,1365,350.0
RegionA,1366,350.0
RegionA,1367,350.0
RegionA,1368,350.0
RegionA,1369,350.0
RegionA,1370,350.0
RegionA,1371,350.0
RegionA,1372,350.0
RegionA,1373,350.0
RegionA,1374,350.0
RegionA,1375,350.0
RegionA,1376,350.0
RegionA,1377,350.0
RegionA,1378,350.0
RegionA,1379,350.0
RegionA,1380,350.0
RegionA,1381,350.0
RegionA,1382,350.0
RegionA,1383,350.0
RegionA,1384,350.0
RegionA,1385,350.0
RegionA,1386,350.0
RegionA,1387,350.0
RegionA,1388,350.0
RegionA,1389,350.0
RegionA,1390,350.0
RegionA,1391,350.0
RegionA,1392,350.0
RegionA,1393,350.0
RegionA,1394,350.0
RegionA,1395,350.0
RegionA,1396,350.0
RegionA,1397,350.0
RegionA,1398,350.0
RegionA,1399,350.0
RegionA,1400,350.0
RegionA,1401,350.0
RegionA,1402,350.0
RegionA,1403,350.0
RegionA,1404,350.0
RegionA,1405,350.0
RegionA,1406,350.0
RegionA,1407,350.0
RegionA,1408,350.0
RegionA,1409,350.0
RegionA,1410,350.0
RegionA,1411,350.0
RegionA,1412,350.0
RegionA,1413,350.0
RegionA,1414,350.0
RegionA,1415,350.0
RegionA,1416,350.0
RegionA,1417,350.0
RegionA,1418,350.0
RegionA,1419,350.0
RegionA,1420,350.0
RegionA,1421,350.0
RegionA,1422,350.0
RegionA,1423,350.0
RegionA,1424,350.0
RegionA,1425,350.0
RegionA,1426,350.0
RegionA,1427,350.0
RegionA,1428,350.0
RegionA,1429,350.0
RegionA,1430,350.0
RegionA,1431,350.0
RegionA,1432,350.0
RegionA,1433,350.0
RegionA,1434,350.0
RegionA,1435,350.0
RegionA,1436,350.0
RegionA,1437,350.0
RegionA,1438,350.0
RegionA,1439,350.0
RegionA,1440,350.0
RegionA,1441,350.0
RegionA,1442,350.0
RegionA,1443,350.0
RegionA,1444,350.0
RegionA,1445,350.0
RegionA,1446,350.0
RegionA,1447,350.0
RegionA,1448,350.0
RegionA,1449,350.0
RegionA,1450,350.0
RegionA,1451,350.0
RegionA,1452,350.0
RegionA,1453,350.0
RegionA,1454,350.0
RegionA,1455,350.0
RegionA,1456,350.0
RegionA,1457,350.0
RegionA,1458,350.0
RegionA,1459,350.0
RegionA,1460,350.0
RegionA,1461,350.0
RegionA,1462,350.0
RegionA,1463,350.0
RegionA,1464,350.0
RegionA,1465,350.0
RegionA,1466,350.0
RegionA,1467,350.0
RegionA,1468,350.0
RegionA,1469,350.0
RegionA,1470,350.0
RegionA,1471,350.0
RegionA,1472,350.0
RegionA,1473,350.0
RegionA,1474,350.0
RegionA,1475,350.0
RegionA,1476,350.0
RegionA,1477,350.0
RegionA,1478,350.0
RegionA,1479,350.0
RegionA,1480,350.0
RegionA,1481,350.0
RegionA,1482,350.0
RegionA,1483,350.0
RegionA,1484,350.0
RegionA,1485,350.0
RegionA,1486,350.0
RegionA,1487,350.0
RegionA,1488,350.0
RegionA,1489,350.0
RegionA,1490,350.0
RegionA,1491,350.0
RegionA,1492,350.0
RegionA,1493,350.0
RegionA,1494,350.0
RegionA,1495,350.0
RegionA,1496,350.0
RegionA,1497,350.0
RegionA,1498,350.0
RegionA,1499,350.0
RegionA,1500,350.0
RegionA,1501,350.0
RegionA,1502,350.0
RegionA,1503,350.0
RegionA,1504,350.0
RegionA,1505,350.0
RegionA,1506,350.0
RegionA,1507,350.0
RegionA,1508,350.0
RegionA,1509,350.0
RegionA,1510,350.0
RegionA,1511,350.0
RegionA,1512,350.0
RegionA,1513,350.0
RegionA,1514,350.0
RegionA,1515,350.0
RegionA,1516,350.0
RegionA,1517,350.0
RegionA,1518,350.0
RegionA,1519,350.0
RegionA,1520,350.0
RegionA,1521,350.0
RegionA,1522,350.0
RegionA,1523,350.0
RegionA,1524,350.0
RegionA,1525,350.0
RegionA,1526,350.0
RegionA,1527,350.0
RegionA,1528,350.0
RegionA,1529,350.0
RegionA,1530,350.0
RegionA,1531,350.0
RegionA,1532,350.0
RegionA,1533,350.0
RegionA,1534,350.0
RegionA,1535,350.0
RegionA,1536,350.0
RegionA,1537,350.0
RegionA,1538,350.0
RegionA,1539,350.0
RegionA,1540,350.0
RegionA,1541,350.0
RegionA,1542,350.0
RegionA,1543,350.0
RegionA,1544,350.0
RegionA,1545,350.0
RegionA,1546,350.0
RegionA,1547,350.0
RegionA,1548,350.0
RegionA,1549,350.0
RegionA,1550,350.0
RegionA,1551,350.0
RegionA,1552,350.0
RegionA,1553,350.0
RegionA,1554,350.0
RegionA,1555,350.0
RegionA,1556,350.0
RegionA,1557,350.0
RegionA,1558,350.0
RegionA,1559,350.0
RegionA,1560,350.0
RegionA,1561,350.0
RegionA,1562,350.0
RegionA,1563,350.0
RegionA,1564,350.0
RegionA,1565,350.0
RegionA,1566,350.0
RegionA,1567,350.0
RegionA,1568,350.0
RegionA,1569,350.0
RegionA,1570,350.0
RegionA,1571,350.0
RegionA,1572,350.0
RegionA,1573,350.0
RegionA,1574,350.0
RegionA,1575,350.0
RegionA,1576,350.0
RegionA,1577,350.0
RegionA,1578,350.0
RegionA,1579,350.0
RegionA,1580,350.0
RegionA,1581,350.0
RegionA,1582,350.0
RegionA,1583,350.0
RegionA,1584,350.0
RegionA,1585,350.0
RegionA,1586,350.0
RegionA,1587,350.0
RegionA,1588,350.0
RegionA,1589,350.0
RegionA,1590,350.0
RegionA,1591,350.0
RegionA,1592,350.0
RegionA,1593,350.0
RegionA,1594,350.0
RegionA,1595,350.0
RegionA,1596,350.0
RegionA,1597,350.0
RegionA,1598,350.0
RegionA,1599,350.0
RegionA,1600,350.0
RegionA,1601,350.0
RegionA,1602,350.0
RegionA,1603,350.0
RegionA,1604,350.0
RegionA,1605,350.0
RegionA,1606,350.0
RegionA,1607,350.0
RegionA,1608,350.0
RegionA,1609,350.0
RegionA,1610,350.0
RegionA,1611,350.0
RegionA,1612,350.0
RegionA,1613,350.0
RegionA,1614,350.0
RegionA,1615,350.0
RegionA,1616,350.0
RegionA,1617,350.0
RegionA,1618,350.0
RegionA,1619,350.0
RegionA,1620,350.0
RegionA,1621,350.0
RegionA,1622,350.0
RegionA,1623,350.0
RegionA,1624,350.0
RegionA,1625,350.0
RegionA,1626,350.0
RegionA,1627,350.0
RegionA,1628,350.0
RegionA,1629,350.0
RegionA,1630,350.0
RegionA,1631,350.0
RegionA,1632,350.0
RegionA,1633,350.0
RegionA,1634,350.0
RegionA,1635,350.0
RegionA,1636,350.0
RegionA,1637,350.0
RegionA,1638,350.0
RegionA,1639,350.0
RegionA,1640,350.0
RegionA,1641,350.0
RegionA,1642,350.0
RegionA,1643,350.0
RegionA,1644,350.0
RegionA,1645,350.0
RegionA,1646,350.0
RegionA,1647,350.0
RegionA,1648,350.0
RegionA,1649,350.0
RegionA,1650,350.0
RegionA,1651,350.0
RegionA,1652,350.0
RegionA,1653,350.0
RegionA,1654,350.0
RegionA,1655,350.0
RegionA,1656,350.0
RegionA,1657,350.0
RegionA,1658,350.0
RegionA,1659,350.0
RegionA,1660,350.0
RegionA,1661,350.0
RegionA,1662,350.0
RegionA,1663,350.0
RegionA,1664,350.0
RegionA,1665,350.0
RegionA,1666,350.0
RegionA,1667,350.0
RegionA,1668,350.0
RegionA,1669,350.0
RegionA,1670,350.0
RegionA,1671,350.0
RegionA,1672,350.0
RegionA,1673,350.0
RegionA,1674,350.0
RegionA,1675,350.0
RegionA,1676,350.0
RegionA,1677,350.0
RegionA,1678,350.0
RegionA,1679,350.0
RegionA,1680,350.0
RegionA,1681,350.0
RegionA,1682,350.0
RegionA,1683,350.0
RegionA,1684,350.0
RegionA,1685,350.0
RegionA,1686,350.0
RegionA,1687,350.0
RegionA,1688,350.0
RegionA,1689,350.0
RegionA,1690,350.0
RegionA,1691,350.0
RegionA,1692,350.0
RegionA,1693,350.0
RegionA,1694,350.0
RegionA,1695,350.0
RegionA,1696,350.0
RegionA,1697,350.0
RegionA,1698,350.0
RegionA,1699,350.0
RegionA,1700,350.0
RegionA,1701,350.0
RegionA,1702,350.0
RegionA,1703,350.0
RegionA,1704,350.0
RegionA,1705,350.0
RegionA,1706,350.0
RegionA,1707,350.0
RegionA,1708,350.0
RegionA,1709,350.0
RegionA,1710,350.0
RegionA,1711,350.0
RegionA,1712,350.0
RegionA,1713,350.0
RegionA,1714,350.0
RegionA,1715,350.0
RegionA,1716,350.0
RegionA,1717,350.0
RegionA,1718,350.0
RegionA,1719,350.0
RegionA,1720,350.0
RegionA,1721,350.0
RegionA,1722,350.0
RegionA,1723,350.0
RegionA,1724,350.0
RegionA,1725,350.0
RegionA,1726,350.0
RegionA,1727,350.0
RegionA,1728,350.0
RegionA,1729,350.0
RegionA,1730,350.0
RegionA,1731,350.0
RegionA,1732,350.0
RegionA,1733,350.0
RegionA,1734,350.0
RegionA,1735,350.0
RegionA,1736,350.0
RegionA,1737,350.0
RegionA,1738,350.0
RegionA,1739,350.0
RegionA,1740,350.0
RegionA,1741,350.0
RegionA,1742,350.0
RegionA,1743,350.0
RegionA,1744,350.0
RegionA,1745,350.0
RegionA,1746,350.0
RegionA,1747,350.0
RegionA,1748,350.0
RegionA,1749,350.0
RegionA,1750,350.0
RegionA,1751,350.0
RegionA,1752,350.0
RegionA,1753,350.0
RegionA,1754,350.0
RegionA,1755,350.0
RegionA,1756,350.0
RegionA,1757,350.0
RegionA,1758,350.0
RegionA,1759,350.0
RegionA,1760,350.0
RegionA,1761,350.0
RegionA,1762,350.0
RegionA,1763,350.0
RegionA,1764,350.0
RegionA,1765,350.0
RegionA,1766,350.0
RegionA,1767,350.0
RegionA,1768,350.0
RegionA,1769,350.0
RegionA,1770,350.0
RegionA,1771,350.0
RegionA,1772,350.0
RegionA,1773,350.0
RegionA,1774,350.0
RegionA,1775,350.0
RegionA,1776,350.0
RegionA,1777,350.0
RegionA,1778,350.0
RegionA,1779,350.0
RegionA,1780,350.0
RegionA,1781,350.0
RegionA,1782,350.0
RegionA,1783,350.0
RegionA,1784,350.0
RegionA,1785,350.0
RegionA,1786,350.0
RegionA,1787,350.0
RegionA,1788,350.0
RegionA,1789,350.0
RegionA,1790,350.0
RegionA,1791,350.0
RegionA,1792,350.0
RegionA,1793,350.0
RegionA,1794,350.0
RegionA,1795,350.0
RegionA,1796,350.0
RegionA,1797,350.0
RegionA,1798,350.0
RegionA,1799,350.0
RegionA,1800,350.0
RegionA,1801,350.0
RegionA,1802,350.0
RegionA,1803,350.0
RegionA,1804,350.0
RegionA,1805,350.0
RegionA,1806,350.0
RegionA,1807,350.0
RegionA,1808,350.0
RegionA,1809,350.0
RegionA,1810,350.0
RegionA,1811,350.0
RegionA,1812,350.0
RegionA,1813,350.0
RegionA,1814,350.0
RegionA,1815,350.0
RegionA,1816,350.0
RegionA,1817,350.0
RegionA,1818,350.0
RegionA,1819,350.0
RegionA,1820,350.0
RegionA,1821,350.0
RegionA,1822,350.0
RegionA,1823,350.0
RegionA,1824,350.0
RegionA,1825,350.0
RegionA,1826,350.0
RegionA,1827,350.0
RegionA,1828,350.0
RegionA,1829,350.0
RegionA,1830,350.0
RegionA,1831,350.0
RegionA,1832,350.0
RegionA,1833,350.0
RegionA,1834,350.0
RegionA,1835,350.0
RegionA,1836,350.0
RegionA,1837,350.0
RegionA,1838,350.0
RegionA,1839,350.0
RegionA,1840,350.0
RegionA,1841,350.0
RegionA,1842,350.0
RegionA,1843,350.0
RegionA,1844,350.0
RegionA,1845,350.0
RegionA,1846,350.0
RegionA,1847,350.0
RegionA,1848,350.0
RegionA,1849,350.0
RegionA,1850,350.0
RegionA,1851,350.0
RegionA,1852,350.0
RegionA,1853,350.0
RegionA,1854,350.0
RegionA,1855,350.0
RegionA,1856,350.0
RegionA,1857,350.0
RegionA,1858,350.0
RegionA,1859,350.0
RegionA,1860,350.0
RegionA,1861,350.0
RegionA,1862,350.0
RegionA,1863,350.0
RegionA,1864,350.0
RegionA,1865,350.0
RegionA,1866,350.0
RegionA,1867,350.0
RegionA,1868,350.0
RegionA,1869,350.0
RegionA,1870,350.0
RegionA,1871,350.0
RegionA,1872,350.0
RegionA,1873,350.0
RegionA,1874,350.0
RegionA,1875,350.0
RegionA,1876,350.0
RegionA,1877,350.0
RegionA,1878,350.0
RegionA,1879,350.0
RegionA,1880,350.0
RegionA,1881,350.0
RegionA,1882,350.0
RegionA,1883,350.0
RegionA,1884,350.0
RegionA,1885,350.0
RegionA,1886,350.0
RegionA,1887,350.0
RegionA,1888,350.0
RegionA,1889,350.0
RegionA,1890,350.0
RegionA,1891,350.0
RegionA,1892,350.0
RegionA,1893,350.0
RegionA,1894,350.0
RegionA,1895,350.0
RegionA,1896,350.0
RegionA,1897,350.0
RegionA,1898,350.0
RegionA,1899,350.0
RegionA,1900,350.0
RegionA,1901,350.0
RegionA,1902,350.0
RegionA,1903,350.0
RegionA,1904,350.0
RegionA,1905,350.0
RegionA,1906,350.0
RegionA,1907,350.0
RegionA,1908,350.0
RegionA,1909,350.0
RegionA,1910,350.0
RegionA,1911,350.0
RegionA,1912,350.0
RegionA,1913,350.0
RegionA,1914,350.0
RegionA,1915,350.0
RegionA,1916,350.0
RegionA,1917,350.0
RegionA,1918,350.0
RegionA,1919,350.0
RegionA,1920,350.0
RegionA,1921,350.0
RegionA,1922,350.0
RegionA,1923,350.0
RegionA,1924,350.0
RegionA,1925,350.0
RegionA,1926,350.0
RegionA,1927,350.0
RegionA,1928,350.0
RegionA,1929,350.0
RegionA,1930,350.0
RegionA,1931,350.0
RegionA,1932,350.0
RegionA,1933,350.0
RegionA,1934,350.0
RegionA,1935,350.0
RegionA,1936,350.0
RegionA,1937,350.0
RegionA,1938,350.0
RegionA,1939,350.0
RegionA,1940,350.0
RegionA,1941,350.0
RegionA,1942,350.0
RegionA,1943,350.0
RegionA,1944,350.0
RegionA,1945,350.0
RegionA,1946,350.0
RegionA,1947,350.0
RegionA,1948,350.0
RegionA,1949,350.0
RegionA,1950,350.0
RegionA,1951,350.0
RegionA,1952,350.0
RegionA,1953,350.0
RegionA,1954,350.0
RegionA,1955,350.0
RegionA,1956,350.0
RegionA,1957,350.0
RegionA,1958,350.0
RegionA,1959,350.0
RegionA,1960,350.0
RegionA,1961,350.0
RegionA,1962,350.0
RegionA,1963,350.0
RegionA,1964,350.0
RegionA,1965,350.0
RegionA,1966,350.0
RegionA,1967,350.0
RegionA,1968,350.0
RegionA,1969,350.0
RegionA,1970,350.0
RegionA,1971,350.0
RegionA,1972,350.0
RegionA,1973,350.0
RegionA,1974,350.0
RegionA,1975,350.0
RegionA,1976,350.0
RegionA,1977,350.0
RegionA,1978,350.0
RegionA,1979,350.0
RegionA,1980,350.0
RegionA,1981,350.0
RegionA,1982,350.0
RegionA,1983,350.0
RegionA,1984,350.0
RegionA,1985,350.0
RegionA,1986,350.0
RegionA,1987,350.0
RegionA,1988,350.0
RegionA,1989,350.0
RegionA,1990,350.0
RegionA,1991,350.0
RegionA,1992,350.0
RegionA,1993,350.0
RegionA,1994,350.0
RegionA,1995,350.0
RegionA,1996,350.0
RegionA,1997,350.0
RegionA,1998,350.0
RegionA,1999,350.0
RegionA,2000,350.0
RegionA,2001,350.0
RegionA,2002,350.0
RegionA,2003,350.0
RegionA,2004,350.0
RegionA,2005,350.0
RegionA,2006,350.0
RegionA,2007,350.0
RegionA,2008,350.0
RegionA,2009,350.0
RegionA,2010,350.0
RegionA,2011,350.0
RegionA,2012,350.0
RegionA,2013,350.0
RegionA,2014,350.0
RegionA,2015,350.0
RegionA,2016,350.0
RegionA,2017,350.0
RegionA,2018,350.0
RegionA,2019,350.0
RegionA,2020,350.0
RegionA,2021,350.0
RegionA,2022,350.0
RegionA,2023,350.0
RegionA,2024,350.0
RegionA,2025,350.0
RegionA,2026,350.0
RegionA,2027,350.0
RegionA,2028,350.0
RegionA,2029,350.0
RegionA,2030,350.0
RegionA,2031,350.0
RegionA,2032,350.0
RegionA,2033,350.0
RegionA,2034,350.0
RegionA,2035,350.0
RegionA,2036,350.0
RegionA,2037,350.0
RegionA,2038,350.0
RegionA,2039,350.0
RegionA,2040,350.0
RegionA,2041,350.0
RegionA,2042,350.0
RegionA,2043,350.0
RegionA,2044,350.0
RegionA,2045,350.0
RegionA,2046,350.0
RegionA,2047,350.0
RegionA,2048,350.0
RegionA,2049,350.0
RegionA,2050,350.0
RegionA,2051,350.0
RegionA,2052,350.0
RegionA,2053,350.0
RegionA,2054,350.0
RegionA,2055,350.0
RegionA,2056,350.0
RegionA,2057,350.0
RegionA,2058,350.0
RegionA,2059,350.0
RegionA,2060,350.0
RegionA,2061,350.0
RegionA,2062,350.0
RegionA,2063,350.0
RegionA,2064,350.0
RegionA,2065,350.0
RegionA,2066,350.0
RegionA,2067,350.0
RegionA,2068,350.0
RegionA,2069,350.0
RegionA,2070,350.0
RegionA,2071,350.0
RegionA,2072,350.0
RegionA,2073,350.0
RegionA,2074,350.0
RegionA,2075,350.0
RegionA,2076,350.0
RegionA,2077,350.0
RegionA,2078,350.0
RegionA,2079,350.0
RegionA,2080,350.0
RegionA,2081,350.0
RegionA,2082,350.0
RegionA,2083,350.0
RegionA,2084,350.0
RegionA,2085,350.0
RegionA,2086,350.0
RegionA,2087,350.0
RegionA,2088,350.0
RegionA,2089,350.0
RegionA,2090,350.0
RegionA,2091,350.0
RegionA,2092,350.0
RegionA,2093,350.0
RegionA,2094,350.0
RegionA,2095,350.0
RegionA,2096,350.0
RegionA,2097,350.0
RegionA,2098,350.0
RegionA,2099,350.0
RegionA,2100,350.0
RegionA,2101,350.0
RegionA,2102,350.0
RegionA,2103,350.0
RegionA,2104,350.0
RegionA,2105,350.0
RegionA,2106,350.0
RegionA,2107,350.0
RegionA,2108,350.0
RegionA,2109,350.0
RegionA,2110,350.0
RegionA,2111,350.0
RegionA,2112,350.0
RegionA,2113,350.0
RegionA,2114,350.0
RegionA,2115,350.0
RegionA,2116,350.0
RegionA,2117,350.0
RegionA,2118,350.0
RegionA,2119,350.0
RegionA,2120,350.0
RegionA,2121,350.0
RegionA,2122,350.0
RegionA,2123,350.0
RegionA,2124,350.0
RegionA,2125,350.0
RegionA,2126,350.0
RegionA,2127,350.0
RegionA,2128,350.0
RegionA,2129,350.0
RegionA,2130,350.0
RegionA,2131,350.0
RegionA,2132,350.0
RegionA,2133,350.0
RegionA,2134,350.0
RegionA,2135,350.0
RegionA,2136,350.0
RegionA,2137,350.0
RegionA,2138,350.0
RegionA,2139,350.0
RegionA,2140,350.0
RegionA,2141,350.0
RegionA,2142,350.0
RegionA,2143,350.0
RegionA,2144,350.0
RegionA,2145,350.0
RegionA,2146,350.0
RegionA,2147,350.0
RegionA,2148,350.0
RegionA,2149,350.0
RegionA,2150,350.0
RegionA,2151,350.0
RegionA,2152,350.0
RegionA,2153,350.0
RegionA,2154,350.0
RegionA,2155,350.0
RegionA,2156,350.0
RegionA,2157,350.0
RegionA,2158,350.0
RegionA,2159,350.0
RegionA,2160,350.0
RegionA,2161,350.0
RegionA,2162,350.0
RegionA,2163,350.0
RegionA,2164,350.0
RegionA,2165,350.0
RegionA,2166,350.0
RegionA,2167,350.0
RegionA,2168,350.0
RegionA,2169,350.0
RegionA,2170,350.0
RegionA,2171,350.0
RegionA,2172,350.0
RegionA,2173,350.0
RegionA,2174,350.0
RegionA,2175,350.0
RegionA,2176,350.0
RegionA,2177,350.0
RegionA,2178,350.0
RegionA,2179,350.0
RegionA,2180,350.0
RegionA,2181,350.0
RegionA,2182,350.0
RegionA,2183,350.0
RegionA,2184,350.0
RegionA,2185,350.0
RegionA,2186,350.0
RegionA,2187,350.0
RegionA,2188,350.0
RegionA,2189,350.0
RegionA,2190,350.0
RegionA,2191,350.0
RegionA,2192,350.0
RegionA,2193,350.0
RegionA,2194,350.0
RegionA,2195,350.0
RegionA,2196,350.0
RegionA,2197,350.0
RegionA,2198,350.0
RegionA,2199,350.0
RegionA,2200,350.0
RegionA,2201,350.0
RegionA,2202,350.0
RegionA,2203,350.0
RegionA,2204,350.0
RegionA,2205,350.0
RegionA,2206,350.0
RegionA,2207,350.0
RegionA,2208,350.0
RegionA,2209,350.0
RegionA,2210,350.0
RegionA,2211,350.0
RegionA,2212,350.0
RegionA,2213,350.0
RegionA,2214,350.0
RegionA,2215,350.0
RegionA,2216,350.0
RegionA,2217,350.0
RegionA,2218,350.0
RegionA,2219,350.0
RegionA,2220,350.0
RegionA,2221,350.0
RegionA,2222,350.0
RegionA,2223,350.0
RegionA,2224,350.0
RegionA,2225,350.0
RegionA,2226,350.0
RegionA,2227,350.0
RegionA,2228,350.0
RegionA,2229,350.0
RegionA,2230,350.0
RegionA,2231,350.0
RegionA,2232,350.0
RegionA,2233,350.0
RegionA,2234,350.0
RegionA,2235,350.0
RegionA,2236,350.0
RegionA,2237,350.0
RegionA,2238,350.0
RegionA,2239,350.0
RegionA,2240,350.0
RegionA,2241,350.0
RegionA,2242,350.0
RegionA,2243,350.0
RegionA,2244,350.0
RegionA,2245,350.0
RegionA,2246,350.0
RegionA,2247,350.0
RegionA,2248,350.0
RegionA,2249,350.0
RegionA,2250,350.0
RegionA,2251,350.0
RegionA,2252,350.0
RegionA,2253,350.0
RegionA,2254,350.0
RegionA,2255,350.0
RegionA,2256,350.0
RegionA,2257,350.0
RegionA,2258,350.0
RegionA,2259,350.0
RegionA,2260,350.0
RegionA,2261,350.0
RegionA,2262,350.0
RegionA,2263,350.0
RegionA,2264,350.0
RegionA,2265,350.0
RegionA,2266,350.0
RegionA,2267,350.0
RegionA,2268,350.0
RegionA,2269,350.0
RegionA,2270,350.0
RegionA,2271,350.0
RegionA,2272,350.0
RegionA,2273,350.0
RegionA,2274,350.0
RegionA,2275,350.0
RegionA,2276,350.0
RegionA,2277,350.0
RegionA,2278,350.0
RegionA,2279,350.0
RegionA,2280,350.0
RegionA,2281,350.0
RegionA,2282,350.0
RegionA,2283,350.0
RegionA,2284,350.0
RegionA,2285,350.0
RegionA,2286,350.0
RegionA,2287,350.0
RegionA,2288,350.0
RegionA,2289,350.0
RegionA,2290,350.0
RegionA,2291,350.0
RegionA,2292,350.0
RegionA,2293,350.0
RegionA,2294,350.0
RegionA,2295,350.0
RegionA,2296,350.0
RegionA,2297,350.0
RegionA,2298,350.0
RegionA,2299,350.0
RegionA,2300,350.0
RegionA,2301,350.0
RegionA,2302,350.0
RegionA,2303,350.0
RegionA,2304,350.0
RegionA,2305,350.0
RegionA,2306,350.0
RegionA,2307,350.0
RegionA,2308,350.0
RegionA,2309,350.0
RegionA,2310,350.0
RegionA,2311,350.0
RegionA,2312,350.0
RegionA,2313,350.0
RegionA,2314,350.0
RegionA,2315,350.0
RegionA,2316,350.0
RegionA,2317,350.0
RegionA,2318,350.0
RegionA,2319,350.0
RegionA,2320,350.0
RegionA,2321,350.0
RegionA,2322,350.0
RegionA,2323,350.0
RegionA,2324,350.0
RegionA,2325,350.0
RegionA,2326,350.0
RegionA,2327,350.0
RegionA,2328,350.0
RegionA,2329,350.0
RegionA,2330,350.0
RegionA,2331,350.0
RegionA,2332,350.0
RegionA,2333,350.0
RegionA,2334,350.0
RegionA,2335,350.0
RegionA,2336,350.0
RegionA,2337,350.0
RegionA,2338,350.0
RegionA,2339,350.0
RegionA,2340,350.0
RegionA,2341,350.0
RegionA,2342,350.0
RegionA,2343,350.0
RegionA,2344,350.0
RegionA,2345,350.0
RegionA,2346,350.0
RegionA,2347,350.0
RegionA,2348,350.0
RegionA,2349,350.0
RegionA,2350,350.0
RegionA,2351,350.0
RegionA,2352,350.0
RegionA,2353,350.0
RegionA,2354,350.0
RegionA,2355,350.0
RegionA,2356,350.0
RegionA,2357,350.0
RegionA,2358,350.0
RegionA,2359,350.0
RegionA,2360,350.0
RegionA,2361,350.0
RegionA,2362,350.0
RegionA,2363,350.0
RegionA,2364,350.0
RegionA,2365,350.0
RegionA,2366,350.0
RegionA,2367,350.0
RegionA,2368,350.0
RegionA,2369,350.0
RegionA,2370,350.0
RegionA,2371,350.0
RegionA,2372,350.0
RegionA,2373,350.0
RegionA,2374,350.0
RegionA,2375,350.0
RegionA,2376,350.0
RegionA,2377,350.0
RegionA,2378,350.0
RegionA,2379,350.0
RegionA,2380,350.0
RegionA,2381,350.0
RegionA,2382,350.0
RegionA,2383,350.0
RegionA,2384,350.0
RegionA,2385,350.0
RegionA,2386,350.0
RegionA,2387,350.0
RegionA,2388,350.0
RegionA,2389,350.0
RegionA,2390,350.0
RegionA,2391,350.0
RegionA,2392,350.0
RegionA,2393,350.0
RegionA,2394,350.0
RegionA,2395,350.0
RegionA,2396,350.0
RegionA,2397,350.0
RegionA,2398,350.0
RegionA,2399,350.0
RegionA,2400,350.0
RegionA,2401,350.0
RegionA,2402,350.0
RegionA,2403,350.0
RegionA,2404,350.0
RegionA,2405,350.0
RegionA,2406,350.0
RegionB,0,219.7452445815
RegionB,1,276.04093499999993
RegionB,2,320.0
RegionB,3,320.0
RegionB,4,320.0
RegionB,5,320.0
RegionB,6,320.0
RegionB,7,320.0
RegionB,8,320.0
RegionB,9,320.0
RegionB,10,320.0
RegionB,11,320.0
RegionB,12,320.0
RegionB,13,320.0
RegionB,14,320.0
RegionB,15,320.0
RegionB,16,320.0
RegionB,17,320.0
RegionB,18,320.0
RegionB,19,320.0
RegionB,20,320.0
RegionB,21,320.0
RegionB,22,320.0
RegionB,23,320.0
RegionB,24,320.0
RegionB,25,320.0
RegionB,26,320.0
RegionB,27,320.0
RegionB,28,320.0
RegionB,29,320.0
RegionB,30,320.0
RegionB,31,320.0
RegionB,32,320.0
RegionB,33,320.0
RegionB,34,320.0
RegionB,35,320.0
RegionB,36,320.0
RegionB,37,320.0
RegionB,38,320.0
RegionB,39,320.0
RegionB,40,320.0
RegionB,41,320.0
RegionB,42,320.0
RegionB,43,320.0
RegionB,44,320.0
RegionB,45,320.0
RegionB,46,320.0
RegionB,47,320.0
RegionB,48,320.0
RegionB,49,320.0
RegionB,50,320.0
RegionB,51,320.0
RegionB,52,320.0
RegionB,53,320.0
RegionB,54,320.0
RegionB,55,320.0
RegionB,56,320.0
RegionB,57,320.0
RegionB,58,320.0
RegionB,59,320.0
RegionB,60,320.0
RegionB,61,320.0
RegionB,62,320.0
RegionB,63,320.0
RegionB,64,320.0
RegionB,65,320.0
RegionB,66,320.0
RegionB,67,320.0
RegionB,68,320.0
RegionB,69,320.0
RegionB,70,320.0
RegionB,71,320.0
RegionB,72,320.0
RegionB,73,320.0
RegionB,74,320.0
RegionB,75,320.0
RegionB,76,320.0
RegionB,77,320.0
RegionB,78,320.0
RegionB,79,320.0
RegionB,80,320.0
RegionB,81,320.0
RegionB,82,320.0
RegionB,83,320.0
RegionB,84,320.0
RegionB,85,320.0
RegionB,86,320.0
RegionB,87,320.0
RegionB,88,320.0
RegionB,89,320.0
RegionB,90,320.0
RegionB,91,320.0
RegionB,92,320.0
RegionB,93,320.0
RegionB,94,320.0
RegionB,95,320.0
RegionB,96,320.0
RegionB,97,320.0
RegionB,98,320.0
RegionB,99,320.0
RegionB,100,320.0
RegionB,101,320.0
RegionB,102,320.0
RegionB,103,320.0
RegionB,104,320.0
RegionB,105,320.0
RegionB,106,320.0
RegionB,107,320.0
RegionB,108,320.0
RegionB,109,320.0
RegionB,110,320.0
RegionB,111,320.0
RegionB,112,320.0
RegionB,113,320.0
RegionB,114,320.0
RegionB,115,320.0
RegionB,116,320.0
RegionB,117,320.0
RegionB,118,320.0
RegionB,119,320.0
RegionB,120,320.0
RegionB,121,320.0
RegionB,122,320.0
RegionB,123,320.0
RegionB,124,320.0
RegionB,125,320.0
RegionB,126,320.0
RegionB,127,320.0
RegionB,128,320.0
RegionB,129,320.0
RegionB,130,320.0
RegionB,131,320.0
RegionB,132,320.0
RegionB,133,320.0
RegionB,134,320.0
RegionB,135,320.0
RegionB,136,320.0
RegionB,137,320.0
RegionB,138,320.0
RegionB,139,320.0
RegionB,140,320.0
RegionB,141,320.0
RegionB,142,320.0
RegionB,143,320.0
RegionB,144,320.0
RegionB,145,320.0
RegionB,146,320.0
RegionB,147,320.0
RegionB,148,320.0
RegionB,149,320.0
RegionB,150,320.0
RegionB,151,320.0
RegionB,152,320.0
RegionB,153,320.0
RegionB,154,320.0
RegionB,155,320.0
RegionB,156,320.0
RegionB,157,320.0
RegionB,158,320.0
RegionB,159,320.0
RegionB,160,320.0
RegionB,161,320.0
RegionB,162,320.0
RegionB,163,320.0
RegionB,164,320.0
RegionB,165,320.0
RegionB,166,320.0
RegionB,167,320.0
RegionB,168,320.0
RegionB,169,320.0
RegionB,170,320.0
RegionB,171,320.0
RegionB,172,320.0
RegionB,173,320.0
RegionB,174,320.0
RegionB,175,320.0
RegionB,176,320.0
RegionB,177,320.0
RegionB,178,320.0
RegionB,179,320.0
RegionB,180,320.0
RegionB,181,320.0
RegionB,182,320.0
RegionB,183,320.0
RegionB,184,320.0
RegionB,185,320.0
RegionB,186,320.0
RegionB,187,320.0
RegionB,188,320.0
RegionB,189,320.0
RegionB,190,320.0
RegionB,191,320.0
RegionB,192,320.0
RegionB,193,320.0
RegionB,194,320.0
RegionB,195,320.0
RegionB,196,320.0
RegionB,197,320.0
RegionB,198,320.0
RegionB,199,320.0
RegionB,200,320.0
RegionB,201,320.0
RegionB,202,320.0
RegionB,203,320.0
RegionB,204,320.0
RegionB,205,320.0
RegionB,206,320.0
RegionB,207,320.0
RegionB,208,320.0
RegionB,209,320.0
RegionB,210,320.0
RegionB,211,320.0
RegionB,212,320.0
RegionB,213,320.0
RegionB,214,320.0
RegionB,215,320.0
RegionB,216,320.0
RegionB,217,320.0
RegionB,218,320.0
RegionB,219,320.0
RegionB,220,320.0
RegionB,221,320.0
RegionB,222,320.0
RegionB,223,320.0
RegionB,224,320.0
RegionB,225,320.0
RegionB,226,320.0
RegionB,227,320.0
RegionB,228,320.0
RegionB,229,320.0
RegionB,230,320.0
RegionB,231,320.0
RegionB,232,320.0
RegionB,233,320.0
RegionB,234,320.0
RegionB,235,320.0
RegionB,236,320.0
RegionB,237,320.0
RegionB,238,320.0
RegionB,239,320.0
RegionB,240,320.0
RegionB,241,320.0
RegionB,242,320.0
RegionB,243,320.0
RegionB,244,320.0
RegionB,245,320.0
RegionB,246,320.0
RegionB,247,320.0
RegionB,248,320.0
RegionB,249,320.0
RegionB,250,320.0
RegionB,251,320.0
RegionB,252,320.0
RegionB,253,320.0
RegionB,254,320.0
RegionB,255,320.0
RegionB,256,320.0
RegionB,257,320.0
RegionB,258,320.0
RegionB,259,320.0
RegionB,260,320.0
RegionB,261,320.0
RegionB,262,320.0
RegionB,263,320.0
RegionB,264,320.0
RegionB,265,320.0
RegionB,266,320.0
RegionB,267,320.0
RegionB,268,320.0
RegionB,269,320.0
RegionB,270,320.0
RegionB,271,320.0
RegionB,272,320.0
RegionB,273,320.0
RegionB,274,320.0
RegionB,275,320.0
RegionB,276,320.0
RegionB,277,320.0
RegionB,278,320.0
RegionB,279,320.0
RegionB,280,320.0
RegionB,281,320.0
RegionB,282,320.0
RegionB,283,320.0
RegionB,284,320.0
RegionB,285,320.0
RegionB,286,320.0
RegionB,287,320.0
RegionB,288,320.0
RegionB,289,320.0
RegionB,290,320.0
RegionB,291,320.0
RegionB,292,320.0
RegionB,293,320.0
RegionB,294,320.0
RegionB,295,320.0
RegionB,296,320.0
RegionB,297,320.0
RegionB,298,320.0
RegionB,299,320.0
RegionB,300,320.0
RegionB,301,320.0
RegionB,302,320.0
RegionB,303,320.0
RegionB,304,320.0
RegionB,305,320.0
RegionB,306,320.0
RegionB,307,320.0
RegionB,308,320.0
RegionB,309,320.0
RegionB,310,320.0
RegionB,311,320.0
RegionB,312,320.0
RegionB,313,320.0
RegionB,314,320.0
RegionB,315,320.0
RegionB,316,320.0
RegionB,317,320.0
RegionB,318,320.0
RegionB,319,320.0
RegionB,320,320.0
RegionB,321,320.0
RegionB,322,320.0
RegionB,323,320.0
RegionB,324,320.0
RegionB,325,320.0
RegionB,326,320.0
RegionB,327,320.0
RegionB,328,320.0
RegionB,329,320.0
RegionB,330,320.0
RegionB,331,320.0
RegionB,332,320.0
RegionB,333,320.0
RegionB,334,320.0
RegionB,335,320.0
RegionB,336,320.0
RegionB,337,320.0
RegionB,338,320.0
RegionB,339,320.0
RegionB,340,320.0
RegionB,341,320.0
RegionB,342,320.0
RegionB,343,320.0
RegionB,344,320.0
RegionB,345,320.0
RegionB,346,320.0
RegionB,347,320.0
RegionB,348,320.0
RegionB,349,320.0
RegionB,350,320.0
RegionB,351,320.0
RegionB,352,320.0
RegionB,353,320.0
RegionB,354,320.0
RegionB,355,320.0
RegionB,356,320.0
RegionB,357,320.0
RegionB,358,320.0
RegionB,359,320.0
RegionB,360,320.0
RegionB,361,320.0
RegionB,362,320.0
RegionB,363,320.0
RegionB,364,320.0
RegionB,365,320.0
RegionB,366,320.0
RegionB,367,320.0
RegionB,368,320.0
RegionB,369,320.0
RegionB,370,320.0
RegionB,371,320.0
RegionB,372,320.0
RegionB,373,320.0
RegionB,374,320.0
RegionB,375,320.0
RegionB,376,320.0
RegionB,377,320.0
RegionB,378,320.0
RegionB,379,320.0
RegionB,380,320.0
RegionB,381,320.0
RegionB,382,320.0
RegionB,383,320.0
RegionB,384,320.0
RegionB,385,320.0
RegionB,386,320.0
RegionB,387,320.0
RegionB,388,320.0
RegionB,389,320.0
RegionB,390,320.0
RegionB,391,320.0
RegionB,392,320.0
RegionB,393,320.0
RegionB,394,320.0
RegionB,395,320.0
RegionB,396,320.0
RegionB,397,320.0
RegionB,398,320.0
RegionB,399,320.0
RegionB,400,320.0
RegionB,401,320.0
RegionB,402,320.0
RegionB,403,320.0
RegionB,404,320.0
RegionB,405,320.0
RegionB,406,320.0
RegionB,407,320.0
RegionB,408,320.0
RegionB,409,320.0
RegionB,410,320.0
RegionB,411,320.0
RegionB,412,320.0
RegionB,413,320.0
RegionB,414,320.0
RegionB,415,320.0
RegionB,416,320.0
RegionB,417,320.0
RegionB,418,320.0
RegionB,419,320.0
RegionB,420,320.0
RegionB,421,320.0
RegionB,422,320.0
RegionB,423,320.0
RegionB,424,320.0
RegionB,425,320.0
RegionB,426,320.0
RegionB,427,320.0
RegionB,428,320.0
RegionB,429,320.0
RegionB,430,320.0
RegionB,431,320.0
RegionB,432,320.0
RegionB,433,320.0
RegionB,434,320.0
RegionB,435,320.0
RegionB,436,320.0
RegionB,437,320.0
RegionB,438,320.0
RegionB,439,320.0
RegionB,440,320.0
RegionB,441,320.0
RegionB,442,320.0
RegionB,443,320.0
RegionB,444,320.0
RegionB,445,320.0
RegionB,446,320.0
RegionB,447,320.0
RegionB,448,320.0
RegionB,449,320.0
RegionB,450,320.0
RegionB,451,320.0
RegionB,452,320.0
RegionB,453,320.0
RegionB,454,320.0
RegionB,455,320.0
RegionB,456,320.0
RegionB,457,320.0
RegionB,458,320.0
RegionB,459,320.0
RegionB,460,320.0
RegionB,461,320.0
RegionB,462,320.0
RegionB,463,320.0
RegionB,464,320.0
RegionB,465,320.0
RegionB,466,320.0
RegionB,467,320.0
RegionB,468,320.0
RegionB,469,320.0
RegionB,470,320.0
RegionB,471,320.0
RegionB,472,320.0
RegionB,473,320.0
RegionB,474,320.0
RegionB,475,320.0
RegionB,476,320.0
RegionB,477,320.0
RegionB,478,320.0
RegionB,479,320.0
RegionB,480,320.0
RegionB,481,320.0
RegionB,482,320.0
RegionB,483,320.0
RegionB,484,320.0
RegionB,485,320.0
RegionB,486,320.0
RegionB,487,320.0
RegionB,488,320.0
RegionB,489,320.0
RegionB,490,320.0
RegionB,491,320.0
RegionB,492,320.0
RegionB,493,320.0
RegionB,494,320.0
RegionB,495,320.0
RegionB,496,320.0
RegionB,497,320.0
RegionB,498,320.0
RegionB,499,320.0
RegionB,500,320.0
RegionB,501,320.0
RegionB,502,320.0
RegionB,503,320.0
RegionB,504,320.0
RegionB,505,320.0
RegionB,506,320.0
RegionB,507,320.0
RegionB,508,320.0
RegionB,509,320.0
RegionB,510,320.0
RegionB,511,320.0
RegionB,512,320.0
RegionB,513,320.0
RegionB,514,320.0
RegionB,515,320.0
RegionB,516,320.0
RegionB,517,320.0
RegionB,518,320.0
RegionB,519,320.0
RegionB,520,320.0
RegionB,521,320.0
RegionB,522,320.0
RegionB,523,320.0
RegionB,524,320.0
RegionB,525,320.0
RegionB,526,320.0
RegionB,527,320.0
RegionB,528,320.0
RegionB,529,320.0
RegionB,530,320.0
RegionB,531,320.0
RegionB,532,320.0
RegionB,533,320.0
RegionB,534,320.0
RegionB,535,320.0
RegionB,536,320.0
RegionB,537,320.0
RegionB,538,320.0
RegionB,539,320.0
RegionB,540,320.0
RegionB,541,320.0
RegionB,542,320.0
RegionB,543,320.0
RegionB,544,320.0
RegionB,545,320.0
RegionB,546,320.0
RegionB,547,320.0
RegionB,548,320.0
RegionB,549,320.0
RegionB,550,320.0
RegionB,551,320.0
RegionB,552,320.0
RegionB,553,320.0
RegionB,554,320.0
RegionB,555,320.0
RegionB,556,320.0
RegionB,557,320.0
RegionB,558,320.0
RegionB,559,320.0
RegionB,560,320.0
RegionB,561,320.0
RegionB,562,320.0
RegionB,563,320.0
RegionB,564,320.0
RegionB,565,320.0
RegionB,566,320.0
RegionB,567,320.0
RegionB,568,320.0
RegionB,569,320.0
RegionB,570,320.0
RegionB,571,320.0
RegionB,572,320.0
RegionB,573,320.0
RegionB,574,320.0
RegionB,575,320.0
RegionB,576,320.0
RegionB,577,320.0
RegionB,578,320.0
RegionB,579,320.0
RegionB,580,320.0
RegionB,581,320.0
RegionB,582,320.0
RegionB,583,320.0
RegionB,584,320.0
RegionB,585,320.0
RegionB,586,320.0
RegionB,587,320.0
RegionB,588,320.0
RegionB,589,320.0
RegionB,590,320.0
RegionB,591,320.0
RegionB,592,320.0
RegionB,593,320.0
RegionB,594,320.0
RegionB,595,320.0
RegionB,596,320.0
RegionB,597,320.0
RegionB,598,320.0
RegionB,599,320.0
RegionB,600,320.0
RegionB,601,320.0
RegionB,602,320.0
RegionB,603,320.0
RegionB,604,320.0
RegionB,605,320.0
RegionB,606,320.0
RegionB,607,320.0
RegionB,608,320.0
RegionB,609,320.0
RegionB,610,320.0
RegionB,611,320.0
RegionB,612,320.0
RegionB,613,320.0
RegionB,614,320.0
RegionB,615,320.0
RegionB,616,320.0
RegionB,617,320.0
RegionB,618,320.0
RegionB,619,320.0
RegionB,620,320.0
RegionB,621,320.0
RegionB,622,320.0
RegionB,623,320.0
RegionB,624,320.0
RegionB,625,320.0
RegionB,626,320.0
RegionB,627,320.0
RegionB,628,320.0
RegionB,629,320.0
RegionB,630,320.0
RegionB,631,320.0
RegionB,632,320.0
RegionB,633,320.0
RegionB,634,320.0
RegionB,635,320.0
RegionB,636,320.0
RegionB,637,320.0
RegionB,638,320.0
RegionB,639,320.0
RegionB,640,320.0
RegionB,641,320.0
RegionB,642,320.0
RegionB,643,320.0
RegionB,644,320.0
RegionB,645,320.0
RegionB,646,320.0
RegionB,647,320.0
RegionB,648,320.0
RegionB,649,320.0
RegionB,650,320.0
RegionB,651,320.0
RegionB,652,320.0
RegionB,653,320.0
RegionB,654,320.0
RegionB,655,320.0
RegionB,656,320.0
RegionB,657,320.0
RegionB,658,320.0
RegionB,659,320.0
RegionB,660,320.0
RegionB,661,320.0
RegionB,662,320.0
RegionB,663,320.0
RegionB,664,320.0
RegionB,665,320.0
RegionB,666,320.0
RegionB,667,320.0
RegionB,668,320.0
RegionB,669,320.0
RegionB,670,320.0
RegionB,671,320.0
RegionB,672,320.0
RegionB,673,320.0
RegionB,674,320.0
RegionB,675,320.0
RegionB,676,320.0
RegionB,677,320.0
RegionB,678,320.0
RegionB,679,320.0
RegionB,680,320.0
RegionB,681,320.0
RegionB,682,320.0
RegionB,683,320.0
RegionB,684,320.0
RegionB,685,320.0
RegionB,686,320.0
RegionB,687,320.0
RegionB,688,320.0
RegionB,689,320.0
RegionB,690,320.0
RegionB,691,320.0
RegionB,692,320.0
RegionB,693,320.0
RegionB,694,320.0
RegionB,695,320.0
RegionB,696,320.0
RegionB,697,320.0
RegionB,698,320.0
RegionB,699,320.0
RegionB,700,320.0
RegionB,701,320.0
RegionB,702,320.0
RegionB,703,320.0
RegionB,704,320.0
RegionB,705,320.0
RegionB,706,320.0
RegionB,707,320.0
RegionB,708,320.0
RegionB,709,320.0
RegionB,710,320.0
RegionB,711,320.0
RegionB,712,320.0
RegionB,713,320.0
RegionB,714,320.0
RegionB,715,320.0
RegionB,716,320.0
RegionB,717,320.0
RegionB,718,320.0
RegionB,719,320.0
RegionB,720,320.0
RegionB,721,320.0
RegionB,722,320.0
RegionB,723,320.0
RegionB,724,320.0
RegionB,725,320.0
RegionB,726,320.0
RegionB,727,320.0
RegionB,728,320.0
RegionB,729,320.0
RegionB,730,320.0
RegionB,731,320.0
RegionB,732,320.0
RegionB,733,320.0
RegionB,734,320.0
RegionB,735,320.0
RegionB,736,320.0
RegionB,737,320.0
RegionB,738,320.0
RegionB,739,320.0
RegionB,740,320.0
RegionB,741,320.0
RegionB,742,320.0
RegionB,743,320.0
RegionB,744,320.0
RegionB,745,320.0
RegionB,746,320.0
RegionB,747,320.0
RegionB,748,320.0
RegionB,749,320.0
RegionB,750,320.0
RegionB,751,320.0
RegionB,752,320.0
RegionB,753,320.0
RegionB,754,320.0
RegionB,755,320.0
RegionB,756,320.0
RegionB,757,320.0
RegionB,758,320.0
RegionB,759,320.0
RegionB,760,320.0
RegionB,761,320.0
RegionB,762,320.0
RegionB,763,320.0
RegionB,764,320.0
RegionB,765,320.0
RegionB,766,320.0
RegionB,767,320.0
RegionB,768,320.0
RegionB,769,320.0
RegionB,770,320.0
RegionB,771,320.0
RegionB,772,320.0
RegionB,773,320.0
RegionB,774,320.0
RegionB,775,320.0
RegionB,776,320.0
RegionB,777,320.0
RegionB,778,320.0
RegionB,779,320.0
RegionB,780,320.0
RegionB,781,320.0
RegionB,782,320.0
RegionB,783,320.0
RegionB,784,320.0
RegionB,785,320.0
RegionB,786,320.0
RegionB,787,320.0
RegionB,788,320.0
RegionB,789,320.0
RegionB,790,320.0
RegionB,791,320.0
RegionB,792,320.0
RegionB,793,320.0
RegionB,794,320.0
RegionB,795,320.0
RegionB,796,320.0
RegionB,797,320.0
RegionB,798,320.0
RegionB,799,320.0
RegionB,800,320.0
RegionB,801,320.0
RegionB,802,320.0
RegionB,803,320.0
RegionB,804,320.0
RegionB,805,320.0
RegionB,806,320.0
RegionB,807,320.0
RegionB,808,320.0
RegionB,809,320.0
RegionB,810,320.0
RegionB,811,320.0
RegionB,812,320.0
RegionB,813,320.0
RegionB,814,320.0
RegionB,815,320.0
RegionB,816,320.0
RegionB,817,320.0
RegionB,818,320.0
RegionB,819,320.0
RegionB,820,320.0
RegionB,821,320.0
RegionB,822,320.0
RegionB,823,320.0
RegionB,824,320.0
RegionB,825,320.0
RegionB,826,320.0
RegionB,827,320.0
RegionB,828,320.0
RegionB,829,320.0
RegionB,830,320.0
RegionB,831,320.0
RegionB,832,320.0
RegionB,833,320.0
RegionB,834,320.0
RegionB,835,320.0
RegionB,836,320.0
RegionB,837,320.0
RegionB,838,320.0
RegionB,839,320.0
RegionB,840,320.0
RegionB,841,320.0
RegionB,842,320.0
RegionB,843,320.0
RegionB,844,320.0
RegionB,845,320.0
RegionB,846,320.0
RegionB,847,320.0
RegionB,848,320.0
RegionB,849,320.0
RegionB,850,320.0
RegionB,851,320.0
RegionB,852,320.0
RegionB,853,320.0
RegionB,854,320.0
RegionB,855,320.0
RegionB,856,320.0
RegionB,857,320.0
RegionB,858,320.0
RegionB,859,320.0
RegionB,860,320.0
RegionB,861,320.0
RegionB,862,320.0
RegionB,863,320.0
RegionB,864,320.0
RegionB,865,320.0
RegionB,866,320.0
RegionB,867,320.0
RegionB,868,320.0
RegionB,869,320.0
RegionB,870,320.0
RegionB,871,320.0
RegionB,872,320.0
RegionB,873,320.0
RegionB,874,320.0
RegionB,875,320.0
RegionB,876,320.0
RegionB,877,320.0
RegionB,878,320.0
RegionB,879,320.0
RegionB,880,320.0
RegionB,881,320.0
RegionB,882,320.0
RegionB,883,320.0
RegionB,884,320.0
RegionB,885,320.0
RegionB,886,320.0
RegionB,887,320.0
RegionB,888,320.0
RegionB,889,320.0
RegionB,890,320.0
RegionB,891,320.0
RegionB,892,320.0
RegionB,893,320.0
RegionB,894,320.0
RegionB,895,320.0
RegionB,896,320.0
RegionB,897,320.0
RegionB,898,320.0
RegionB,899,320.0
RegionB,900,320.0
RegionB,901,320.0
RegionB,902,320.0
RegionB,903,320.0
RegionB,904,320.0
RegionB,905,320.0
RegionB,906,320.0
RegionB,907,320.0
RegionB,908,320.0
RegionB,909,320.0
RegionB,910,320.0
RegionB,911,320.0
RegionB,912,320.0
RegionB,913,320.0
RegionB,914,320.0
RegionB,915,320.0
RegionB,916,320.0
RegionB,917,320.0
RegionB,918,320.0
RegionB,919,320.0
RegionB,920,320.0
RegionB,921,320.0
RegionB,922,320.0
RegionB,923,320.0
RegionB,924,320.0
RegionB,925,320.0
RegionB,926,320.0
RegionB,927,320.0
RegionB,928,320.0
RegionB,929,320.0
RegionB,930,320.0
RegionB,931,320.0
RegionB,932,320.0
RegionB,933,320.0
RegionB,934,320.0
RegionB,935,320.0
RegionB,936,320.0
RegionB,937,320.0
RegionB,938,320.0
RegionB,939,320.0
RegionB,940,320.0
RegionB,941,320.0
RegionB,942,320.0
RegionB,943,320.0
RegionB,944,320.0
RegionB,945,320.0
RegionB,946,320.0
RegionB,947,320.0
RegionB,948,320.0
RegionB,949,320.0
RegionB,950,320.0
RegionB,951,320.0
RegionB,952,320.0
RegionB,953,320.0
RegionB,954,320.0
RegionB,955,320.0
RegionB,956,320.0
RegionB,957,320.0
RegionB,958,320.0
RegionB,959,320.0
RegionB,960,320.0
RegionB,961,320.0
RegionB,962,320.0
RegionB,963,320.0
RegionB,964,320.0
RegionB,965,320.0
RegionB,966,320.0
RegionB,967,320.0
RegionB,968,320.0
RegionB,969,320.0
RegionB,970,320.0
RegionB,971,320.0
RegionB,972,320.0
RegionB,973,320.0
RegionB,974,320.0
RegionB,975,320.0
RegionB,976,320.0
RegionB,977,320.0
RegionB,978,320.0
RegionB,979,320.0
RegionB,980,320.0
RegionB,981,320.0
RegionB,982,320.0
RegionB,983,320.0
RegionB,984,320.0
RegionB,985,320.0
RegionB,986,320.0
RegionB,987,320.0
RegionB,988,320.0
RegionB,989,320.0
RegionB,990,320.0
RegionB,991,320.0
RegionB,992,320.0
RegionB,993,320.0
RegionB,994,320.0
RegionB,995,320.0
RegionB,996,320.0
RegionB,997,320.0
RegionB,998,320.0
RegionB,999,320.0
RegionB,1000,320.0
RegionB,1001,320.0
RegionB,1002,320.0
RegionB,1003,320.0
RegionB,1004,320.0
RegionB,1005,320.0
RegionB,1006,320.0
RegionB,1007,320.0
RegionB,1008,320.0
RegionB,1009,320.0
RegionB,1010,320.0
RegionB,1011,320.0
RegionB,1012,320.0
RegionB,1013,320.0
RegionB,1014,320.0
RegionB,1015,320.0
RegionB,1016,320.0
RegionB,1017,320.0
RegionB,1018,320.0
RegionB,1019,320.0
RegionB,1020,320.0
RegionB,1021,320.0
RegionB,1022,320.0
RegionB,1023,320.0
RegionB,1024,320.0
RegionB,1025,320.0
RegionB,1026,320.0
RegionB,1027,320.0
RegionB,1028,320.0
RegionB,1029,320.0
RegionB,1030,320.0
RegionB,1031,320.0
RegionB,1032,320.0
RegionB,1033,320.0
RegionB,1034,320.0
RegionB,1035,320.0
RegionB,1036,320.0
RegionB,1037,320.0
RegionB,1038,320.0
RegionB,1039,320.0
RegionB,1040,320.0
RegionB,1041,320.0
RegionB,1042,320.0
RegionB,1043,320.0
RegionB,1044,320.0
RegionB,1045,320.0
RegionB,1046,320.0
RegionB,1047,320.0
RegionB,1048,320.0
RegionB,1049,320.0
RegionB,1050,320.0
RegionB,1051,320.0
RegionB,1052,320.0
RegionB,1053,320.0
RegionB,1054,320.0
RegionB,1055,320.0
RegionB,1056,320.0
RegionB,1057,320.0
RegionB,1058,320.0
RegionB,1059,320.0
RegionB,1060,320.0
RegionB,1061,320.0
RegionB,1062,320.0
RegionB,1063,320.0
RegionB,1064,320.0
RegionB,1065,320.0
RegionB,1066,320.0
RegionB,1067,320.0
RegionB,1068,320.0
RegionB,1069,320.0
RegionB,1070,320.0
RegionB,1071,320.0
RegionB,1072,320.0
RegionB,1073,320.0
RegionB,1074,320.0
RegionB,1075,320.0
RegionB,1076,320.0
RegionB,1077,320.0
RegionB,1078,320.0
RegionB,1079,320.0
RegionB,1080,320.0
RegionB,1081,320.0
RegionB,1082,320.0
RegionB,1083,320.0
RegionB,1084,320.0
RegionB,1085,320.0
RegionB,1086,320.0
RegionB,1087,320.0
RegionB,1088,320.0
RegionB,1089,320.0
RegionB,1090,320.0
RegionB,1091,320.0
RegionB,1092,320.0
RegionB,1093,320.0
RegionB,1094,320.0
RegionB,1095,320.0
RegionB,1096,320.0
RegionB,1097,320.0
RegionB,1098,320.0
RegionB,1099,320.0
RegionB,1100,320.0
RegionB,1101,320.0
RegionB,1102,320.0
RegionB,1103,320.0
RegionB,1104,320.0
RegionB,1105,320.0
RegionB,1106,320.0
RegionB,1107,320.0
RegionB,1108,320.0
RegionB,1109,320.0
RegionB,1110,320.0
RegionB,1111,320.0
RegionB,1112,320.0
RegionB,1113,320.0
RegionB,1114,320.0
RegionB,1115,320.0
RegionB,1116,320.0
RegionB,1117,320.0
RegionB,1118,320.0
RegionB,1119,320.0
RegionB,1120,320.0
RegionB,1121,320.0
RegionB,1122,320.0
RegionB,1123,320.0
RegionB,1124,320.0
RegionB,1125,320.0
RegionB,1126,320.0
RegionB,1127,320.0
RegionB,1128,320.0
RegionB,1129,320.0
RegionB,1130,320.0
RegionB,1131,320.0
RegionB,1132,320.0
RegionB,1133,320.0
RegionB,1134,320.0
RegionB,1135,320.0
RegionB,1136,320.0
RegionB,1137,320.0
RegionB,1138,320.0
RegionB,1139,320.0
RegionB,1140,320.0
RegionB,1141,320.0
RegionB,1142,320.0
RegionB,1143,320.0
RegionB,1144,320.0
RegionB,1145,320.0
RegionB,1146,320.0
RegionB,1147,320.0
RegionB,1148,320.0
RegionB,1149,320.0
RegionB,1150,320.0
RegionB,1151,320.0
RegionB,1152,320.0
RegionB,1153,320.0
RegionB,1154,320.0
RegionB,1155,320.0
RegionB,1156,320.0
RegionB,1157,320.0
RegionB,1158,320.0
RegionB,1159,320.0
RegionB,1160,320.0
RegionB,1161,320.0
RegionB,1162,320.0
RegionB,1163,320.0
RegionB,1164,320.0
RegionB,1165,320.0
RegionB,1166,320.0
RegionB,1167,320.0
RegionB,1168,320.0
RegionB,1169,320.0
RegionB,1170,320.0
RegionB,1171,320.0
RegionB,1172,320.0
RegionB,1173,320.0
RegionB,1174,320.0
RegionB,1175,320.0
RegionB,1176,320.0
RegionB,1177,320.0
RegionB,1178,320.0
RegionB,1179,320.0
RegionB,1180,320.0
RegionB,1181,320.0
RegionB,1182,320.0
RegionB,1183,320.0
RegionB,1184,320.0
RegionB,1185,320.0
RegionB,1186,320.0
RegionB,1187,320.0
RegionB,1188,320.0
RegionB,1189,320.0
RegionB,1190,320.0
RegionB,1191,320.0
RegionB,1192,320.0
RegionB,1193,320.0
RegionB,1194,320.0
RegionB,1195,320.0
RegionB,1196,320.0
RegionB,1197,320.0
RegionB,1198,320.0
RegionB,1199,320.0
RegionB,1200,320.0
RegionB,1201,320.0
RegionB,1202,320.0
RegionB,1203,320.0
RegionB,1204,320.0
RegionB,1205,320.0
RegionB,1206,320.0
RegionB,1207,320.0
RegionB,1208,320.0
RegionB,1209,320.0
RegionB,1210,320.0
RegionB,1211,320.0
RegionB,1212,320.0
RegionB,1213,320.0
RegionB,1214,320.0
RegionB,1215,320.0
RegionB,1216,320.0
RegionB,1217,320.0
RegionB,1218,320.0
RegionB,1219,320.0
RegionB,1220,320.0
RegionB,1221,320.0
RegionB,1222,320.0
RegionB,1223,320.0
RegionB,1224,320.0
RegionB,1225,320.0
RegionB,1226,320.0
RegionB,1227,320.0
RegionB,1228,320.0
RegionB,1229,320.0
RegionB,1230,320.0
RegionB,1231,320.0
RegionB,1232,320.0
RegionB,1233,320.0
RegionB,1234,320.0
RegionB,1235,320.0
RegionB,1236,320.0
RegionB,1237,320.0
RegionB,1238,320.0
RegionB,1239,320.0
RegionB,1240,320.0
RegionB,1241,320.0
RegionB,1242,320.0
RegionB,1243,320.0
RegionB,1244,320.0
RegionB,1245,320.0
RegionB,1246,320.0
RegionB,1247,320.0
RegionB,1248,320.0
RegionB,1249,320.0
RegionB,1250,320.0
RegionB,1251,320.0
RegionB,1252,320.0
RegionB,1253,320.0
RegionB,1254,320.0
RegionB,1255,320.0
RegionB,1256,320.0
RegionB,1257,320.0
RegionB,1258,320.0
RegionB,1259,320.0
RegionB,1260,320.0
RegionB,1261,320.0
RegionB,1262,320.0
RegionB,1263,320.0
RegionB,1264,320.0
RegionB,1265,320.0
RegionB,1266,320.0
RegionB,1267,320.0
RegionB,1268,320.0
RegionB,1269,320.0
RegionB,1270,320.0
RegionB,1271,320.0
RegionB,1272,320.0
RegionB,1273,320.0
RegionB,1274,320.0
RegionB,1275,320.0
RegionB,1276,320.0
RegionB,1277,320.0
RegionB,1278,320.0
RegionB,1279,320.0
RegionB,1280,320.0
RegionB,1281,320.0
RegionB,1282,320.0
RegionB,1283,320.0
RegionB,1284,320.0
RegionB,1285,320.0
RegionB,1286,320.0
RegionB,1287,320.0
RegionB,1288,320.0
RegionB,1289,320.0
RegionB,1290,320.0
RegionB,1291,320.0
RegionB,1292,320.0
RegionB,1293,320.0
RegionB,1294,320.0
RegionB,1295,320.0
RegionB,1296,320.0
RegionB,1297,320.0
RegionB,1298,320.0
RegionB,1299,320.0
RegionB,1300,320.0
RegionB,1301,320.0
RegionB,1302,320.0
RegionB,1303,320.0
RegionB,1304,320.0
RegionB,1305,320.0
RegionB,1306,320.0
RegionB,1307,320.0
RegionB,1308,320.0
RegionB,1309,320.0
RegionB,1310,320.0
RegionB,1311,320.0
RegionB,1312,320.0
RegionB,1313,320.0
RegionB,1314,320.0
RegionB,1315,320.0
RegionB,1316,320.0
RegionB,1317,320.0
RegionB,1318,320.0
RegionB,1319,320.0
RegionB,1320,320.0
RegionB,1321,320.0
RegionB,1322,320.0
RegionB,1323,320.0
RegionB,1324,320.0
RegionB,1325,320.0
RegionB,1326,320.0
RegionB,1327,320.0
RegionB,1328,320.0
RegionB,1329,320.0
RegionB,1330,320.0
RegionB,1331,320.0
RegionB,1332,320.0
RegionB,1333,320.0
RegionB,1334,320.0
RegionB,1335,320.0
RegionB,1336,320.0
RegionB,1337,320.0
RegionB,1338,320.0
RegionB,1339,320.0
RegionB,1340,320.0
RegionB,1341,320.0
RegionB,1342,320.0
RegionB,1343,320.0
RegionB,1344,320.0
RegionB,1345,320.0
RegionB,1346,320.0
RegionB,1347,320.0
RegionB,1348,320.0
RegionB,1349,320.0
RegionB,1350,320.0
RegionB,1351,320.0
RegionB,1352,320.0
RegionB,1353,320.0
RegionB,1354,320.0
RegionB,1355,320.0
RegionB,1356,320.0
RegionB,1357,320.0
RegionB,1358,320.0
RegionB,1359,320.0
RegionB,1360,320.0
RegionB,1361,320.0
RegionB,1362,320.0
RegionB,1363,320.0
RegionB,1364,320.0
RegionB,1365,320.0
RegionB,1366,320.0
RegionB,1367,320.0
RegionB,1368,320.0
RegionB,1369,320.0
RegionB,1370,320.0
RegionB,1371,320.0
RegionB,1372,320.0
RegionB,1373,320.0
RegionB,1374,320.0
RegionB,1375,320.0
RegionB,1376,320.0
RegionB,1377,320.0
RegionB,1378,320.0
RegionB,1379,320.0
RegionB,1380,320.0
RegionB,1381,320.0
RegionB,1382,320.0
RegionB,1383,320.0
RegionB,1384,320.0
RegionB,1385,320.0
RegionB,1386,320.0
RegionB,1387,320.0
RegionB,1388,320.0
RegionB,1389,320.0
RegionB,1390,320.0
RegionB,1391,320.0
RegionB,1392,320.0
RegionB,1393,320.0
RegionB,1394,320.0
RegionB,1395,320.0
RegionB,1396,320.0
RegionB,1397,320.0
RegionB,1398,320.0
RegionB,1399,320.0
RegionB,1400,320.0
RegionB,1401,320.0
RegionB,1402,320.0
RegionB,1403,320.0
RegionB,1404,320.0
RegionB,1405,320.0
RegionB,1406,320.0
RegionB,1407,320.0
RegionB,1408,320.0
RegionB,1409,320.0
RegionB,1410,320.0
RegionB,1411,320.0
RegionB,1412,320.0
RegionB,1413,320.0
RegionB,1414,320.0
RegionB,1415,320.0
RegionB,1416,320.0
RegionB,1417,320.0
RegionB,1418,320.0
RegionB,1419,320.0
RegionB,1420,320.0
RegionB,1421,320.0
RegionB,1422,320.0
RegionB,1423,320.0
RegionB,1424,320.0
RegionB,1425,320.0
RegionB,1426,320.0
RegionB,1427,320.0
RegionB,1428,320.0
RegionB,1429,320.0
RegionB,1430,320.0
RegionB,1431,320.0
RegionB,1432,320.0
RegionB,1433,320.0
RegionB,1434,320.0
RegionB,1435,320.0
RegionB,1436,320.0
RegionB,1437,320.0
RegionB,1438,320.0
RegionB,1439,320.0
RegionB,1440,320.0
RegionB,1441,320.0
RegionB,1442,320.0
RegionB,1443,320.0
RegionB,1444,320.0
RegionB,1445,320.0
RegionB,1446,320.0
RegionB,1447,320.0
RegionB,1448,320.0
RegionB,1449,320.0
RegionB,1450,320.0
RegionB,1451,320.0
RegionB,1452,320.0
RegionB,1453,320.0
RegionB,1454,320.0
RegionB,1455,320.0
RegionB,1456,320.0
RegionB,1457,320.0
RegionB,1458,320.0
RegionB,1459,320.0
RegionB,1460,320.0
RegionB,1461,320.0
RegionB,1462,320.0
RegionB,1463,320.0
RegionB,1464,320.0
RegionB,1465,320.0
RegionB,1466,320.0
RegionB,1467,320.0
RegionB,1468,320.0
RegionB,1469,320.0
RegionB,1470,320.0
RegionB,1471,320.0
RegionB,1472,320.0
RegionB,1473,320.0
RegionB,1474,320.0
RegionB,1475,320.0
RegionB,1476,320.0
RegionB,1477,320.0
RegionB,1478,320.0
RegionB,1479,320.0
RegionB,1480,320.0
RegionB,1481,320.0
RegionB,1482,320.0
RegionB,1483,320.0
RegionB,1484,320.0
RegionB,1485,320.0
RegionB,1486,320.0
RegionB,1487,320.0
RegionB,1488,320.0
RegionB,1489,320.0
RegionB,1490,320.0
RegionB,1491,320.0
RegionB,1492,320.0
RegionB,1493,320.0
RegionB,1494,320.0
RegionB,1495,320.0
RegionB,1496,320.0
RegionB,1497,320.0
RegionB,1498,320.0
RegionB,1499,320.0
RegionB,1500,320.0
RegionB,1501,320.0
RegionB,1502,320.0
RegionB,1503,320.0
RegionB,1504,320.0
RegionB,1505,320.0
RegionB,1506,320.0
RegionB,1507,320.0
RegionB,1508,320.0
RegionB,1509,320.0
RegionB,1510,320.0
RegionB,1511,320.0
RegionB,1512,320.0
RegionB,1513,320.0
RegionB,1514,320.0
RegionB,1515,320.0
RegionB,1516,320.0
RegionB,1517,320.0
RegionB,1518,320.0
RegionB,1519,320.0
RegionB,1520,320.0
RegionB,1521,320.0
RegionB,1522,320.0
RegionB,1523,320.0
RegionB,1524,320.0
RegionB,1525,320.0
RegionB,1526,320.0
RegionB,1527,320.0
RegionB,1528,320.0
RegionB,1529,320.0
RegionB,1530,320.0
RegionB,1531,320.0
RegionB,1532,320.0
RegionB,1533,320.0
RegionB,1534,320.0
RegionB,1535,320.0
RegionB,1536,320.0
RegionB,1537,320.0
RegionB,1538,320.0
RegionB,1539,320.0
RegionB,1540,320.0
RegionB,1541,320.0
RegionB,1542,320.0
RegionB,1543,320.0
RegionB,1544,320.0
RegionB,1545,320.0
RegionB,1546,320.0
RegionB,1547,320.0
RegionB,1548,320.0
RegionB,1549,320.0
RegionB,1550,320.0
RegionB,1551,320.0
RegionB,1552,320.0
RegionB,1553,320.0
RegionB,1554,320.0
RegionB,1555,320.0
RegionB,1556,320.0
RegionB,1557,320.0
RegionB,1558,320.0
RegionB,1559,320.0
RegionB,1560,320.0
RegionB,1561,320.0
RegionB,1562,320.0
RegionB,1563,320.0
RegionB,1564,320.0
RegionB,1565,320.0
RegionB,1566,320.0
RegionB,1567,320.0
RegionB,1568,320.0
RegionB,1569,320.0
RegionB,1570,320.0
RegionB,1571,320.0
RegionB,1572,320.0
RegionB,1573,320.0
RegionB,1574,320.0
RegionB,1575,320.0
RegionB,1576,320.0
RegionB,1577,320.0
RegionB,1578,320.0
RegionB,1579,320.0
RegionB,1580,320.0
RegionB,1581,320.0
RegionB,1582,320.0
RegionB,1583,320.0
RegionB,1584,320.0
RegionB,1585,320.0
RegionB,1586,320.0
RegionB,1587,320.0
RegionB,1588,320.0
RegionB,1589,320.0
RegionB,1590,320.0
RegionB,1591,320.0
RegionB,1592,320.0
RegionB,1593,320.0
RegionB,1594,320.0
RegionB,1595,320.0
RegionB,1596,320.0
RegionB,1597,320.0
RegionB,1598,320.0
RegionB,1599,320.0
RegionB,1600,320.0
RegionB,1601,320.0
RegionB,1602,320.0
RegionB,1603,320.0
RegionB,1604,320.0
RegionB,1605,320.0
RegionB,1606,320.0
RegionB,1607,320.0
RegionB,1608,320.0
RegionB,1609,320.0
RegionB,1610,320.0
RegionB,1611,320.0
RegionB,1612,320.0
RegionB,1613,320.0
RegionB,1614,320.0
RegionB,1615,320.0
RegionB,1616,320.0
RegionB,1617,320.0
RegionB,1618,320.0
RegionB,1619,320.0
RegionB,1620,320.0
RegionB,1621,320.0
RegionB,1622,320.0
RegionB,1623,320.0
RegionB,1624,320.0
RegionB,1625,320.0
RegionB,1626,320.0
RegionB,1627,320.0
RegionB,1628,320.0
RegionB,1629,320.0
RegionB,1630,320.0
RegionB,1631,320.0
RegionB,1632,320.0
RegionB,1633,320.0
RegionB,1634,320.0
RegionB,1635,320.0
RegionB,1636,320.0
RegionB,1637,320.0
RegionB,1638,320.0
RegionB,1639,320.0
RegionB,1640,320.0
RegionB,1641,320.0
RegionB,1642,320.0
RegionB,1643,320.0
RegionB,1644,320.0
RegionB,1645,320.0
RegionB,1646,320.0
RegionB,1647,320.0
RegionB,1648,320.0
RegionB,1649,320.0
RegionB,1650,320.0
RegionB,1651,320.0
RegionB,1652,320.0
RegionB,1653,320.0
RegionB,1654,320.0
RegionB,1655,320.0
RegionB,1656,320.0
RegionB,1657,320.0
RegionB,1658,320.0
RegionB,1659,320.0
RegionB,1660,320.0
RegionB,1661,320.0
RegionB,1662,320.0
RegionB,1663,320.0
RegionB,1664,320.0
RegionB,1665,320.0
RegionB,1666,320.0
RegionB,1667,320.0
RegionB,1668,320.0
RegionB,1669,320.0
RegionB,1670,320.0
RegionB,1671,320.0
RegionB,1672,320.0
RegionB,1673,320.0
RegionB,1674,320.0
RegionB,1675,320.0
RegionB,1676,320.0
RegionB,1677,320.0
RegionB,1678,320.0
RegionB,1679,320.0
RegionB,1680,320.0
RegionB,1681,320.0
RegionB,1682,320.0
RegionB,1683,320.0
RegionB,1684,320.0
RegionB,1685,320.0
RegionB,1686,320.0
RegionB,1687,320.0
RegionB,1688,320.0
RegionB,1689,320.0
RegionB,1690,320.0
RegionB,1691,320.0
RegionB,1692,320.0
RegionB,1693,320.0
RegionB,1694,320.0
RegionB,1695,320.0
RegionB,1696,320.0
RegionB,1697,320.0
RegionB,1698,320.0
RegionB,1699,320.0
RegionB,1700,320.0
RegionB,1701,320.0
RegionB,1702,320.0
RegionB,1703,320.0
RegionB,1704,320.0
RegionB,1705,320.0
RegionB,1706,320.0
RegionB,1707,320.0
RegionB,1708,320.0
RegionB,1709,320.0
RegionB,1710,320.0
RegionB,1711,320.0
RegionB,1712,320.0
RegionB,1713,320.0
RegionB,1714,320.0
RegionB,1715,320.0
RegionB,1716,320.0
RegionB,1717,320.0
RegionB,1718,320.0
RegionB,1719,320.0
RegionB,1720,320.0
RegionB,1721,320.0
RegionB,1722,320.0
RegionB,1723,320.0
RegionB,1724,320.0
RegionB,1725,320.0
RegionB,1726,320.0
RegionB,1727,320.0
RegionB,1728,320.0
RegionB,1729,320.0
RegionB,1730,320.0
RegionB,1731,320.0
RegionB,1732,320.0
RegionB,1733,320.0
RegionB,1734,320.0
RegionB,1735,320.0
RegionB,1736,320.0
RegionB,1737,320.0
RegionB,1738,320.0
RegionB,1739,320.0
RegionB,1740,320.0
RegionB,1741,320.0
RegionB,1742,320.0
RegionB,1743,320.0
RegionB,1744,320.0
RegionB,1745,320.0
RegionB,1746,320.0
RegionB,1747,320.0
RegionB,1748,320.0
RegionB,1749,320.0
RegionB,1750,320.0
RegionB,1751,320.0
RegionB,1752,320.0
RegionB,1753,320.0
RegionB,1754,320.0
RegionB,1755,320.0
RegionB,1756,320.0
RegionB,1757,320.0
RegionB,1758,320.0
RegionB,1759,320.0
RegionB,1760,320.0
RegionB,1761,320.0
RegionB,1762,320.0
RegionB,1763,320.0
RegionB,1764,320.0
RegionB,1765,320.0
RegionB,1766,320.0
RegionB,1767,320.0
RegionB,1768,320.0
RegionB,1769,320.0
RegionB,1770,320.0
RegionB,1771,320.0
RegionB,1772,320.0
RegionB,1773,320.0
RegionB,1774,320.0
RegionB,1775,320.0
RegionB,1776,320.0
RegionB,1777,320.0
RegionB,1778,320.0
RegionB,1779,320.0
RegionB,1780,320.0
RegionB,1781,320.0
RegionB,1782,320.0
RegionB,1783,320.0
RegionB,1784,320.0
RegionB,1785,320.0
RegionB,1786,320.0
RegionB,1787,320.0
RegionB,1788,320.0
RegionB,1789,320.0
RegionB,1790,320.0
RegionB,1791,320.0
RegionB,1792,320.0
RegionB,1793,320.0
RegionB,1794,320.0
RegionB,1795,320.0
RegionB,1796,320.0
RegionB,1797,320.0
RegionB,1798,320.0
RegionB,1799,320.0
RegionB,1800,320.0
RegionB,1801,320.0
RegionB,1802,320.0
RegionB,1803,320.0
RegionB,1804,320.0
RegionB,1805,320.0
RegionB,1806,320.0
RegionB,1807,320.0
RegionB,1808,320.0
RegionB,1809,320.0
RegionB,1810,320.0
RegionB,1811,320.0
RegionB,1812,320.0
RegionB,1813,320.0
RegionB,1814,320.0
RegionB,1815,320.0
RegionB,1816,320.0
RegionB,1817,320.0
RegionB,1818,320.0
RegionB,1819,320.0
RegionB,1820,320.0
RegionB,1821,320.0
RegionB,1822,320.0
RegionB,1823,320.0
RegionB,1824,320.0
RegionB,1825,320.0
RegionB,1826,320.0
RegionB,1827,320.0
RegionB,1828,320.0
RegionB,1829,320.0
RegionB,1830,320.0
RegionB,1831,320.0
RegionB,1832,320.0
RegionB,1833,320.0
RegionB,1834,320.0
RegionB,1835,320.0
RegionB,1836,320.0
RegionB,1837,320.0
RegionB,1838,320.0
RegionB,1839,320.0
RegionB,1840,320.0
RegionB,1841,320.0
RegionB,1842,320.0
RegionB,1843,320.0
RegionB,1844,320.0
RegionB,1845,320.0
RegionB,1846,320.0
RegionB,1847,320.0
RegionB,1848,320.0
RegionB,1849,320.0
RegionB,1850,320.0
RegionB,1851,320.0
RegionB,1852,320.0
RegionB,1853,320.0
RegionB,1854,320.0
RegionB,1855,320.0
RegionB,1856,320.0
RegionB,1857,320.0
RegionB,1858,320.0
RegionB,1859,320.0
RegionB,1860,320.0
RegionB,1861,320.0
RegionB,1862,320.0
RegionB,1863,320.0
RegionB,1864,320.0
RegionB,1865,320.0
RegionB,1866,320.0
RegionB,1867,320.0
RegionB,1868,320.0
RegionB,1869,320.0
RegionB,1870,320.0
RegionB,1871,320.0
RegionB,1872,320.0
RegionB,1873,320.0
RegionB,1874,320.0
RegionB,1875,320.0
RegionB,1876,320.0
RegionB,1877,320.0
RegionB,1878,320.0
RegionB,1879,320.0
RegionB,1880,320.0
RegionB,1881,320.0
RegionB,1882,320.0
RegionB,1883,320.0
RegionB,1884,320.0
RegionB,1885,320.0
RegionB,1886,320.0
RegionB,1887,320.0
RegionB,1888,320.0
RegionB,1889,320.0
RegionB,1890,320.0
RegionB,1891,320.0
RegionB,1892,320.0
RegionB,1893,320.0
RegionB,1894,320.0
RegionB,1895,320.0
RegionB,1896,320.0
RegionB,1897,320.0
RegionB,1898,320.0
RegionB,1899,320.0
RegionB,1900,320.0
RegionB,1901,320.0
RegionB,1902,320.0
RegionB,1903,320.0
RegionB,1904,320.0
RegionB,1905,320.0
RegionB,1906,320.0
RegionB,1907,320.0
RegionB,1908,320.0
RegionB,1909,320.0
RegionB,1910,320.0
RegionB,1911,320.0
RegionB,1912,320.0
RegionB,1913,320.0
RegionB,1914,320.0
RegionB,1915,320.0
RegionB,1916,320.0
RegionB,1917,320.0
RegionB,1918,320.0
RegionB,1919,320.0
RegionB,1920,320.0
RegionB,1921,320.0
RegionB,1922,320.0
RegionB,1923,320.0
RegionB,1924,320.0
RegionB,1925,320.0
RegionB,1926,320.0
RegionB,1927,320.0
RegionB,1928,320.0
RegionB,1929,320.0
RegionB,1930,320.0
RegionB,1931,320.0
RegionB,1932,320.0
RegionB,1933,320.0
RegionB,1934,320.0
RegionB,1935,320.0
RegionB,1936,320.0
RegionB,1937,320.0
RegionB,1938,320.0
RegionB,1939,320.0
RegionB,1940,320.0
RegionB,1941,320.0
RegionB,1942,320.0
RegionB,1943,320.0
RegionB,1944,320.0
RegionB,1945,320.0
RegionB,1946,320.0
RegionB,1947,320.0
RegionB,1948,320.0
RegionB,1949,320.0
RegionB,1950,320.0
RegionB,1951,320.0
RegionB,1952,320.0
RegionB,1953,320.0
RegionB,1954,320.0
RegionB,1955,320.0
RegionB,1956,320.0
RegionB,1957,320.0
RegionB,1958,320.0
RegionB,1959,320.0
RegionB,1960,320.0
RegionB,1961,320.0
RegionB,1962,320.0
RegionB,1963,320.0
RegionB,1964,320.0
RegionB,1965,320.0
RegionB,1966,320.0
RegionB,1967,320.0
RegionB,1968,320.0
RegionB,1969,320.0
RegionB,1970,320.0
RegionB,1971,320.0
RegionB,1972,320.0
RegionB,1973,320.0
RegionB,1974,320.0
RegionB,1975,320.0
RegionB,1976,320.0
RegionB,1977,320.0
RegionB,1978,320.0
RegionB,1979,320.0
RegionB,1980,320.0
RegionB,1981,320.0
RegionB,1982,320.0
RegionB,1983,320.0
RegionB,1984,320.0
RegionB,1985,320.0
RegionB,1986,320.0
RegionB,1987,320.0
RegionB,1988,320.0
RegionB,1989,320.0
RegionB,1990,320.0
RegionB,1991,320.0
RegionB,1992,320.0
RegionB,1993,320.0
RegionB,1994,320.0
RegionB,1995,320.0
RegionB,1996,320.0
RegionB,1997,320.0
RegionB,1998,320.0
RegionB,1999,320.0
RegionB,2000,320.0
RegionB,2001,320.0
RegionB,2002,320.0
RegionB,2003,320.0
RegionB,2004,320.0
RegionB,2005,320.0
RegionB,2006,320.0
RegionB,2007,320.0
RegionB,2008,320.0
RegionB,2009,320.0
RegionB,2010,320.0
RegionB,2011,320.0
RegionB,2012,320.0
RegionB,2013,320.0
RegionB,2014,320.0
RegionB,2015,320.0
RegionB,2016,320.0
RegionB,2017,320.0
RegionB,2018,320.0
RegionB,2019,320.0
RegionB,2020,320.0
RegionB,2021,320.0
RegionB,2022,320.0
RegionB,2023,320.0
RegionB,2024,320.0
RegionB,2025,320.0
RegionB,2026,320.0
RegionB,2027,320.0
RegionB,2028,320.0
RegionB,2029,320.0
RegionB,2030,320.0
RegionB,2031,320.0
RegionB,2032,320.0
RegionB,2033,320.0
RegionB,2034,320.0
RegionB,2035,320.0
RegionB,2036,320.0
RegionB,2037,320.0
RegionB,2038,320.0
RegionB,2039,320.0
RegionB,2040,320.0
RegionB,2041,320.0
RegionB,2042,320.0
RegionB,2043,320.0
RegionB,2044,320.0
RegionB,2045,320.0
RegionB,2046,320.0
RegionB,2047,320.0
RegionB,2048,320.0
RegionB,2049,320.0
RegionB,2050,320.0
RegionB,2051,320.0
RegionB,2052,320.0
RegionB,2053,320.0
RegionB,2054,320.0
RegionB,2055,320.0
RegionB,2056,320.0
RegionB,2057,320.0
RegionB,2058,320.0
RegionB,2059,320.0
RegionB,2060,320.0
RegionB,2061,320.0
RegionB,2062,320.0
RegionB,2063,320.0
RegionB,2064,320.0
RegionB,2065,320.0
RegionB,2066,320.0
RegionB,2067,320.0
RegionB,2068,320.0
RegionB,2069,320.0
RegionB,2070,320.0
RegionB,2071,320.0
RegionB,2072,320.0
RegionB,2073,320.0
RegionB,2074,320.0
RegionB,2075,320.0
RegionB,2076,320.0
RegionB,2077,320.0
RegionB,2078,320.0
RegionB,2079,320.0
RegionB,2080,320.0
RegionB,2081,320.0
RegionB,2082,320.0
RegionB,2083,320.0
RegionB,2084,320.0
RegionB,2085,320.0
RegionB,2086,320.0
RegionB,2087,320.0
RegionB,2088,320.0
RegionB,2089,320.0
RegionB,2090,320.0
RegionB,2091,320.0
RegionB,2092,320.0
RegionB,2093,320.0
RegionB,2094,320.0
RegionB,2095,320.0
RegionB,2096,320.0
RegionB,2097,320.0
RegionB,2098,320.0
RegionB,2099,320.0
RegionB,2100,320.0
RegionB,2101,320.0
RegionB,2102,320.0
RegionB,2103,320.0
RegionB,2104,320.0
RegionB,2105,320.0
RegionB,2106,320.0
RegionB,2107,320.0
RegionB,2108,320.0
RegionB,2109,320.0
RegionB,2110,320.0
RegionB,2111,320.0
RegionB,2112,320.0
RegionB,2113,320.0
RegionB,2114,320.0
RegionB,2115,320.0
RegionB,2116,320.0
RegionB,2117,320.0
RegionB,2118,320.0
RegionB,2119,320.0
RegionB,2120,320.0
RegionB,2121,320.0
RegionB,2122,320.0
RegionB,2123,320.0
RegionB,2124,320.0
RegionB,2125,320.0
RegionB,2126,320.0
RegionB,2127,320.0
RegionB,2128,320.0
RegionB,2129,320.0
RegionB,2130,320.0
RegionB,2131,320.0
RegionB,2132,320.0
RegionB,2133,320.0
RegionB,2134,320.0
RegionB,2135,320.0
RegionB,2136,320.0
RegionB,2137,320.0
RegionB,2138,320.0
RegionB,2139,320.0
RegionB,2140,320.0
RegionB,2141,320.0
RegionB,2142,320.0
RegionB,2143,320.0
RegionB,2144,320.0
RegionB,2145,320.0
RegionB,2146,320.0
RegionB,2147,320.0
RegionB,2148,320.0
RegionB,2149,320.0
RegionB,2150,320.0
RegionB,2151,320.0
RegionB,2152,320.0
RegionB,2153,320.0
RegionB,2154,320.0
RegionB,2155,320.0
RegionB,2156,320.0
RegionB,2157,320.0
RegionB,2158,320.0
RegionB,2159,320.0
RegionB,2160,320.0
RegionB,2161,320.0
RegionB,2162,320.0
RegionB,2163,320.0
RegionB,2164,320.0
RegionB,2165,320.0
RegionB,2166,320.0
RegionB,2167,320.0
RegionB,2168,320.0
RegionB,2169,320.0
RegionB,2170,320.0
RegionB,2171,320.0
RegionB,2172,320.0
RegionB,2173,320.0
RegionB,2174,320.0
RegionB,2175,320.0
RegionB,2176,320.0
RegionB,2177,320.0
RegionB,2178,320.0
RegionB,2179,320.0
RegionB,2180,320.0
RegionB,2181,320.0
RegionB,2182,320.0
RegionB,2183,320.0
RegionB,2184,320.0
RegionB,2185,320.0
RegionB,2186,320.0
RegionB,2187,320.0
RegionB,2188,320.0
RegionB,2189,320.0
RegionB,2190,320.0
RegionB,2191,320.0
RegionB,2192,320.0
RegionB,2193,320.0
RegionB,2194,320.0
RegionB,2195,320.0
RegionB,2196,320.0
RegionB,2197,320.0
RegionB,2198,320.0
RegionB,2199,320.0
RegionB,2200,320.0
RegionB,2201,320.0
RegionB,2202,320.0
RegionB,2203,320.0
RegionB,2204,320.0
RegionB,2205,320.0
RegionB,2206,320.0
RegionB,2207,320.0
RegionB,2208,320.0
RegionB,2209,320.0
RegionB,2210,320.0
RegionB,2211,320.0
RegionB,2212,320.0
RegionB,2213,320.0
RegionB,2214,320.0
RegionB,2215,320.0
RegionB,2216,320.0
RegionB,2217,320.0
RegionB,2218,320.0
RegionB,2219,320.0
RegionB,2220,320.0
RegionB,2221,320.0
RegionB,2222,320.0
RegionB,2223,320.0
RegionB,2224,320.0
RegionB,2225,320.0
RegionB,2226,320.0
RegionB,2227,320.0
RegionB,2228,320.0
RegionB,2229,320.0
RegionB,2230,320.0
RegionB,2231,320.0
RegionB,2232,320.0
RegionB,2233,320.0
RegionB,2234,320.0
RegionB,2235,320.0
RegionB,2236,320.0
RegionB,2237,320.0
RegionB,2238,320.0
RegionB,2239,320.0
RegionB,2240,320.0
RegionB,2241,320.0
RegionB,2242,320.0
RegionB,2243,320.0
RegionB,2244,320.0
RegionB,2245,320.0
RegionB,2246,320.0
RegionB,2247,320.0
RegionB,2248,320.0
RegionB,2249,320.0
RegionB,2250,320.0
RegionB,2251,320.0
RegionB,2252,320.0
RegionB,2253,320.0
RegionB,2254,320.0
RegionB,2255,320.0
RegionB,2256,320.0
RegionB,2257,320.0
RegionB,2258,320.0
RegionB,2259,320.0
RegionB,2260,320.0
RegionB,2261,320.0
RegionB,2262,320.0
RegionB,2263,320.0
RegionB,2264,320.0
RegionB,2265,320.0
RegionB,2266,320.0
RegionB,2267,320.0
RegionB,2268,320.0
RegionB,2269,320.0
RegionB,2270,320.0
RegionB,2271,320.0
RegionB,2272,320.0
RegionB,2273,320.0
RegionB,2274,320.0
RegionB,2275,320.0
RegionB,2276,320.0
RegionB,2277,320.0
RegionB,2278,320.0
RegionB,2279,320.0
RegionB,2280,320.0
RegionB,2281,320.0
RegionB,2282,320.0
RegionB,2283,320.0
RegionB,2284,320.0
RegionB,2285,320.0
RegionB,2286,320.0
RegionB,2287,320.0
RegionB,2288,320.0
RegionB,2289,320.0
RegionB,2290,320.0
RegionB,2291,320.0
RegionB,2292,320.0
RegionB,2293,320.0
RegionB,2294,320.0
RegionB,2295,320.0
RegionB,2296,320.0
RegionB,2297,320.0
RegionB,2298,320.0
RegionB,2299,320.0
RegionB,2300,320.0
RegionB,2301,320.0
RegionB,2302,320.0
RegionB,2303,320.0
RegionB,2304,320.0
RegionB,2305,320.0
RegionB,2306,320.0
RegionB,2307,320.0
RegionB,2308,320.0
RegionB,2309,320.0
RegionB,2310,320.0
RegionB,2311,320.0
RegionB,2312,320.0
RegionB,2313,320.0
RegionB,2314,320.0
RegionB,2315,320.0
RegionB,2316,320.0
RegionB,2317,320.0
RegionB,2318,320.0
RegionB,2319,320.0
RegionB,2320,320.0
RegionB,2321,320.0
RegionB,2322,320.0
RegionB,2323,320.0
RegionB,2324,320.0
RegionB,2325,320.0
RegionB,2326,320.0
RegionB,2327,320.0
RegionB,2328,320.0
RegionB,2329,320.0
RegionB,2330,320.0
RegionB,2331,320.0
RegionB,2332,320.0
RegionB,2333,320.0
RegionB,2334,320.0
RegionB,2335,320.0
RegionB,2336,320.0
RegionB,2337,320.0
RegionB,2338,320.0
RegionB,2339,320.0
RegionB,2340,320.0
RegionB,2341,320.0
RegionB,2342,320.0
RegionB,2343,320.0
RegionB,2344,320.0
RegionB,2345,320.0
RegionB,2346,320.0
RegionB,2347,320.0
RegionB,2348,320.0
RegionB,2349,320.0
RegionB,2350,320.0
RegionB,2351,320.0
RegionB,2352,320.0
RegionB,2353,320.0
RegionB,2354,320.0
RegionB,2355,320.0
RegionB,2356,320.0
RegionB,2357,320.0
RegionB,2358,320.0
RegionB,2359,320.0
RegionB,2360,320.0
RegionB,2361,320.0
RegionB,2362,320.0
RegionB,2363,320.0
RegionB,2364,320.0
RegionB,2365,320.0
RegionB,2366,320.0
RegionB,2367,320.0
RegionB,2368,320.0
RegionB,2369,320.0
RegionB,2370,320.0
RegionB,2371,320.0
RegionB,2372,320.0
RegionB,2373,320.0
RegionB,2374,320.0
RegionB,2375,320.0
RegionB,2376,320.0
RegionB,2377,320.0
RegionB,2378,320.0
RegionB,2379,320.0
RegionB,2380,320.0
RegionB,2381,320.0
RegionB,2382,320.0
RegionB,2383,320.0
RegionB,2384,320.0
RegionB,2385,320.0
RegionB,2386,320.0
RegionB,2387,320.0
RegionB,2388,320.0
RegionB,2389,320.0
RegionB,2390,320.0
RegionB,2391,320.0
RegionB,2392,320.0
RegionB,2393,320.0
RegionB,2394,320.0
RegionB,2395,320.0
RegionB,2396,320.0
RegionB,2397,320.0
RegionB,2398,320.0
RegionB,2399,320.0
RegionB,2400,320.0
RegionB,2401,320.0
RegionB,2402,320.0
RegionB,2403,320.0
RegionB,2404,320.0
RegionB,2405,320.0
RegionB,2406,320.0
RegionC,0,202.03458642780012
RegionC,1,249.76776642780024
RegionC,2,300.0
RegionC,3,300.0
RegionC,4,300.0
RegionC,5,300.0
RegionC,6,300.0
RegionC,7,300.0
RegionC,8,300.0
RegionC,9,300.0
RegionC,10,300.0
RegionC,11,300.0
RegionC,12,300.0
RegionC,13,300.0
RegionC,14,300.0
RegionC,15,300.0
RegionC,16,300.0
RegionC,17,300.0
RegionC,18,300.0
RegionC,19,300.0
RegionC,20,300.0
RegionC,21,300.0
RegionC,22,300.0
RegionC,23,300.0
RegionC,24,300.0
RegionC,25,300.0
RegionC,26,300.0
RegionC,27,300.0
RegionC,28,300.0
RegionC,29,300.0
RegionC,30,300.0
RegionC,31,300.0
RegionC,32,300.0
RegionC,33,300.0
RegionC,34,300.0
RegionC,35,300.0
RegionC,36,300.0
RegionC,37,300.0
RegionC,38,300.0
RegionC,39,300.0
RegionC,40,300.0
RegionC,41,300.0
RegionC,42,300.0
RegionC,43,300.0
RegionC,44,300.0
RegionC,45,300.0
RegionC,46,300.0
RegionC,47,300.0
RegionC,48,300.0
RegionC,49,300.0
RegionC,50,300.0
RegionC,51,300.0
RegionC,52,300.0
RegionC,53,300.0
RegionC,54,300.0
RegionC,55,300.0
RegionC,56,300.0
RegionC,57,300.0
RegionC,58,300.0
RegionC,59,300.0
RegionC,60,300.0
RegionC,61,300.0
RegionC,62,300.0
RegionC,63,300.0
RegionC,64,300.0
RegionC,65,300.0
RegionC,66,300.0
RegionC,67,300.0
RegionC,68,300.0
RegionC,69,300.0
RegionC,70,300.0
RegionC,71,300.0
RegionC,72,300.0
RegionC,73,300.0
RegionC,74,300.0
RegionC,75,300.0
RegionC,76,300.0
RegionC,77,300.0
RegionC,78,300.0
RegionC,79,300.0
RegionC,80,300.0
RegionC,81,300.0
RegionC,82,300.0
RegionC,83,300.0
RegionC,84,300.0
RegionC,85,300.0
RegionC,86,300.0
RegionC,87,300.0
RegionC,88,300.0
RegionC,89,300.0
RegionC,90,300.0
RegionC,91,300.0
RegionC,92,300.0
RegionC,93,300.0
RegionC,94,300.0
RegionC,95,300.0
RegionC,96,300.0
RegionC,97,300.0
RegionC,98,300.0
RegionC,99,300.0
RegionC,100,300.0
RegionC,101,300.0
RegionC,102,300.0
RegionC,103,300.0
RegionC,104,300.0
RegionC,105,300.0
RegionC,106,300.0
RegionC,107,300.0
RegionC,108,300.0
RegionC,109,300.0
RegionC,110,300.0
RegionC,111,300.0
RegionC,112,300.0
RegionC,113,300.0
RegionC,114,300.0
RegionC,115,300.0
RegionC,116,300.0
RegionC,117,300.0
RegionC,118,300.0
RegionC,119,300.0
RegionC,120,300.0
RegionC,121,300.0
RegionC,122,300.0
RegionC,123,300.0
RegionC,124,300.0
RegionC,125,300.0
RegionC,126,300.0
RegionC,127,300.0
RegionC,128,300.0
RegionC,129,300.0
RegionC,130,300.0
RegionC,131,300.0
RegionC,132,300.0
RegionC,133,300.0
RegionC,134,300.0
RegionC,135,300.0
RegionC,136,300.0
RegionC,137,300.0
RegionC,138,300.0
RegionC,139,300.0
RegionC,140,300.0
RegionC,141,300.0
RegionC,142,300.0
RegionC,143,300.0
RegionC,144,300.0
RegionC,145,300.0
RegionC,146,300.0
RegionC,147,300.0
RegionC,148,300.0
RegionC,149,300.0
RegionC,150,300.0
RegionC,151,300.0
RegionC,152,300.0
RegionC,153,300.0
RegionC,154,300.0
RegionC,155,300.0
RegionC,156,300.0
RegionC,157,300.0
RegionC,158,300.0
RegionC,159,300.0
RegionC,160,300.0
RegionC,161,300.0
RegionC,162,300.0
RegionC,163,300.0
RegionC,164,300.0
RegionC,165,300.0
RegionC,166,300.0
RegionC,167,300.0
RegionC,168,300.0
RegionC,169,300.0
RegionC,170,300.0
RegionC,171,300.0
RegionC,172,300.0
RegionC,173,300.0
RegionC,174,300.0
RegionC,175,300.0
RegionC,176,300.0
RegionC,177,300.0
RegionC,178,300.0
RegionC,179,300.0
RegionC,180,300.0
RegionC,181,300.0
RegionC,182,300.0
RegionC,183,300.0
RegionC,184,300.0
RegionC,185,300.0
RegionC,186,300.0
RegionC,187,300.0
RegionC,188,300.0
RegionC,189,300.0
RegionC,190,300.0
RegionC,191,300.0
RegionC,192,300.0
RegionC,193,300.0
RegionC,194,300.0
RegionC,195,300.0
RegionC,196,300.0
RegionC,197,300.0
RegionC,198,300.0
RegionC,199,300.0
RegionC,200,300.0
RegionC,201,300.0
RegionC,202,300.0
RegionC,203,300.0
RegionC,204,300.0
RegionC,205,300.0
RegionC,206,300.0
RegionC,207,300.0
RegionC,208,300.0
RegionC,209,300.0
RegionC,210,300.0
RegionC,211,300.0
RegionC,212,300.0
RegionC,213,300.0
RegionC,214,300.0
RegionC,215,300.0
RegionC,216,300.0
RegionC,217,300.0
RegionC,218,300.0
RegionC,219,300.0
RegionC,220,300.0
RegionC,221,300.0
RegionC,222,300.0
RegionC,223,300.0
RegionC,224,300.0
RegionC,225,300.0
RegionC,226,300.0
RegionC,227,300.0
RegionC,228,300.0
RegionC,229,300.0
RegionC,230,300.0
RegionC,231,300.0
RegionC,232,300.0
RegionC,233,300.0
RegionC,234,300.0
RegionC,235,300.0
RegionC,236,300.0
RegionC,237,300.0
RegionC,238,300.0
RegionC,239,300.0
RegionC,240,300.0
RegionC,241,300.0
RegionC,242,300.0
RegionC,243,300.0
RegionC,244,300.0
RegionC,245,300.0
RegionC,246,300.0
RegionC,247,300.0
RegionC,248,300.0
RegionC,249,300.0
RegionC,250,300.0
RegionC,251,300.0
RegionC,252,300.0
RegionC,253,300.0
RegionC,254,300.0
RegionC,255,300.0
RegionC,256,300.0
RegionC,257,300.0
RegionC,258,300.0
RegionC,259,300.0
RegionC,260,300.0
RegionC,261,300.0
RegionC,262,300.0
RegionC,263,300.0
RegionC,264,300.0
RegionC,265,300.0
RegionC,266,300.0
RegionC,267,300.0
RegionC,268,300.0
RegionC,269,300.0
RegionC,270,300.0
RegionC,271,300.0
RegionC,272,300.0
RegionC,273,300.0
RegionC,274,300.0
RegionC,275,300.0
RegionC,276,300.0
RegionC,277,300.0
RegionC,278,300.0
RegionC,279,300.0
RegionC,280,300.0
RegionC,281,300.0
RegionC,282,300.0
RegionC,283,300.0
RegionC,284,300.0
RegionC,285,300.0
RegionC,286,300.0
RegionC,287,300.0
RegionC,288,300.0
RegionC,289,300.0
RegionC,290,300.0
RegionC,291,300.0
RegionC,292,300.0
RegionC,293,300.0
RegionC,294,300.0
RegionC,295,300.0
RegionC,296,300.0
RegionC,297,300.0
RegionC,298,300.0
RegionC,299,300.0
RegionC,300,300.0
RegionC,301,300.0
RegionC,302,300.0
RegionC,303,300.0
RegionC,304,300.0
RegionC,305,300.0
RegionC,306,300.0
RegionC,307,300.0
RegionC,308,300.0
RegionC,309,300.0
RegionC,310,300.0
RegionC,311,300.0
RegionC,312,300.0
RegionC,313,300.0
RegionC,314,300.0
RegionC,315,300.0
RegionC,316,300.0
RegionC,317,300.0
RegionC,318,300.0
RegionC,319,300.0
RegionC,320,300.0
RegionC,321,300.0
RegionC,322,300.0
RegionC,323,300.0
RegionC,324,300.0
RegionC,325,300.0
RegionC,326,300.0
RegionC,327,300.0
RegionC,328,300.0
RegionC,329,300.0
RegionC,330,300.0
RegionC,331,300.0
RegionC,332,300.0
RegionC,333,300.0
RegionC,334,300.0
RegionC,335,300.0
RegionC,336,300.0
RegionC,337,300.0
RegionC,338,300.0
RegionC,339,300.0
RegionC,340,300.0
RegionC,341,300.0
RegionC,342,300.0
RegionC,343,300.0
RegionC,344,300.0
RegionC,345,300.0
RegionC,346,300.0
RegionC,347,300.0
RegionC,348,300.0
RegionC,349,300.0
RegionC,350,300.0
RegionC,351,300.0
RegionC,352,300.0
RegionC,353,300.0
RegionC,354,300.0
RegionC,355,300.0
RegionC,356,300.0
RegionC,357,300.0
RegionC,358,300.0
RegionC,359,300.0
RegionC,360,300.0
RegionC,361,300.0
RegionC,362,300.0
RegionC,363,300.0
RegionC,364,300.0
RegionC,365,300.0
RegionC,366,300.0
RegionC,367,300.0
RegionC,368,300.0
RegionC,369,300.0
RegionC,370,300.0
RegionC,371,300.0
RegionC,372,300.0
RegionC,373,300.0
RegionC,374,300.0
RegionC,375,300.0
RegionC,376,300.0
RegionC,377,300.0
RegionC,378,300.0
RegionC,379,300.0
RegionC,380,300.0
RegionC,381,300.0
RegionC,382,300.0
RegionC,383,300.0
RegionC,384,300.0
RegionC,385,300.0
RegionC,386,300.0
RegionC,387,300.0
RegionC,388,300.0
RegionC,389,300.0
RegionC,390,300.0
RegionC,391,300.0
RegionC,392,300.0
RegionC,393,300.0
RegionC,394,300.0
RegionC,395,300.0
RegionC,396,300.0
RegionC,397,300.0
RegionC,398,300.0
RegionC,399,300.0
RegionC,400,300.0
RegionC,401,300.0
RegionC,402,300.0
RegionC,403,300.0
RegionC,404,300.0
RegionC,405,300.0
RegionC,406,300.0
RegionC,407,300.0
RegionC,408,300.0
RegionC,409,300.0
RegionC,410,300.0
RegionC,411,300.0
RegionC,412,300.0
RegionC,413,300.0
RegionC,414,300.0
RegionC,415,300.0
RegionC,416,300.0
RegionC,417,300.0
RegionC,418,300.0
RegionC,419,300.0
RegionC,420,300.0
RegionC,421,300.0
RegionC,422,300.0
RegionC,423,300.0
RegionC,424,300.0
RegionC,425,300.0
RegionC,426,300.0
RegionC,427,300.0
RegionC,428,300.0
RegionC,429,300.0
RegionC,430,300.0
RegionC,431,300.0
RegionC,432,300.0
RegionC,433,300.0
RegionC,434,300.0
RegionC,435,300.0
RegionC,436,300.0
RegionC,437,300.0
RegionC,438,300.0
RegionC,439,300.0
RegionC,440,300.0
RegionC,441,300.0
RegionC,442,300.0
RegionC,443,300.0
RegionC,444,300.0
RegionC,445,300.0
RegionC,446,300.0
RegionC,447,300.0
RegionC,448,300.0
RegionC,449,300.0
RegionC,450,300.0
RegionC,451,300.0
RegionC,452,300.0
RegionC,453,300.0
RegionC,454,300.0
RegionC,455,300.0
RegionC,456,300.0
RegionC,457,300.0
RegionC,458,300.0
RegionC,459,300.0
RegionC,460,300.0
RegionC,461,300.0
RegionC,462,300.0
RegionC,463,300.0
RegionC,464,300.0
RegionC,465,300.0
RegionC,466,300.0
RegionC,467,300.0
RegionC,468,300.0
RegionC,469,300.0
RegionC,470,300.0
RegionC,471,300.0
RegionC,472,300.0
RegionC,473,300.0
RegionC,474,300.0
RegionC,475,300.0
RegionC,476,300.0
RegionC,477,300.0
RegionC,478,300.0
RegionC,479,300.0
RegionC,480,300.0
RegionC,481,300.0
RegionC,482,300.0
RegionC,483,300.0
RegionC,484,300.0
RegionC,485,300.0
RegionC,486,300.0
RegionC,487,300.0
RegionC,488,300.0
RegionC,489,300.0
RegionC,490,300.0
RegionC,491,300.0
RegionC,492,300.0
RegionC,493,300.0
RegionC,494,300.0
RegionC,495,300.0
RegionC,496,300.0
RegionC,497,300.0
RegionC,498,300.0
RegionC,499,300.0
RegionC,500,300.0
RegionC,501,300.0
RegionC,502,300.0
RegionC,503,300.0
RegionC,504,300.0
RegionC,505,300.0
RegionC,506,300.0
RegionC,507,300.0
RegionC,508,300.0
RegionC,509,300.0
RegionC,510,300.0
RegionC,511,300.0
RegionC,512,300.0
RegionC,513,300.0
RegionC,514,300.0
RegionC,515,300.0
RegionC,516,300.0
RegionC,517,300.0
RegionC,518,300.0
RegionC,519,300.0
RegionC,520,300.0
RegionC,521,300.0
RegionC,522,300.0
RegionC,523,300.0
RegionC,524,300.0
RegionC,525,300.0
RegionC,526,300.0
RegionC,527,300.0
RegionC,528,300.0
RegionC,529,300.0
RegionC,530,300.0
RegionC,531,300.0
RegionC,532,300.0
RegionC,533,300.0
RegionC,534,300.0
RegionC,535,300.0
RegionC,536,300.0
RegionC,537,300.0
RegionC,538,300.0
RegionC,539,300.0
RegionC,540,300.0
RegionC,541,300.0
RegionC,542,300.0
RegionC,543,300.0
RegionC,544,300.0
RegionC,545,300.0
RegionC,546,300.0
RegionC,547,300.0
RegionC,548,300.0
RegionC,549,300.0
RegionC,550,300.0
RegionC,551,300.0
RegionC,552,300.0
RegionC,553,300.0
RegionC,554,300.0
RegionC,555,300.0
RegionC,556,300.0
RegionC,557,300.0
RegionC,558,300.0
RegionC,559,300.0
RegionC,560,300.0
RegionC,561,300.0
RegionC,562,300.0
RegionC,563,300.0
RegionC,564,300.0
RegionC,565,300.0
RegionC,566,300.0
RegionC,567,300.0
RegionC,568,300.0
RegionC,569,300.0
RegionC,570,300.0
RegionC,571,300.0
RegionC,572,300.0
RegionC,573,300.0
RegionC,574,300.0
RegionC,575,300.0
RegionC,576,300.0
RegionC,577,300.0
RegionC,578,300.0
RegionC,579,300.0
RegionC,580,300.0
RegionC,581,300.0
RegionC,582,300.0
RegionC,583,300.0
RegionC,584,300.0
RegionC,585,300.0
RegionC,586,300.0
RegionC,587,300.0
RegionC,588,300.0
RegionC,589,300.0
RegionC,590,300.0
RegionC,591,300.0
RegionC,592,300.0
RegionC,593,300.0
RegionC,594,300.0
RegionC,595,300.0
RegionC,596,300.0
RegionC,597,300.0
RegionC,598,300.0
RegionC,599,300.0
RegionC,600,300.0
RegionC,601,300.0
RegionC,602,300.0
RegionC,603,300.0
RegionC,604,300.0
RegionC,605,300.0
RegionC,606,300.0
RegionC,607,300.0
RegionC,608,300.0
RegionC,609,300.0
RegionC,610,300.0
RegionC,611,300.0
RegionC,612,300.0
RegionC,613,300.0
RegionC,614,300.0
RegionC,615,300.0
RegionC,616,300.0
RegionC,617,300.0
RegionC,618,300.0
RegionC,619,300.0
RegionC,620,300.0
RegionC,621,300.0
RegionC,622,300.0
RegionC,623,300.0
RegionC,624,300.0
RegionC,625,300.0
RegionC,626,300.0
RegionC,627,300.0
RegionC,628,300.0
RegionC,629,300.0
RegionC,630,300.0
RegionC,631,300.0
RegionC,632,300.0
RegionC,633,300.0
RegionC,634,300.0
RegionC,635,300.0
RegionC,636,300.0
RegionC,637,300.0
RegionC,638,300.0
RegionC,639,300.0
RegionC,640,300.0
RegionC,641,300.0
RegionC,642,300.0
RegionC,643,300.0
RegionC,644,300.0
RegionC,645,300.0
RegionC,646,300.0
RegionC,647,300.0
RegionC,648,300.0
RegionC,649,300.0
RegionC,650,300.0
RegionC,651,300.0
RegionC,652,300.0
RegionC,653,300.0
RegionC,654,300.0
RegionC,655,300.0
RegionC,656,300.0
RegionC,657,300.0
RegionC,658,300.0
RegionC,659,300.0
RegionC,660,300.0
RegionC,661,300.0
RegionC,662,300.0
RegionC,663,300.0
RegionC,664,300.0
RegionC,665,300.0
RegionC,666,300.0
RegionC,667,300.0
RegionC,668,300.0
RegionC,669,300.0
RegionC,670,300.0
RegionC,671,300.0
RegionC,672,300.0
RegionC,673,300.0
RegionC,674,300.0
RegionC,675,300.0
RegionC,676,300.0
RegionC,677,300.0
RegionC,678,300.0
RegionC,679,300.0
RegionC,680,300.0
RegionC,681,300.0
RegionC,682,300.0
RegionC,683,300.0
RegionC,684,300.0
RegionC,685,300.0
RegionC,686,300.0
RegionC,687,300.0
RegionC,688,300.0
RegionC,689,300.0
RegionC,690,300.0
RegionC,691,300.0
RegionC,692,300.0
RegionC,693,300.0
RegionC,694,300.0
RegionC,695,300.0
RegionC,696,300.0
RegionC,697,300.0
RegionC,698,300.0
RegionC,699,300.0
RegionC,700,300.0
RegionC,701,300.0
RegionC,702,300.0
RegionC,703,300.0
RegionC,704,300.0
RegionC,705,300.0
RegionC,706,300.0
RegionC,707,300.0
RegionC,708,300.0
RegionC,709,300.0
RegionC,710,300.0
RegionC,711,300.0
RegionC,712,300.0
RegionC,713,300.0
RegionC,714,300.0
RegionC,715,300.0
RegionC,716,300.0
RegionC,717,300.0
RegionC,718,300.0
RegionC,719,300.0
RegionC,720,300.0
RegionC,721,300.0
RegionC,722,300.0
RegionC,723,300.0
RegionC,724,300.0
RegionC,725,300.0
RegionC,726,300.0
RegionC,727,300.0
RegionC,728,300.0
RegionC,729,300.0
RegionC,730,300.0
RegionC,731,300.0
RegionC,732,300.0
RegionC,733,300.0
RegionC,734,300.0
RegionC,735,300.0
RegionC,736,300.0
RegionC,737,300.0
RegionC,738,300.0
RegionC,739,300.0
RegionC,740,300.0
RegionC,741,300.0
RegionC,742,300.0
RegionC,743,300.0
RegionC,744,300.0
RegionC,745,300.0
RegionC,746,300.0
RegionC,747,300.0
RegionC,748,300.0
RegionC,749,300.0
RegionC,750,300.0
RegionC,751,300.0
RegionC,752,300.0
RegionC,753,300.0
RegionC,754,300.0
RegionC,755,300.0
RegionC,756,300.0
RegionC,757,300.0
RegionC,758,300.0
RegionC,759,300.0
RegionC,760,300.0
RegionC,761,300.0
RegionC,762,300.0
RegionC,763,300.0
RegionC,764,300.0
RegionC,765,300.0
RegionC,766,300.0
RegionC,767,300.0
RegionC,768,300.0
RegionC,769,300.0
RegionC,770,300.0
RegionC,771,300.0
RegionC,772,300.0
RegionC,773,300.0
RegionC,774,300.0
RegionC,775,300.0
RegionC,776,300.0
RegionC,777,300.0
RegionC,778,300.0
RegionC,779,300.0
RegionC,780,300.0
RegionC,781,300.0
RegionC,782,300.0
RegionC,783,300.0
RegionC,784,300.0
RegionC,785,300.0
RegionC,786,300.0
RegionC,787,300.0
RegionC,788,300.0
RegionC,789,300.0
RegionC,790,300.0
RegionC,791,300.0
RegionC,792,300.0
RegionC,793,300.0
RegionC,794,300.0
RegionC,795,300.0
RegionC,796,300.0
RegionC,797,300.0
RegionC,798,300.0
RegionC,799,300.0
RegionC,800,300.0
RegionC,801,300.0
RegionC,802,300.0
RegionC,803,300.0
RegionC,804,300.0
RegionC,805,300.0
RegionC,806,300.0
RegionC,807,300.0
RegionC,808,300.0
RegionC,809,300.0
RegionC,810,300.0
RegionC,811,300.0
RegionC,812,300.0
RegionC,813,300.0
RegionC,814,300.0
RegionC,815,300.0
RegionC,816,300.0
RegionC,817,300.0
RegionC,818,300.0
RegionC,819,300.0
RegionC,820,300.0
RegionC,821,300.0
RegionC,822,300.0
RegionC,823,300.0
RegionC,824,300.0
RegionC,825,300.0
RegionC,826,300.0
RegionC,827,300.0
RegionC,828,300.0
RegionC,829,300.0
RegionC,830,300.0
RegionC,831,300.0
RegionC,832,300.0
RegionC,833,300.0
RegionC,834,300.0
RegionC,835,300.0
RegionC,836,300.0
RegionC,837,300.0
RegionC,838,300.0
RegionC,839,300.0
RegionC,840,300.0
RegionC,841,300.0
RegionC,842,300.0
RegionC,843,300.0
RegionC,844,300.0
RegionC,845,300.0
RegionC,846,300.0
RegionC,847,300.0
RegionC,848,300.0
RegionC,849,300.0
RegionC,850,300.0
RegionC,851,300.0
RegionC,852,300.0
RegionC,853,300.0
RegionC,854,300.0
RegionC,855,300.0
RegionC,856,300.0
RegionC,857,300.0
RegionC,858,300.0
RegionC,859,300.0
RegionC,860,300.0
RegionC,861,300.0
RegionC,862,300.0
RegionC,863,300.0
RegionC,864,300.0
RegionC,865,300.0
RegionC,866,300.0
RegionC,867,300.0
RegionC,868,300.0
RegionC,869,300.0
RegionC,870,300.0
RegionC,871,300.0
RegionC,872,300.0
RegionC,873,300.0
RegionC,874,300.0
RegionC,875,300.0
RegionC,876,300.0
RegionC,877,300.0
RegionC,878,300.0
RegionC,879,300.0
RegionC,880,300.0
RegionC,881,300.0
RegionC,882,300.0
RegionC,883,300.0
RegionC,884,300.0
RegionC,885,300.0
RegionC,886,300.0
RegionC,887,300.0
RegionC,888,300.0
RegionC,889,300.0
RegionC,890,300.0
RegionC,891,300.0
RegionC,892,300.0
RegionC,893,300.0
RegionC,894,300.0
RegionC,895,300.0
RegionC,896,300.0
RegionC,897,300.0
RegionC,898,300.0
RegionC,899,300.0
RegionC,900,300.0
RegionC,901,300.0
RegionC,902,300.0
RegionC,903,300.0
RegionC,904,300.0
RegionC,905,300.0
RegionC,906,300.0
RegionC,907,300.0
RegionC,908,300.0
RegionC,909,300.0
RegionC,910,300.0
RegionC,911,300.0
RegionC,912,300.0
RegionC,913,300.0
RegionC,914,300.0
RegionC,915,300.0
RegionC,916,300.0
RegionC,917,300.0
RegionC,918,300.0
RegionC,919,300.0
RegionC,920,300.0
RegionC,921,300.0
RegionC,922,300.0
RegionC,923,300.0
RegionC,924,300.0
RegionC,925,300.0
RegionC,926,300.0
RegionC,927,300.0
RegionC,928,300.0
RegionC,929,300.0
RegionC,930,300.0
RegionC,931,300.0
RegionC,932,300.0
RegionC,933,300.0
RegionC,934,300.0
RegionC,935,300.0
RegionC,936,300.0
RegionC,937,300.0
RegionC,938,300.0
RegionC,939,300.0
RegionC,940,300.0
RegionC,941,300.0
RegionC,942,300.0
RegionC,943,300.0
RegionC,944,300.0
RegionC,945,300.0
RegionC,946,300.0
RegionC,947,300.0
RegionC,948,300.0
RegionC,949,300.0
RegionC,950,300.0
RegionC,951,300.0
RegionC,952,300.0
RegionC,953,300.0
RegionC,954,300.0
RegionC,955,300.0
RegionC,956,300.0
RegionC,957,300.0
RegionC,958,300.0
RegionC,959,300.0
RegionC,960,300.0
RegionC,961,300.0
RegionC,962,300.0
RegionC,963,300.0
RegionC,964,300.0
RegionC,965,300.0
RegionC,966,300.0
RegionC,967,300.0
RegionC,968,300.0
RegionC,969,300.0
RegionC,970,300.0
RegionC,971,300.0
RegionC,972,300.0
RegionC,973,300.0
RegionC,974,300.0
RegionC,975,300.0
RegionC,976,300.0
RegionC,977,300.0
RegionC,978,300.0
RegionC,979,300.0
RegionC,980,300.0
RegionC,981,300.0
RegionC,982,300.0
RegionC,983,300.0
RegionC,984,300.0
RegionC,985,300.0
RegionC,986,300.0
RegionC,987,300.0
RegionC,988,300.0
RegionC,989,300.0
RegionC,990,300.0
RegionC,991,300.0
RegionC,992,300.0
RegionC,993,300.0
RegionC,994,300.0
RegionC,995,300.0
RegionC,996,300.0
RegionC,997,300.0
RegionC,998,300.0
RegionC,999,300.0
RegionC,1000,300.0
RegionC,1001,300.0
RegionC,1002,300.0
RegionC,1003,300.0
RegionC,1004,300.0
RegionC,1005,300.0
RegionC,1006,300.0
RegionC,1007,300.0
RegionC,1008,300.0
RegionC,1009,300.0
RegionC,1010,300.0
RegionC,1011,300.0
RegionC,1012,300.0
RegionC,1013,300.0
RegionC,1014,300.0
RegionC,1015,300.0
RegionC,1016,300.0
RegionC,1017,300.0
RegionC,1018,300.0
RegionC,1019,300.0
RegionC,1020,300.0
RegionC,1021,300.0
RegionC,1022,300.0
RegionC,1023,300.0
RegionC,1024,300.0
RegionC,1025,300.0
RegionC,1026,300.0
RegionC,1027,300.0
RegionC,1028,300.0
RegionC,1029,300.0
RegionC,1030,300.0
RegionC,1031,300.0
RegionC,1032,300.0
RegionC,1033,300.0
RegionC,1034,300.0
RegionC,1035,300.0
RegionC,1036,300.0
RegionC,1037,300.0
RegionC,1038,300.0
RegionC,1039,300.0
RegionC,1040,300.0
RegionC,1041,300.0
RegionC,1042,300.0
RegionC,1043,300.0
RegionC,1044,300.0
RegionC,1045,300.0
RegionC,1046,300.0
RegionC,1047,300.0
RegionC,1048,300.0
RegionC,1049,300.0
RegionC,1050,300.0
RegionC,1051,300.0
RegionC,1052,300.0
RegionC,1053,300.0
RegionC,1054,300.0
RegionC,1055,300.0
RegionC,1056,300.0
RegionC,1057,300.0
RegionC,1058,300.0
RegionC,1059,300.0
RegionC,1060,300.0
RegionC,1061,300.0
RegionC,1062,300.0
RegionC,1063,300.0
RegionC,1064,300.0
RegionC,1065,300.0
RegionC,1066,300.0
RegionC,1067,300.0
RegionC,1068,300.0
RegionC,1069,300.0
RegionC,1070,300.0
RegionC,1071,300.0
RegionC,1072,300.0
RegionC,1073,300.0
RegionC,1074,300.0
RegionC,1075,300.0
RegionC,1076,300.0
RegionC,1077,300.0
RegionC,1078,300.0
RegionC,1079,300.0
RegionC,1080,300.0
RegionC,1081,300.0
RegionC,1082,300.0
RegionC,1083,300.0
RegionC,1084,300.0
RegionC,1085,300.0
RegionC,1086,300.0
RegionC,1087,300.0
RegionC,1088,300.0
RegionC,1089,300.0
RegionC,1090,300.0
RegionC,1091,300.0
RegionC,1092,300.0
RegionC,1093,300.0
RegionC,1094,300.0
RegionC,1095,300.0
RegionC,1096,300.0
RegionC,1097,300.0
RegionC,1098,300.0
RegionC,1099,300.0
RegionC,1100,300.0
RegionC,1101,300.0
RegionC,1102,300.0
RegionC,1103,300.0
RegionC,1104,300.0
RegionC,1105,300.0
RegionC,1106,300.0
RegionC,1107,300.0
RegionC,1108,300.0
RegionC,1109,300.0
RegionC,1110,300.0
RegionC,1111,300.0
RegionC,1112,300.0
RegionC,1113,300.0
RegionC,1114,300.0
RegionC,1115,300.0
RegionC,1116,300.0
RegionC,1117,300.0
RegionC,1118,300.0
RegionC,1119,300.0
RegionC,1120,300.0
RegionC,1121,300.0
RegionC,1122,300.0
RegionC,1123,300.0
RegionC,1124,300.0
RegionC,1125,300.0
RegionC,1126,300.0
RegionC,1127,300.0
RegionC,1128,300.0
RegionC,1129,300.0
RegionC,1130,300.0
RegionC,1131,300.0
RegionC,1132,300.0
RegionC,1133,300.0
RegionC,1134,300.0
RegionC,1135,300.0
RegionC,1136,300.0
RegionC,1137,300.0
RegionC,1138,300.0
RegionC,1139,300.0
RegionC,1140,300.0
RegionC,1141,300.0
RegionC,1142,300.0
RegionC,1143,300.0
RegionC,1144,300.0
RegionC,1145,300.0
RegionC,1146,300.0
RegionC,1147,300.0
RegionC,1148,300.0
RegionC,1149,300.0
RegionC,1150,300.0
RegionC,1151,300.0
RegionC,1152,300.0
RegionC,1153,300.0
RegionC,1154,300.0
RegionC,1155,300.0
RegionC,1156,300.0
RegionC,1157,300.0
RegionC,1158,300.0
RegionC,1159,300.0
RegionC,1160,300.0
RegionC,1161,300.0
RegionC,1162,300.0
RegionC,1163,300.0
RegionC,1164,300.0
RegionC,1165,300.0
RegionC,1166,300.0
RegionC,1167,300.0
RegionC,1168,300.0
RegionC,1169,300.0
RegionC,1170,300.0
RegionC,1171,300.0
RegionC,1172,300.0
RegionC,1173,300.0
RegionC,1174,300.0
RegionC,1175,300.0
RegionC,1176,300.0
RegionC,1177,300.0
RegionC,1178,300.0
RegionC,1179,300.0
RegionC,1180,300.0
RegionC,1181,300.0
RegionC,1182,300.0
RegionC,1183,300.0
RegionC,1184,300.0
RegionC,1185,300.0
RegionC,1186,300.0
RegionC,1187,300.0
RegionC,1188,300.0
RegionC,1189,300.0
RegionC,1190,300.0
RegionC,1191,300.0
RegionC,1192,300.0
RegionC,1193,300.0
RegionC,1194,300.0
RegionC,1195,300.0
RegionC,1196,300.0
RegionC,1197,300.0
RegionC,1198,300.0
RegionC,1199,300.0
RegionC,1200,300.0
RegionC,1201,300.0
RegionC,1202,300.0
RegionC,1203,300.0
RegionC,1204,300.0
RegionC,1205,300.0
RegionC,1206,300.0
RegionC,1207,300.0
RegionC,1208,300.0
RegionC,1209,300.0
RegionC,1210,300.0
RegionC,1211,300.0
RegionC,1212,300.0
RegionC,1213,300.0
RegionC,1214,300.0
RegionC,1215,300.0
RegionC,1216,300.0
RegionC,1217,300.0
RegionC,1218,300.0
RegionC,1219,300.0
RegionC,1220,300.0
RegionC,1221,300.0
RegionC,1222,300.0
RegionC,1223,300.0
RegionC,1224,300.0
RegionC,1225,300.0
RegionC,1226,300.0
RegionC,1227,300.0
RegionC,1228,300.0
RegionC,1229,300.0
RegionC,1230,300.0
RegionC,1231,300.0
RegionC,1232,300.0
RegionC,1233,300.0
RegionC,1234,300.0
RegionC,1235,300.0
RegionC,1236,300.0
RegionC,1237,300.0
RegionC,1238,300.0
RegionC,1239,300.0
RegionC,1240,300.0
RegionC,1241,300.0
RegionC,1242,300.0
RegionC,1243,300.0
RegionC,1244,300.0
RegionC,1245,300.0
RegionC,1246,300.0
RegionC,1247,300.0
RegionC,1248,300.0
RegionC,1249,300.0
RegionC,1250,300.0
RegionC,1251,300.0
RegionC,1252,300.0
RegionC,1253,300.0
RegionC,1254,300.0
RegionC,1255,300.0
RegionC,1256,300.0
RegionC,1257,300.0
RegionC,1258,300.0
RegionC,1259,300.0
RegionC,1260,300.0
RegionC,1261,300.0
RegionC,1262,300.0
RegionC,1263,300.0
RegionC,1264,300.0
RegionC,1265,300.0
RegionC,1266,300.0
RegionC,1267,300.0
RegionC,1268,300.0
RegionC,1269,300.0
RegionC,1270,300.0
RegionC,1271,300.0
RegionC,1272,300.0
RegionC,1273,300.0
RegionC,1274,300.0
RegionC,1275,300.0
RegionC,1276,300.0
RegionC,1277,300.0
RegionC,1278,300.0
RegionC,1279,300.0
RegionC,1280,300.0
RegionC,1281,300.0
RegionC,1282,300.0
RegionC,1283,300.0
RegionC,1284,300.0
RegionC,1285,300.0
RegionC,1286,300.0
RegionC,1287,300.0
RegionC,1288,300.0
RegionC,1289,300.0
RegionC,1290,300.0
RegionC,1291,300.0
RegionC,1292,300.0
RegionC,1293,300.0
RegionC,1294,300.0
RegionC,1295,300.0
RegionC,1296,300.0
RegionC,1297,300.0
RegionC,1298,300.0
RegionC,1299,300.0
RegionC,1300,300.0
RegionC,1301,300.0
RegionC,1302,300.0
RegionC,1303,300.0
RegionC,1304,300.0
RegionC,1305,300.0
RegionC,1306,300.0
RegionC,1307,300.0
RegionC,1308,300.0
RegionC,1309,300.0
RegionC,1310,300.0
RegionC,1311,300.0
RegionC,1312,300.0
RegionC,1313,300.0
RegionC,1314,300.0
RegionC,1315,300.0
RegionC,1316,300.0
RegionC,1317,300.0
RegionC,1318,300.0
RegionC,1319,300.0
RegionC,1320,300.0
RegionC,1321,300.0
RegionC,1322,300.0
RegionC,1323,300.0
RegionC,1324,300.0
RegionC,1325,300.0
RegionC,1326,300.0
RegionC,1327,300.0
RegionC,1328,300.0
RegionC,1329,300.0
RegionC,1330,300.0
RegionC,1331,300.0
RegionC,1332,300.0
RegionC,1333,300.0
RegionC,1334,300.0
RegionC,1335,300.0
RegionC,1336,300.0
RegionC,1337,300.0
RegionC,1338,300.0
RegionC,1339,300.0
RegionC,1340,300.0
RegionC,1341,300.0
RegionC,1342,300.0
RegionC,1343,300.0
RegionC,1344,300.0
RegionC,1345,300.0
RegionC,1346,300.0
RegionC,1347,300.0
RegionC,1348,300.0
RegionC,1349,300.0
RegionC,1350,300.0
RegionC,1351,300.0
RegionC,1352,300.0
RegionC,1353,300.0
RegionC,1354,300.0
RegionC,1355,300.0
RegionC,1356,300.0
RegionC,1357,300.0
RegionC,1358,300.0
RegionC,1359,300.0
RegionC,1360,300.0
RegionC,1361,300.0
RegionC,1362,300.0
RegionC,1363,300.0
RegionC,1364,300.0
RegionC,1365,300.0
RegionC,1366,300.0
RegionC,1367,300.0
RegionC,1368,300.0
RegionC,1369,300.0
RegionC,1370,300.0
RegionC,1371,300.0
RegionC,1372,300.0
RegionC,1373,300.0
RegionC,1374,300.0
RegionC,1375,300.0
RegionC,1376,300.0
RegionC,1377,300.0
RegionC,1378,300.0
RegionC,1379,300.0
RegionC,1380,300.0
RegionC,1381,300.0
RegionC,1382,300.0
RegionC,1383,300.0
RegionC,1384,300.0
RegionC,1385,300.0
RegionC,1386,300.0
RegionC,1387,300.0
RegionC,1388,300.0
RegionC,1389,300.0
RegionC,1390,300.0
RegionC,1391,300.0
RegionC,1392,300.0
RegionC,1393,300.0
RegionC,1394,300.0
RegionC,1395,300.0
RegionC,1396,300.0
RegionC,1397,300.0
RegionC,1398,300.0
RegionC,1399,300.0
RegionC,1400,300.0
RegionC,1401,300.0
RegionC,1402,300.0
RegionC,1403,300.0
RegionC,1404,300.0
RegionC,1405,300.0
RegionC,1406,300.0
RegionC,1407,300.0
RegionC,1408,300.0
RegionC,1409,300.0
RegionC,1410,300.0
RegionC,1411,300.0
RegionC,1412,300.0
RegionC,1413,300.0
RegionC,1414,300.0
RegionC,1415,300.0
RegionC,1416,300.0
RegionC,1417,300.0
RegionC,1418,300.0
RegionC,1419,300.0
RegionC,1420,300.0
RegionC,1421,300.0
RegionC,1422,300.0
RegionC,1423,300.0
RegionC,1424,300.0
RegionC,1425,300.0
RegionC,1426,300.0
RegionC,1427,300.0
RegionC,1428,300.0
RegionC,1429,300.0
RegionC,1430,300.0
RegionC,1431,300.0
RegionC,1432,300.0
RegionC,1433,300.0
RegionC,1434,300.0
RegionC,1435,300.0
RegionC,1436,300.0
RegionC,1437,300.0
RegionC,1438,300.0
RegionC,1439,300.0
RegionC,1440,300.0
RegionC,1441,300.0
RegionC,1442,300.0
RegionC,1443,300.0
RegionC,1444,300.0
RegionC,1445,300.0
RegionC,1446,300.0
RegionC,1447,300.0
RegionC,1448,300.0
RegionC,1449,300.0
RegionC,1450,300.0
RegionC,1451,300.0
RegionC,1452,300.0
RegionC,1453,300.0
RegionC,1454,300.0
RegionC,1455,300.0
RegionC,1456,300.0
RegionC,1457,300.0
RegionC,1458,300.0
RegionC,1459,300.0
RegionC,1460,300.0
RegionC,1461,300.0
RegionC,1462,300.0
RegionC,1463,300.0
RegionC,1464,300.0
RegionC,1465,300.0
RegionC,1466,300.0
RegionC,1467,300.0
RegionC,1468,300.0
RegionC,1469,300.0
RegionC,1470,300.0
RegionC,1471,300.0
RegionC,1472,300.0
RegionC,1473,300.0
RegionC,1474,300.0
RegionC,1475,300.0
RegionC,1476,300.0
RegionC,1477,300.0
RegionC,1478,300.0
RegionC,1479,300.0
RegionC,1480,300.0
RegionC,1481,300.0
RegionC,1482,300.0
RegionC,1483,300.0
RegionC,1484,300.0
RegionC,1485,300.0
RegionC,1486,300.0
RegionC,1487,300.0
RegionC,1488,300.0
RegionC,1489,300.0
RegionC,1490,300.0
RegionC,1491,300.0
RegionC,1492,300.0
RegionC,1493,300.0
RegionC,1494,300.0
RegionC,1495,300.0
RegionC,1496,300.0
RegionC,1497,300.0
RegionC,1498,300.0
RegionC,1499,300.0
RegionC,1500,300.0
RegionC,1501,300.0
RegionC,1502,300.0
RegionC,1503,300.0
RegionC,1504,300.0
RegionC,1505,300.0
RegionC,1506,300.0
RegionC,1507,300.0
RegionC,1508,300.0
RegionC,1509,300.0
RegionC,1510,300.0
RegionC,1511,300.0
RegionC,1512,300.0
RegionC,1513,300.0
RegionC,1514,300.0
RegionC,1515,300.0
RegionC,1516,300.0
RegionC,1517,300.0
RegionC,1518,300.0
RegionC,1519,300.0
RegionC,1520,300.0
RegionC,1521,300.0
RegionC,1522,300.0
RegionC,1523,300.0
RegionC,1524,300.0
RegionC,1525,300.0
RegionC,1526,300.0
RegionC,1527,300.0
RegionC,1528,300.0
RegionC,1529,300.0
RegionC,1530,300.0
RegionC,1531,300.0
RegionC,1532,300.0
RegionC,1533,300.0
RegionC,1534,300.0
RegionC,1535,300.0
RegionC,1536,300.0
RegionC,1537,300.0
RegionC,1538,300.0
RegionC,1539,300.0
RegionC,1540,300.0
RegionC,1541,300.0
RegionC,1542,300.0
RegionC,1543,300.0
RegionC,1544,300.0
RegionC,1545,300.0
RegionC,1546,300.0
RegionC,1547,300.0
RegionC,1548,300.0
RegionC,1549,300.0
RegionC,1550,300.0
RegionC,1551,300.0
RegionC,1552,300.0
RegionC,1553,300.0
RegionC,1554,300.0
RegionC,1555,300.0
RegionC,1556,300.0
RegionC,1557,300.0
RegionC,1558,300.0
RegionC,1559,300.0
RegionC,1560,300.0
RegionC,1561,300.0
RegionC,1562,300.0
RegionC,1563,300.0
RegionC,1564,300.0
RegionC,1565,300.0
RegionC,1566,300.0
RegionC,1567,300.0
RegionC,1568,300.0
RegionC,1569,300.0
RegionC,1570,300.0
RegionC,1571,300.0
RegionC,1572,300.0
RegionC,1573,300.0
RegionC,1574,300.0
RegionC,1575,300.0
RegionC,1576,300.0
RegionC,1577,300.0
RegionC,1578,300.0
RegionC,1579,300.0
RegionC,1580,300.0
RegionC,1581,300.0
RegionC,1582,300.0
RegionC,1583,300.0
RegionC,1584,300.0
RegionC,1585,300.0
RegionC,1586,300.0
RegionC,1587,300.0
RegionC,1588,300.0
RegionC,1589,300.0
RegionC,1590,300.0
RegionC,1591,300.0
RegionC,1592,300.0
RegionC,1593,300.0
RegionC,1594,300.0
RegionC,1595,300.0
RegionC,1596,300.0
RegionC,1597,300.0
RegionC,1598,300.0
RegionC,1599,300.0
RegionC,1600,300.0
RegionC,1601,300.0
RegionC,1602,300.0
RegionC,1603,300.0
RegionC,1604,300.0
RegionC,1605,300.0
RegionC,1606,300.0
RegionC,1607,300.0
RegionC,1608,300.0
RegionC,1609,300.0
RegionC,1610,300.0
RegionC,1611,300.0
RegionC,1612,300.0
RegionC,1613,300.0
RegionC,1614,300.0
RegionC,1615,300.0
RegionC,1616,300.0
RegionC,1617,300.0
RegionC,1618,300.0
RegionC,1619,300.0
RegionC,1620,300.0
RegionC,1621,300.0
RegionC,1622,300.0
RegionC,1623,300.0
RegionC,1624,300.0
RegionC,1625,300.0
RegionC,1626,300.0
RegionC,1627,300.0
RegionC,1628,300.0
RegionC,1629,300.0
RegionC,1630,300.0
RegionC,1631,300.0
RegionC,1632,300.0
RegionC,1633,300.0
RegionC,1634,300.0
RegionC,1635,300.0
RegionC,1636,300.0
RegionC,1637,300.0
RegionC,1638,300.0
RegionC,1639,300.0
RegionC,1640,300.0
RegionC,1641,300.0
RegionC,1642,300.0
RegionC,1643,300.0
RegionC,1644,300.0
RegionC,1645,300.0
RegionC,1646,300.0
RegionC,1647,300.0
RegionC,1648,300.0
RegionC,1649,300.0
RegionC,1650,300.0
RegionC,1651,300.0
RegionC,1652,300.0
RegionC,1653,300.0
RegionC,1654,300.0
RegionC,1655,300.0
RegionC,1656,300.0
RegionC,1657,300.0
RegionC,1658,300.0
RegionC,1659,300.0
RegionC,1660,300.0
RegionC,1661,300.0
RegionC,1662,300.0
RegionC,1663,300.0
RegionC,1664,300.0
RegionC,1665,300.0
RegionC,1666,300.0
RegionC,1667,300.0
RegionC,1668,300.0
RegionC,1669,300.0
RegionC,1670,300.0
RegionC,1671,300.0
RegionC,1672,300.0
RegionC,1673,300.0
RegionC,1674,300.0
RegionC,1675,300.0
RegionC,1676,300.0
RegionC,1677,300.0
RegionC,1678,300.0
RegionC,1679,300.0
RegionC,1680,300.0
RegionC,1681,300.0
RegionC,1682,300.0
RegionC,1683,300.0
RegionC,1684,300.0
RegionC,1685,300.0
RegionC,1686,300.0
RegionC,1687,300.0
RegionC,1688,300.0
RegionC,1689,300.0
RegionC,1690,300.0
RegionC,1691,300.0
RegionC,1692,300.0
RegionC,1693,300.0
RegionC,1694,300.0
RegionC,1695,300.0
RegionC,1696,300.0
RegionC,1697,300.0
RegionC,1698,300.0
RegionC,1699,300.0
RegionC,1700,300.0
RegionC,1701,300.0
RegionC,1702,300.0
RegionC,1703,300.0
RegionC,1704,300.0
RegionC,1705,300.0
RegionC,1706,300.0
RegionC,1707,300.0
RegionC,1708,300.0
RegionC,1709,300.0
RegionC,1710,300.0
RegionC,1711,300.0
RegionC,1712,300.0
RegionC,1713,300.0
RegionC,1714,300.0
RegionC,1715,300.0
RegionC,1716,300.0
RegionC,1717,300.0
RegionC,1718,300.0
RegionC,1719,300.0
RegionC,1720,300.0
RegionC,1721,300.0
RegionC,1722,300.0
RegionC,1723,300.0
RegionC,1724,300.0
RegionC,1725,300.0
RegionC,1726,300.0
RegionC,1727,300.0
RegionC,1728,300.0
RegionC,1729,300.0
RegionC,1730,300.0
RegionC,1731,300.0
RegionC,1732,300.0
RegionC,1733,300.0
RegionC,1734,300.0
RegionC,1735,300.0
RegionC,1736,300.0
RegionC,1737,300.0
RegionC,1738,300.0
RegionC,1739,300.0
RegionC,1740,300.0
RegionC,1741,300.0
RegionC,1742,300.0
RegionC,1743,300.0
RegionC,1744,300.0
RegionC,1745,300.0
RegionC,1746,300.0
RegionC,1747,300.0
RegionC,1748,300.0
RegionC,1749,300.0
RegionC,1750,300.0
RegionC,1751,300.0
RegionC,1752,300.0
RegionC,1753,300.0
RegionC,1754,300.0
RegionC,1755,300.0
RegionC,1756,300.0
RegionC,1757,300.0
RegionC,1758,300.0
RegionC,1759,300.0
RegionC,1760,300.0
RegionC,1761,300.0
RegionC,1762,300.0
RegionC,1763,300.0
RegionC,1764,300.0
RegionC,1765,300.0
RegionC,1766,300.0
RegionC,1767,300.0
RegionC,1768,300.0
RegionC,1769,300.0
RegionC,1770,300.0
RegionC,1771,300.0
RegionC,1772,300.0
RegionC,1773,300.0
RegionC,1774,300.0
RegionC,1775,300.0
RegionC,1776,300.0
RegionC,1777,300.0
RegionC,1778,300.0
RegionC,1779,300.0
RegionC,1780,300.0
RegionC,1781,300.0
RegionC,1782,300.0
RegionC,1783,300.0
RegionC,1784,300.0
RegionC,1785,300.0
RegionC,1786,300.0
RegionC,1787,300.0
RegionC,1788,300.0
RegionC,1789,300.0
RegionC,1790,300.0
RegionC,1791,300.0
RegionC,1792,300.0
RegionC,1793,300.0
RegionC,1794,300.0
RegionC,1795,300.0
RegionC,1796,300.0
RegionC,1797,300.0
RegionC,1798,300.0
RegionC,1799,300.0
RegionC,1800,300.0
RegionC,1801,300.0
RegionC,1802,300.0
RegionC,1803,300.0
RegionC,1804,300.0
RegionC,1805,300.0
RegionC,1806,300.0
RegionC,1807,300.0
RegionC,1808,300.0
RegionC,1809,300.0
RegionC,1810,300.0
RegionC,1811,300.0
RegionC,1812,300.0
RegionC,1813,300.0
RegionC,1814,300.0
RegionC,1815,300.0
RegionC,1816,300.0
RegionC,1817,300.0
RegionC,1818,300.0
RegionC,1819,300.0
RegionC,1820,300.0
RegionC,1821,300.0
RegionC,1822,300.0
RegionC,1823,300.0
RegionC,1824,300.0
RegionC,1825,300.0
RegionC,1826,300.0
RegionC,1827,300.0
RegionC,1828,300.0
RegionC,1829,300.0
RegionC,1830,300.0
RegionC,1831,300.0
RegionC,1832,300.0
RegionC,1833,300.0
RegionC,1834,300.0
RegionC,1835,300.0
RegionC,1836,300.0
RegionC,1837,300.0
RegionC,1838,300.0
RegionC,1839,300.0
RegionC,1840,300.0
RegionC,1841,300.0
RegionC,1842,300.0
RegionC,1843,300.0
RegionC,1844,300.0
RegionC,1845,300.0
RegionC,1846,300.0
RegionC,1847,300.0
RegionC,1848,300.0
RegionC,1849,300.0
RegionC,1850,300.0
RegionC,1851,300.0
RegionC,1852,300.0
RegionC,1853,300.0
RegionC,1854,300.0
RegionC,1855,300.0
RegionC,1856,300.0
RegionC,1857,300.0
RegionC,1858,300.0
RegionC,1859,300.0
RegionC,1860,300.0
RegionC,1861,300.0
RegionC,1862,300.0
RegionC,1863,300.0
RegionC,1864,300.0
RegionC,1865,300.0
RegionC,1866,300.0
RegionC,1867,300.0
RegionC,1868,300.0
RegionC,1869,300.0
RegionC,1870,300.0
RegionC,1871,300.0
RegionC,1872,300.0
RegionC,1873,300.0
RegionC,1874,300.0
RegionC,1875,300.0
RegionC,1876,300.0
RegionC,1877,300.0
RegionC,1878,300.0
RegionC,1879,300.0
RegionC,1880,300.0
RegionC,1881,300.0
RegionC,1882,300.0
RegionC,1883,300.0
RegionC,1884,300.0
RegionC,1885,300.0
RegionC,1886,300.0
RegionC,1887,300.0
RegionC,1888,300.0
RegionC,1889,300.0
RegionC,1890,300.0
RegionC,1891,300.0
RegionC,1892,300.0
RegionC,1893,300.0
RegionC,1894,300.0
RegionC,1895,300.0
RegionC,1896,300.0
RegionC,1897,300.0
RegionC,1898,300.0
RegionC,1899,300.0
RegionC,1900,300.0
RegionC,1901,300.0
RegionC,1902,300.0
RegionC,1903,300.0
RegionC,1904,300.0
RegionC,1905,300.0
RegionC,1906,300.0
RegionC,1907,300.0
RegionC,1908,300.0
RegionC,1909,300.0
RegionC,1910,300.0
RegionC,1911,300.0
RegionC,1912,300.0
RegionC,1913,300.0
RegionC,1914,300.0
RegionC,1915,300.0
RegionC,1916,300.0
RegionC,1917,300.0
RegionC,1918,300.0
RegionC,1919,300.0
RegionC,1920,300.0
RegionC,1921,300.0
RegionC,1922,300.0
RegionC,1923,300.0
RegionC,1924,300.0
RegionC,1925,300.0
RegionC,1926,300.0
RegionC,1927,300.0
RegionC,1928,300.0
RegionC,1929,300.0
RegionC,1930,300.0
RegionC,1931,300.0
RegionC,1932,300.0
RegionC,1933,300.0
RegionC,1934,300.0
RegionC,1935,300.0
RegionC,1936,300.0
RegionC,1937,300.0
RegionC,1938,300.0
RegionC,1939,300.0
RegionC,1940,300.0
RegionC,1941,300.0
RegionC,1942,300.0
RegionC,1943,300.0
RegionC,1944,300.0
RegionC,1945,300.0
RegionC,1946,300.0
RegionC,1947,300.0
RegionC,1948,300.0
RegionC,1949,300.0
RegionC,1950,300.0
RegionC,1951,300.0
RegionC,1952,300.0
RegionC,1953,300.0
RegionC,1954,300.0
RegionC,1955,300.0
RegionC,1956,300.0
RegionC,1957,300.0
RegionC,1958,300.0
RegionC,1959,300.0
RegionC,1960,300.0
RegionC,1961,300.0
RegionC,1962,300.0
RegionC,1963,300.0
RegionC,1964,300.0
RegionC,1965,300.0
RegionC,1966,300.0
RegionC,1967,300.0
RegionC,1968,300.0
RegionC,1969,300.0
RegionC,1970,300.0
RegionC,1971,300.0
RegionC,1972,300.0
RegionC,1973,300.0
RegionC,1974,300.0
RegionC,1975,300.0
RegionC,1976,300.0
RegionC,1977,300.0
RegionC,1978,300.0
RegionC,1979,300.0
RegionC,1980,300.0
RegionC,1981,300.0
RegionC,1982,300.0
RegionC,1983,300.0
RegionC,1984,300.0
RegionC,1985,300.0
RegionC,1986,300.0
RegionC,1987,300.0
RegionC,1988,300.0
RegionC,1989,300.0
RegionC,1990,300.0
RegionC,1991,300.0
RegionC,1992,300.0
RegionC,1993,300.0
RegionC,1994,300.0
RegionC,1995,300.0
RegionC,1996,300.0
RegionC,1997,300.0
RegionC,1998,300.0
RegionC,1999,300.0
RegionC,2000,300.0
RegionC,2001,300.0
RegionC,2002,300.0
RegionC,2003,300.0
RegionC,2004,300.0
RegionC,2005,300.0
RegionC,2006,300.0
RegionC,2007,300.0
RegionC,2008,300.0
RegionC,2009,300.0
RegionC,2010,300.0
RegionC,2011,300.0
RegionC,2012,300.0
RegionC,2013,300.0
RegionC,2014,300.0
RegionC,2015,300.0
RegionC,2016,300.0
RegionC,2017,300.0
RegionC,2018,300.0
RegionC,2019,300.0
RegionC,2020,300.0
RegionC,2021,300.0
RegionC,2022,300.0
RegionC,2023,300.0
RegionC,2024,300.0
RegionC,2025,300.0
RegionC,2026,300.0
RegionC,2027,300.0
RegionC,2028,300.0
RegionC,2029,300.0
RegionC,2030,300.0
RegionC,2031,300.0
RegionC,2032,300.0
RegionC,2033,300.0
RegionC,2034,300.0
RegionC,2035,300.0
RegionC,2036,300.0
RegionC,2037,300.0
RegionC,2038,300.0
RegionC,2039,300.0
RegionC,2040,300.0
RegionC,2041,300.0
RegionC,2042,300.0
RegionC,2043,300.0
RegionC,2044,300.0
RegionC,2045,300.0
RegionC,2046,300.0
RegionC,2047,300.0
RegionC,2048,300.0
RegionC,2049,300.0
RegionC,2050,300.0
RegionC,2051,300.0
RegionC,2052,300.0
RegionC,2053,300.0
RegionC,2054,300.0
RegionC,2055,300.0
RegionC,2056,300.0
RegionC,2057,300.0
RegionC,2058,300.0
RegionC,2059,300.0
RegionC,2060,300.0
RegionC,2061,300.0
RegionC,2062,300.0
RegionC,2063,300.0
RegionC,2064,300.0
RegionC,2065,300.0
RegionC,2066,300.0
RegionC,2067,300.0
RegionC,2068,300.0
RegionC,2069,300.0
RegionC,2070,300.0
RegionC,2071,300.0
RegionC,2072,300.0
RegionC,2073,300.0
RegionC,2074,300.0
RegionC,2075,300.0
RegionC,2076,300.0
RegionC,2077,300.0
RegionC,2078,300.0
RegionC,2079,300.0
RegionC,2080,300.0
RegionC,2081,300.0
RegionC,2082,300.0
RegionC,2083,300.0
RegionC,2084,300.0
RegionC,2085,300.0
RegionC,2086,300.0
RegionC,2087,300.0
RegionC,2088,300.0
RegionC,2089,300.0
RegionC,2090,300.0
RegionC,2091,300.0
RegionC,2092,300.0
RegionC,2093,300.0
RegionC,2094,300.0
RegionC,2095,300.0
RegionC,2096,300.0
RegionC,2097,300.0
RegionC,2098,300.0
RegionC,2099,300.0
RegionC,2100,300.0
RegionC,2101,300.0
RegionC,2102,300.0
RegionC,2103,300.0
RegionC,2104,300.0
RegionC,2105,300.0
RegionC,2106,300.0
RegionC,2107,300.0
RegionC,2108,300.0
RegionC,2109,300.0
RegionC,2110,300.0
RegionC,2111,300.0
RegionC,2112,300.0
RegionC,2113,300.0
RegionC,2114,300.0
RegionC,2115,300.0
RegionC,2116,300.0
RegionC,2117,300.0
RegionC,2118,300.0
RegionC,2119,300.0
RegionC,2120,300.0
RegionC,2121,300.0
RegionC,2122,300.0
RegionC,2123,300.0
RegionC,2124,300.0
RegionC,2125,300.0
RegionC,2126,300.0
RegionC,2127,300.0
RegionC,2128,300.0
RegionC,2129,300.0
RegionC,2130,300.0
RegionC,2131,300.0
RegionC,2132,300.0
RegionC,2133,300.0
RegionC,2134,300.0
RegionC,2135,300.0
RegionC,2136,300.0
RegionC,2137,300.0
RegionC,2138,300.0
RegionC,2139,300.0
RegionC,2140,300.0
RegionC,2141,300.0
RegionC,2142,300.0
RegionC,2143,300.0
RegionC,2144,300.0
RegionC,2145,300.0
RegionC,2146,300.0
RegionC,2147,300.0
RegionC,2148,300.0
RegionC,2149,300.0
RegionC,2150,300.0
RegionC,2151,300.0
RegionC,2152,300.0
RegionC,2153,300.0
RegionC,2154,300.0
RegionC,2155,300.0
RegionC,2156,300.0
RegionC,2157,300.0
RegionC,2158,300.0
RegionC,2159,300.0
RegionC,2160,300.0
RegionC,2161,300.0
RegionC,2162,300.0
RegionC,2163,300.0
RegionC,2164,300.0
RegionC,2165,300.0
RegionC,2166,300.0
RegionC,2167,300.0
RegionC,2168,300.0
RegionC,2169,300.0
RegionC,2170,300.0
RegionC,2171,300.0
RegionC,2172,300.0
RegionC,2173,300.0
RegionC,2174,300.0
RegionC,2175,300.0
RegionC,2176,300.0
RegionC,2177,300.0
RegionC,2178,300.0
RegionC,2179,300.0
RegionC,2180,300.0
RegionC,2181,300.0
RegionC,2182,300.0
RegionC,2183,300.0
RegionC,2184,300.0
RegionC,2185,300.0
RegionC,2186,300.0
RegionC,2187,300.0
RegionC,2188,300.0
RegionC,2189,300.0
RegionC,2190,300.0
RegionC,2191,300.0
RegionC,2192,300.0
RegionC,2193,300.0
RegionC,2194,300.0
RegionC,2195,300.0
RegionC,2196,300.0
RegionC,2197,300.0
RegionC,2198,300.0
RegionC,2199,300.0
RegionC,2200,300.0
RegionC,2201,300.0
RegionC,2202,300.0
RegionC,2203,300.0
RegionC,2204,300.0
RegionC,2205,300.0
RegionC,2206,300.0
RegionC,2207,300.0
RegionC,2208,300.0
RegionC,2209,300.0
RegionC,2210,300.0
RegionC,2211,300.0
RegionC,2212,300.0
RegionC,2213,300.0
RegionC,2214,300.0
RegionC,2215,300.0
RegionC,2216,300.0
RegionC,2217,300.0
RegionC,2218,300.0
RegionC,2219,300.0
RegionC,2220,300.0
RegionC,2221,300.0
RegionC,2222,300.0
RegionC,2223,300.0
RegionC,2224,300.0
RegionC,2225,300.0
RegionC,2226,300.0
RegionC,2227,300.0
RegionC,2228,300.0
RegionC,2229,300.0
RegionC,2230,300.0
RegionC,2231,300.0
RegionC,2232,300.0
RegionC,2233,300.0
RegionC,2234,300.0
RegionC,2235,300.0
RegionC,2236,300.0
RegionC,2237,300.0
RegionC,2238,300.0
RegionC,2239,300.0
RegionC,2240,300.0
RegionC,2241,300.0
RegionC,2242,300.0
RegionC,2243,300.0
RegionC,2244,300.0
RegionC,2245,300.0
RegionC,2246,300.0
RegionC,2247,300.0
RegionC,2248,300.0
RegionC,2249,300.0
RegionC,2250,300.0
RegionC,2251,300.0
RegionC,2252,300.0
RegionC,2253,300.0
RegionC,2254,300.0
RegionC,2255,300.0
RegionC,2256,300.0
RegionC,2257,300.0
RegionC,2258,300.0
RegionC,2259,300.0
RegionC,2260,300.0
RegionC,2261,300.0
RegionC,2262,300.0
RegionC,2263,300.0
RegionC,2264,300.0
RegionC,2265,300.0
RegionC,2266,300.0
RegionC,2267,300.0
RegionC,2268,300.0
RegionC,2269,300.0
RegionC,2270,300.0
RegionC,2271,300.0
RegionC,2272,300.0
RegionC,2273,300.0
RegionC,2274,300.0
RegionC,2275,300.0
RegionC,2276,300.0
RegionC,2277,300.0
RegionC,2278,300.0
RegionC,2279,300.0
RegionC,2280,300.0
RegionC,2281,300.0
RegionC,2282,300.0
RegionC,2283,300.0
RegionC,2284,300.0
RegionC,2285,300.0
RegionC,2286,300.0
RegionC,2287,300.0
RegionC,2288,300.0
RegionC,2289,300.0
RegionC,2290,300.0
RegionC,2291,300.0
RegionC,2292,300.0
RegionC,2293,300.0
RegionC,2294,300.0
RegionC,2295,300.0
RegionC,2296,300.0
RegionC,2297,300.0
RegionC,2298,300.0
RegionC,2299,300.0
RegionC,2300,300.0
RegionC,2301,300.0
RegionC,2302,300.0
RegionC,2303,300.0
RegionC,2304,300.0
RegionC,2305,300.0
RegionC,2306,300.0
RegionC,2307,300.0
RegionC,2308,300.0
RegionC,2309,300.0
RegionC,2310,300.0
RegionC,2311,300.0
RegionC,2312,300.0
RegionC,2313,300.0
RegionC,2314,300.0
RegionC,2315,300.0
RegionC,2316,300.0
RegionC,2317,300.0
RegionC,2318,300.0
RegionC,2319,300.0
RegionC,2320,300.0
RegionC,2321,300.0
RegionC,2322,300.0
RegionC,2323,300.0
RegionC,2324,300.0
RegionC,2325,300.0
RegionC,2326,300.0
RegionC,2327,300.0
RegionC,2328,300.0
RegionC,2329,300.0
RegionC,2330,300.0
RegionC,2331,300.0
RegionC,2332,300.0
RegionC,2333,300.0
RegionC,2334,300.0
RegionC,2335,300.0
RegionC,2336,300.0
RegionC,2337,300.0
RegionC,2338,300.0
RegionC,2339,300.0
RegionC,2340,300.0
RegionC,2341,300.0
RegionC,2342,300.0
RegionC,2343,300.0
RegionC,2344,300.0
RegionC,2345,300.0
RegionC,2346,300.0
RegionC,2347,300.0
RegionC,2348,300.0
RegionC,2349,300.0
RegionC,2350,300.0
RegionC,2351,300.0
RegionC,2352,300.0
RegionC,2353,300.0
RegionC,2354,300.0
RegionC,2355,300.0
RegionC,2356,300.0
RegionC,2357,300.0
RegionC,2358,300.0
RegionC,2359,300.0
RegionC,2360,300.0
RegionC,2361,300.0
RegionC,2362,300.0
RegionC,2363,300.0
RegionC,2364,300.0
RegionC,2365,300.0
RegionC,2366,300.0
RegionC,2367,300.0
RegionC,2368,300.0
RegionC,2369,300.0
RegionC,2370,300.0
RegionC,2371,300.0
RegionC,2372,300.0
RegionC,2373,300.0
RegionC,2374,300.0
RegionC,2375,300.0
RegionC,2376,300.0
RegionC,2377,300.0
RegionC,2378,300.0
RegionC,2379,300.0
RegionC,2380,300.0
RegionC,2381,300.0
RegionC,2382,300.0
RegionC,2383,300.0
RegionC,2384,300.0
RegionC,2385,300.0
RegionC,2386,300.0
RegionC,2387,300.0
RegionC,2388,300.0
RegionC,2389,300.0
RegionC,2390,300.0
RegionC,2391,300.0
RegionC,2392,300.0
RegionC,2393,300.0
RegionC,2394,300.0
RegionC,2395,300.0
RegionC,2396,300.0
RegionC,2397,300.0
RegionC,2398,300.0
RegionC,2399,300.0
RegionC,2400,300.0
RegionC,2401,300.0
RegionC,2402,300.0
RegionC,2403,300.0
RegionC,2404,300.0
RegionC,2405,300.0
RegionC,2406,300.0
RegionD,0,496.03824800000007
RegionD,1,611.2006560000001
RegionD,2,727.5651355989335
RegionD,3,900.0
RegionD,4,900.0
RegionD,5,900.0
RegionD,6,900.0
RegionD,7,900.0
RegionD,8,900.0
RegionD,9,900.0
RegionD,10,900.0
RegionD,11,900.0
RegionD,12,900.0
RegionD,13,900.0
RegionD,14,900.0
RegionD,15,900.0
RegionD,16,900.0
RegionD,17,900.0
RegionD,18,900.0
RegionD,19,900.0
RegionD,20,900.0
RegionD,21,900.0
RegionD,22,900.0
RegionD,23,900.0
RegionD,24,900.0
RegionD,25,900.0
RegionD,26,900.0
RegionD,27,900.0
RegionD,28,900.0
RegionD,29,900.0
RegionD,30,900.0
RegionD,31,900.0
RegionD,32,900.0
RegionD,33,900.0
RegionD,34,900.0
RegionD,35,900.0
RegionD,36,900.0
RegionD,37,900.0
RegionD,38,900.0
RegionD,39,900.0
RegionD,40,900.0
RegionD,41,900.0
RegionD,42,900.0
RegionD,43,900.0
RegionD,44,900.0
RegionD,45,900.0
RegionD,46,900.0
RegionD,47,900.0
RegionD,48,900.0
RegionD,49,900.0
RegionD,50,900.0
RegionD,51,900.0
RegionD,52,900.0
RegionD,53,900.0
RegionD,54,900.0
RegionD,55,900.0
RegionD,56,900.0
RegionD,57,900.0
RegionD,58,900.0
RegionD,59,900.0
RegionD,60,900.0
RegionD,61,900.0
RegionD,62,900.0
RegionD,63,900.0
RegionD,64,900.0
RegionD,65,900.0
RegionD,66,900.0
RegionD,67,900.0
RegionD,68,900.0
RegionD,69,900.0
RegionD,70,900.0
RegionD,71,900.0
RegionD,72,900.0
RegionD,73,900.0
RegionD,74,900.0
RegionD,75,900.0
RegionD,76,900.0
RegionD,77,900.0
RegionD,78,900.0
RegionD,79,900.0
RegionD,80,900.0
RegionD,81,900.0
RegionD,82,900.0
RegionD,83,900.0
RegionD,84,900.0
RegionD,85,900.0
RegionD,86,900.0
RegionD,87,900.0
RegionD,88,900.0
RegionD,89,900.0
RegionD,90,900.0
RegionD,91,900.0
RegionD,92,900.0
RegionD,93,900.0
RegionD,94,900.0
RegionD,95,900.0
RegionD,96,900.0
RegionD,97,900.0
RegionD,98,900.0
RegionD,99,900.0
RegionD,100,900.0
RegionD,101,900.0
RegionD,102,900.0
RegionD,103,900.0
RegionD,104,900.0
RegionD,105,900.0
RegionD,106,900.0
RegionD,107,900.0
RegionD,108,900.0
RegionD,109,900.0
RegionD,110,900.0
RegionD,111,900.0
RegionD,112,900.0
RegionD,113,900.0
RegionD,114,900.0
RegionD,115,900.0
RegionD,116,900.0
RegionD,117,900.0
RegionD,118,900.0
RegionD,119,900.0
RegionD,120,900.0
RegionD,121,900.0
RegionD,122,900.0
RegionD,123,900.0
RegionD,124,900.0
RegionD,125,900.0
RegionD,126,900.0
RegionD,127,900.0
RegionD,128,900.0
RegionD,129,900.0
RegionD,130,900.0
RegionD,131,900.0
RegionD,132,900.0
RegionD,133,900.0
RegionD,134,900.0
RegionD,135,900.0
RegionD,136,900.0
RegionD,137,900.0
RegionD,138,900.0
RegionD,139,900.0
RegionD,140,900.0
RegionD,141,900.0
RegionD,142,900.0
RegionD,143,900.0
RegionD,144,900.0
RegionD,145,900.0
RegionD,146,900.0
RegionD,147,900.0
RegionD,148,900.0
RegionD,149,900.0
RegionD,150,900.0
RegionD,151,900.0
RegionD,152,900.0
RegionD,153,900.0
RegionD,154,900.0
RegionD,155,900.0
RegionD,156,900.0
RegionD,157,900.0
RegionD,158,900.0
RegionD,159,900.0
RegionD,160,900.0
RegionD,161,900.0
RegionD,162,900.0
RegionD,163,900.0
RegionD,164,900.0
RegionD,165,900.0
RegionD,166,900.0
RegionD,167,900.0
RegionD,168,900.0
RegionD,169,900.0
RegionD,170,900.0
RegionD,171,900.0
RegionD,172,900.0
RegionD,173,900.0
RegionD,174,900.0
RegionD,175,900.0
RegionD,176,900.0
RegionD,177,900.0
RegionD,178,900.0
RegionD,179,900.0
RegionD,180,900.0
RegionD,181,900.0
RegionD,182,900.0
RegionD,183,900.0
RegionD,184,900.0
RegionD,185,900.0
RegionD,186,900.0
RegionD,187,900.0
RegionD,188,900.0
RegionD,189,900.0
RegionD,190,900.0
RegionD,191,900.0
RegionD,192,900.0
RegionD,193,900.0
RegionD,194,900.0
RegionD,195,900.0
RegionD,196,900.0
RegionD,197,900.0
RegionD,198,900.0
RegionD,199,900.0
RegionD,200,900.0
RegionD,201,900.0
RegionD,202,900.0
RegionD,203,900.0
RegionD,204,900.0
RegionD,205,900.0
RegionD,206,900.0
RegionD,207,900.0
RegionD,208,900.0
RegionD,209,900.0
RegionD,210,900.0
RegionD,211,900.0
RegionD,212,900.0
RegionD,213,900.0
RegionD,214,900.0
RegionD,215,900.0
RegionD,216,900.0
RegionD,217,900.0
RegionD,218,900.0
RegionD,219,900.0
RegionD,220,900.0
RegionD,221,900.0
RegionD,222,900.0
RegionD,223,900.0
RegionD,224,900.0
RegionD,225,900.0
RegionD,226,900.0
RegionD,227,900.0
RegionD,228,900.0
RegionD,229,900.0
RegionD,230,900.0
RegionD,231,900.0
RegionD,232,900.0
RegionD,233,900.0
RegionD,234,900.0
RegionD,235,900.0
RegionD,236,900.0
RegionD,237,900.0
RegionD,238,900.0
RegionD,239,900.0
RegionD,240,900.0
RegionD,241,900.0
RegionD,242,900.0
RegionD,243,900.0
RegionD,244,900.0
RegionD,245,900.0
RegionD,246,900.0
RegionD,247,900.0
RegionD,248,900.0
RegionD,249,900.0
RegionD,250,900.0
RegionD,251,900.0
RegionD,252,900.0
RegionD,253,900.0
RegionD,254,900.0
RegionD,255,900.0
RegionD,256,900.0
RegionD,257,900.0
RegionD,258,900.0
RegionD,259,900.0
RegionD,260,900.0
RegionD,261,900.0
RegionD,262,900.0
RegionD,263,900.0
RegionD,264,900.0
RegionD,265,900.0
RegionD,266,900.0
RegionD,267,900.0
RegionD,268,900.0
RegionD,269,900.0
RegionD,270,900.0
RegionD,271,900.0
RegionD,272,900.0
RegionD,273,900.0
RegionD,274,900.0
RegionD,275,900.0
RegionD,276,900.0
RegionD,277,900.0
RegionD,278,900.0
RegionD,279,900.0
RegionD,280,900.0
RegionD,281,900.0
RegionD,282,900.0
RegionD,283,900.0
RegionD,284,900.0
RegionD,285,900.0
RegionD,286,900.0
RegionD,287,900.0
RegionD,288,900.0
RegionD,289,900.0
RegionD,290,900.0
RegionD,291,900.0
RegionD,292,900.0
RegionD,293,900.0
RegionD,294,900.0
RegionD,295,900.0
RegionD,296,900.0
RegionD,297,900.0
RegionD,298,900.0
RegionD,299,900.0
RegionD,300,900.0
RegionD,301,900.0
RegionD,302,900.0
RegionD,303,900.0
RegionD,304,900.0
RegionD,305,900.0
RegionD,306,900.0
RegionD,307,900.0
RegionD,308,900.0
RegionD,309,900.0
RegionD,310,900.0
RegionD,311,900.0
RegionD,312,900.0
RegionD,313,900.0
RegionD,314,900.0
RegionD,315,900.0
RegionD,316,900.0
RegionD,317,900.0
RegionD,318,900.0
RegionD,319,900.0
RegionD,320,900.0
RegionD,321,900.0
RegionD,322,900.0
RegionD,323,900.0
RegionD,324,900.0
RegionD,325,900.0
RegionD,326,900.0
RegionD,327,900.0
RegionD,328,900.0
RegionD,329,900.0
RegionD,330,900.0
RegionD,331,900.0
RegionD,332,900.0
RegionD,333,900.0
RegionD,334,900.0
RegionD,335,900.0
RegionD,336,900.0
RegionD,337,900.0
RegionD,338,900.0
RegionD,339,900.0
RegionD,340,900.0
RegionD,341,900.0
RegionD,342,900.0
RegionD,343,900.0
RegionD,344,900.0
RegionD,345,900.0
RegionD,346,900.0
RegionD,347,900.0
RegionD,348,900.0
RegionD,349,900.0
RegionD,350,900.0
RegionD,351,900.0
RegionD,352,900.0
RegionD,353,900.0
RegionD,354,900.0
RegionD,355,900.0
RegionD,356,900.0
RegionD,357,900.0
RegionD,358,900.0
RegionD,359,900.0
RegionD,360,900.0
RegionD,361,900.0
RegionD,362,900.0
RegionD,363,900.0
RegionD,364,900.0
RegionD,365,900.0
RegionD,366,900.0
RegionD,367,900.0
RegionD,368,900.0
RegionD,369,900.0
RegionD,370,900.0
RegionD,371,900.0
RegionD,372,900.0
RegionD,373,900.0
RegionD,374,900.0
RegionD,375,900.0
RegionD,376,900.0
RegionD,377,900.0
RegionD,378,900.0
RegionD,379,900.0
RegionD,380,900.0
RegionD,381,900.0
RegionD,382,900.0
RegionD,383,900.0
RegionD,384,900.0
RegionD,385,900.0
RegionD,386,900.0
RegionD,387,900.0
RegionD,388,900.0
RegionD,389,900.0
RegionD,390,900.0
RegionD,391,900.0
RegionD,392,900.0
RegionD,393,900.0
RegionD,394,900.0
RegionD,395,900.0
RegionD,396,900.0
RegionD,397,900.0
RegionD,398,900.0
RegionD,399,900.0
RegionD,400,900.0
RegionD,401,900.0
RegionD,402,900.0
RegionD,403,900.0
RegionD,404,900.0
RegionD,405,900.0
RegionD,406,900.0
RegionD,407,900.0
RegionD,408,900.0
RegionD,409,900.0
RegionD,410,900.0
RegionD,411,900.0
RegionD,412,900.0
RegionD,413,900.0
RegionD,414,900.0
RegionD,415,900.0
RegionD,416,900.0
RegionD,417,900.0
RegionD,418,900.0
RegionD,419,900.0
RegionD,420,900.0
RegionD,421,900.0
RegionD,422,900.0
RegionD,423,900.0
RegionD,424,900.0
RegionD,425,900.0
RegionD,426,900.0
RegionD,427,900.0
RegionD,428,900.0
RegionD,429,900.0
RegionD,430,900.0
RegionD,431,900.0
RegionD,432,900.0
RegionD,433,900.0
RegionD,434,900.0
RegionD,435,900.0
RegionD,436,900.0
RegionD,437,900.0
RegionD,438,900.0
RegionD,439,900.0
RegionD,440,900.0
RegionD,441,900.0
RegionD,442,900.0
RegionD,443,900.0
RegionD,444,900.0
RegionD,445,900.0
RegionD,446,900.0
RegionD,447,900.0
RegionD,448,900.0
RegionD,449,900.0
RegionD,450,900.0
RegionD,451,900.0
RegionD,452,900.0
RegionD,453,900.0
RegionD,454,900.0
RegionD,455,900.0
RegionD,456,900.0
RegionD,457,900.0
RegionD,458,900.0
RegionD,459,900.0
RegionD,460,900.0
RegionD,461,900.0
RegionD,462,900.0
RegionD,463,900.0
RegionD,464,900.0
RegionD,465,900.0
RegionD,466,900.0
RegionD,467,900.0
RegionD,468,900.0
RegionD,469,900.0
RegionD,470,900.0
RegionD,471,900.0
RegionD,472,900.0
RegionD,473,900.0
RegionD,474,900.0
RegionD,475,900.0
RegionD,476,900.0
RegionD,477,900.0
RegionD,478,900.0
RegionD,479,900.0
RegionD,480,900.0
RegionD,481,900.0
RegionD,482,900.0
RegionD,483,900.0
RegionD,484,900.0
RegionD,485,900.0
RegionD,486,900.0
RegionD,487,900.0
RegionD,488,900.0
RegionD,489,900.0
RegionD,490,900.0
RegionD,491,900.0
RegionD,492,900.0
RegionD,493,900.0
RegionD,494,900.0
RegionD,495,900.0
RegionD,496,900.0
RegionD,497,900.0
RegionD,498,900.0
RegionD,499,900.0
RegionD,500,900.0
RegionD,501,900.0
RegionD,502,900.0
RegionD,503,900.0
RegionD,504,900.0
RegionD,505,900.0
RegionD,506,900.0
RegionD,507,900.0
RegionD,508,900.0
RegionD,509,900.0
RegionD,510,900.0
RegionD,511,900.0
RegionD,512,900.0
RegionD,513,900.0
RegionD,514,900.0
RegionD,515,900.0
RegionD,516,900.0
RegionD,517,900.0
RegionD,518,900.0
RegionD,519,900.0
RegionD,520,900.0
RegionD,521,900.0
RegionD,522,900.0
RegionD,523,900.0
RegionD,524,900.0
RegionD,525,900.0
RegionD,526,900.0
RegionD,527,900.0
RegionD,528,900.0
RegionD,529,900.0
RegionD,530,900.0
RegionD,531,900.0
RegionD,532,900.0
RegionD,533,900.0
RegionD,534,900.0
RegionD,535,900.0
RegionD,536,900.0
RegionD,537,900.0
RegionD,538,900.0
RegionD,539,900.0
RegionD,540,900.0
RegionD,541,900.0
RegionD,542,900.0
RegionD,543,900.0
RegionD,544,900.0
RegionD,545,900.0
RegionD,546,900.0
RegionD,547,900.0
RegionD,548,900.0
RegionD,549,900.0
RegionD,550,900.0
RegionD,551,900.0
RegionD,552,900.0
RegionD,553,900.0
RegionD,554,900.0
RegionD,555,900.0
RegionD,556,900.0
RegionD,557,900.0
RegionD,558,900.0
RegionD,559,900.0
RegionD,560,900.0
RegionD,561,900.0
RegionD,562,900.0
RegionD,563,900.0
RegionD,564,900.0
RegionD,565,900.0
RegionD,566,900.0
RegionD,567,900.0
RegionD,568,900.0
RegionD,569,900.0
RegionD,570,900.0
RegionD,571,900.0
RegionD,572,900.0
RegionD,573,900.0
RegionD,574,900.0
RegionD,575,900.0
RegionD,576,900.0
RegionD,577,900.0
RegionD,578,900.0
RegionD,579,900.0
RegionD,580,900.0
RegionD,581,900.0
RegionD,582,900.0
RegionD,583,900.0
RegionD,584,900.0
RegionD,585,900.0
RegionD,586,900.0
RegionD,587,900.0
RegionD,588,900.0
RegionD,589,900.0
RegionD,590,900.0
RegionD,591,900.0
RegionD,592,900.0
RegionD,593,900.0
RegionD,594,900.0
RegionD,595,900.0
RegionD,596,900.0
RegionD,597,900.0
RegionD,598,900.0
RegionD,599,900.0
RegionD,600,900.0
RegionD,601,900.0
RegionD,602,900.0
RegionD,603,900.0
RegionD,604,900.0
RegionD,605,900.0
RegionD,606,900.0
RegionD,607,900.0
RegionD,608,900.0
RegionD,609,900.0
RegionD,610,900.0
RegionD,611,900.0
RegionD,612,900.0
RegionD,613,900.0
RegionD,614,900.0
RegionD,615,900.0
RegionD,616,900.0
RegionD,617,900.0
RegionD,618,900.0
RegionD,619,900.0
RegionD,620,900.0
RegionD,621,900.0
RegionD,622,900.0
RegionD,623,900.0
RegionD,624,900.0
RegionD,625,900.0
RegionD,626,900.0
RegionD,627,900.0
RegionD,628,900.0
RegionD,629,900.0
RegionD,630,900.0
RegionD,631,900.0
RegionD,632,900.0
RegionD,633,900.0
RegionD,634,900.0
RegionD,635,900.0
RegionD,636,900.0
RegionD,637,900.0
RegionD,638,900.0
RegionD,639,900.0
RegionD,640,900.0
RegionD,641,900.0
RegionD,642,900.0
RegionD,643,900.0
RegionD,644,900.0
RegionD,645,900.0
RegionD,646,900.0
RegionD,647,900.0
RegionD,648,900.0
RegionD,649,900.0
RegionD,650,900.0
RegionD,651,900.0
RegionD,652,900.0
RegionD,653,900.0
RegionD,654,900.0
RegionD,655,900.0
RegionD,656,900.0
RegionD,657,900.0
RegionD,658,900.0
RegionD,659,900.0
RegionD,660,900.0
RegionD,661,900.0
RegionD,662,900.0
RegionD,663,900.0
RegionD,664,900.0
RegionD,665,900.0
RegionD,666,900.0
RegionD,667,900.0
RegionD,668,900.0
RegionD,669,900.0
RegionD,670,900.0
RegionD,671,900.0
RegionD,672,900.0
RegionD,673,900.0
RegionD,674,900.0
RegionD,675,900.0
RegionD,676,900.0
RegionD,677,900.0
RegionD,678,900.0
RegionD,679,900.0
RegionD,680,900.0
RegionD,681,900.0
RegionD,682,900.0
RegionD,683,900.0
RegionD,684,900.0
RegionD,685,900.0
RegionD,686,900.0
RegionD,687,900.0
RegionD,688,900.0
RegionD,689,900.0
RegionD,690,900.0
RegionD,691,900.0
RegionD,692,900.0
RegionD,693,900.0
RegionD,694,900.0
RegionD,695,900.0
RegionD,696,900.0
RegionD,697,900.0
RegionD,698,900.0
RegionD,699,900.0
RegionD,700,900.0
RegionD,701,900.0
RegionD,702,900.0
RegionD,703,900.0
RegionD,704,900.0
RegionD,705,900.0
RegionD,706,900.0
RegionD,707,900.0
RegionD,708,900.0
RegionD,709,900.0
RegionD,710,900.0
RegionD,711,900.0
RegionD,712,900.0
RegionD,713,900.0
RegionD,714,900.0
RegionD,715,900.0
RegionD,716,900.0
RegionD,717,900.0
RegionD,718,900.0
RegionD,719,900.0
RegionD,720,900.0
RegionD,721,900.0
RegionD,722,900.0
RegionD,723,900.0
RegionD,724,900.0
RegionD,725,900.0
RegionD,726,900.0
RegionD,727,900.0
RegionD,728,900.0
RegionD,729,900.0
RegionD,730,900.0
RegionD,731,900.0
RegionD,732,900.0
RegionD,733,900.0
RegionD,734,900.0
RegionD,735,900.0
RegionD,736,900.0
RegionD,737,900.0
RegionD,738,900.0
RegionD,739,900.0
RegionD,740,900.0
RegionD,741,900.0
RegionD,742,900.0
RegionD,743,900.0
RegionD,744,900.0
RegionD,745,900.0
RegionD,746,900.0
RegionD,747,900.0
RegionD,748,900.0
RegionD,749,900.0
RegionD,750,900.0
RegionD,751,900.0
RegionD,752,900.0
RegionD,753,900.0
RegionD,754,900.0
RegionD,755,900.0
RegionD,756,900.0
RegionD,757,900.0
RegionD,758,900.0
RegionD,759,900.0
RegionD,760,900.0
RegionD,761,900.0
RegionD,762,900.0
RegionD,763,900.0
RegionD,764,900.0
RegionD,765,900.0
RegionD,766,900.0
RegionD,767,900.0
RegionD,768,900.0
RegionD,769,900.0
RegionD,770,900.0
RegionD,771,900.0
RegionD,772,900.0
RegionD,773,900.0
RegionD,774,900.0
RegionD,775,900.0
RegionD,776,900.0
RegionD,777,900.0
RegionD,778,900.0
RegionD,779,900.0
RegionD,780,900.0
RegionD,781,900.0
RegionD,782,900.0
RegionD,783,900.0
RegionD,784,900.0
RegionD,785,900.0
RegionD,786,900.0
RegionD,787,900.0
RegionD,788,900.0
RegionD,789,900.0
RegionD,790,900.0
RegionD,791,900.0
RegionD,792,900.0
RegionD,793,900.0
RegionD,794,900.0
RegionD,795,900.0
RegionD,796,900.0
RegionD,797,900.0
RegionD,798,900.0
RegionD,799,900.0
RegionD,800,900.0
RegionD,801,900.0
RegionD,802,900.0
RegionD,803,900.0
RegionD,804,900.0
RegionD,805,900.0
RegionD,806,900.0
RegionD,807,900.0
RegionD,808,900.0
RegionD,809,900.0
RegionD,810,900.0
RegionD,811,900.0
RegionD,812,900.0
RegionD,813,900.0
RegionD,814,900.0
RegionD,815,900.0
RegionD,816,900.0
RegionD,817,900.0
RegionD,818,900.0
RegionD,819,900.0
RegionD,820,900.0
RegionD,821,900.0
RegionD,822,900.0
RegionD,823,900.0
RegionD,824,900.0
RegionD,825,900.0
RegionD,826,900.0
RegionD,827,900.0
RegionD,828,900.0
RegionD,829,900.0
RegionD,830,900.0
RegionD,831,900.0
RegionD,832,900.0
RegionD,833,900.0
RegionD,834,900.0
RegionD,835,900.0
RegionD,836,900.0
RegionD,837,900.0
RegionD,838,900.0
RegionD,839,900.0
RegionD,840,900.0
RegionD,841,900.0
RegionD,842,900.0
RegionD,843,900.0
RegionD,844,900.0
RegionD,845,900.0
RegionD,846,900.0
RegionD,847,900.0
RegionD,848,900.0
RegionD,849,900.0
RegionD,850,900.0
RegionD,851,900.0
RegionD,852,900.0
RegionD,853,900.0
RegionD,854,900.0
RegionD,855,900.0
RegionD,856,900.0
RegionD,857,900.0
RegionD,858,900.0
RegionD,859,900.0
RegionD,860,900.0
RegionD,861,900.0
RegionD,862,900.0
RegionD,863,900.0
RegionD,864,900.0
RegionD,865,900.0
RegionD,866,900.0
RegionD,867,900.0
RegionD,868,900.0
RegionD,869,900.0
RegionD,870,900.0
RegionD,871,900.0
RegionD,872,900.0
RegionD,873,900.0
RegionD,874,900.0
RegionD,875,900.0
RegionD,876,900.0
RegionD,877,900.0
RegionD,878,900.0
RegionD,879,900.0
RegionD,880,900.0
RegionD,881,900.0
RegionD,882,900.0
RegionD,883,900.0
RegionD,884,900.0
RegionD,885,900.0
RegionD,886,900.0
RegionD,887,900.0
RegionD,888,900.0
RegionD,889,900.0
RegionD,890,900.0
RegionD,891,900.0
RegionD,892,900.0
RegionD,893,900.0
RegionD,894,900.0
RegionD,895,900.0
RegionD,896,900.0
RegionD,897,900.0
RegionD,898,900.0
RegionD,899,900.0
RegionD,900,900.0
RegionD,901,900.0
RegionD,902,900.0
RegionD,903,900.0
RegionD,904,900.0
RegionD,905,900.0
RegionD,906,900.0
RegionD,907,900.0
RegionD,908,900.0
RegionD,909,900.0
RegionD,910,900.0
RegionD,911,900.0
RegionD,912,900.0
RegionD,913,900.0
RegionD,914,900.0
RegionD,915,900.0
RegionD,916,900.0
RegionD,917,900.0
RegionD,918,900.0
RegionD,919,900.0
RegionD,920,900.0
RegionD,921,900.0
RegionD,922,900.0
RegionD,923,900.0
RegionD,924,900.0
RegionD,925,900.0
RegionD,926,900.0
RegionD,927,900.0
RegionD,928,900.0
RegionD,929,900.0
RegionD,930,900.0
RegionD,931,900.0
RegionD,932,900.0
RegionD,933,900.0
RegionD,934,900.0
RegionD,935,900.0
RegionD,936,900.0
RegionD,937,900.0
RegionD,938,900.0
RegionD,939,900.0
RegionD,940,900.0
RegionD,941,900.0
RegionD,942,900.0
RegionD,943,900.0
RegionD,944,900.0
RegionD,945,900.0
RegionD,946,900.0
RegionD,947,900.0
RegionD,948,900.0
RegionD,949,900.0
RegionD,950,900.0
RegionD,951,900.0
RegionD,952,900.0
RegionD,953,900.0
RegionD,954,900.0
RegionD,955,900.0
RegionD,956,900.0
RegionD,957,900.0
RegionD,958,900.0
RegionD,959,900.0
RegionD,960,900.0
RegionD,961,900.0
RegionD,962,900.0
RegionD,963,900.0
RegionD,964,900.0
RegionD,965,900.0
RegionD,966,900.0
RegionD,967,900.0
RegionD,968,900.0
RegionD,969,900.0
RegionD,970,900.0
RegionD,971,900.0
RegionD,972,900.0
RegionD,973,900.0
RegionD,974,900.0
RegionD,975,900.0
RegionD,976,900.0
RegionD,977,900.0
RegionD,978,900.0
RegionD,979,900.0
RegionD,980,900.0
RegionD,981,900.0
RegionD,982,900.0
RegionD,983,900.0
RegionD,984,900.0
RegionD,985,900.0
RegionD,986,900.0
RegionD,987,900.0
RegionD,988,900.0
RegionD,989,900.0
RegionD,990,900.0
RegionD,991,900.0
RegionD,992,900.0
RegionD,993,900.0
RegionD,994,900.0
RegionD,995,900.0
RegionD,996,900.0
RegionD,997,900.0
RegionD,998,900.0
RegionD,999,900.0
RegionD,1000,900.0
RegionD,1001,900.0
RegionD,1002,900.0
RegionD,1003,900.0
RegionD,1004,900.0
RegionD,1005,900.0
RegionD,1006,900.0
RegionD,1007,900.0
RegionD,1008,900.0
RegionD,1009,900.0
RegionD,1010,900.0
RegionD,1011,900.0
RegionD,1012,900.0
RegionD,1013,900.0
RegionD,1014,900.0
RegionD,1015,900.0
RegionD,1016,900.0
RegionD,1017,900.0
RegionD,1018,900.0
RegionD,1019,900.0
RegionD,1020,900.0
RegionD,1021,900.0
RegionD,1022,900.0
RegionD,1023,900.0
RegionD,1024,900.0
RegionD,1025,900.0
RegionD,1026,900.0
RegionD,1027,900.0
RegionD,1028,900.0
RegionD,1029,900.0
RegionD,1030,900.0
RegionD,1031,900.0
RegionD,1032,900.0
RegionD,1033,900.0
RegionD,1034,900.0
RegionD,1035,900.0
RegionD,1036,900.0
RegionD,1037,900.0
RegionD,1038,900.0
RegionD,1039,900.0
RegionD,1040,900.0
RegionD,1041,900.0
RegionD,1042,900.0
RegionD,1043,900.0
RegionD,1044,900.0
RegionD,1045,900.0
RegionD,1046,900.0
RegionD,1047,900.0
RegionD,1048,900.0
RegionD,1049,900.0
RegionD,1050,900.0
RegionD,1051,900.0
RegionD,1052,900.0
RegionD,1053,900.0
RegionD,1054,900.0
RegionD,1055,900.0
RegionD,1056,900.0
RegionD,1057,900.0
RegionD,1058,900.0
RegionD,1059,900.0
RegionD,1060,900.0
RegionD,1061,900.0
RegionD,1062,900.0
RegionD,1063,900.0
RegionD,1064,900.0
RegionD,1065,900.0
RegionD,1066,900.0
RegionD,1067,900.0
RegionD,1068,900.0
RegionD,1069,900.0
RegionD,1070,900.0
RegionD,1071,900.0
RegionD,1072,900.0
RegionD,1073,900.0
RegionD,1074,900.0
RegionD,1075,900.0
RegionD,1076,900.0
RegionD,1077,900.0
RegionD,1078,900.0
RegionD,1079,900.0
RegionD,1080,900.0
RegionD,1081,900.0
RegionD,1082,900.0
RegionD,1083,900.0
RegionD,1084,900.0
RegionD,1085,900.0
RegionD,1086,900.0
RegionD,1087,900.0
RegionD,1088,900.0
RegionD,1089,900.0
RegionD,1090,900.0
RegionD,1091,900.0
RegionD,1092,900.0
RegionD,1093,900.0
RegionD,1094,900.0
RegionD,1095,900.0
RegionD,1096,900.0
RegionD,1097,900.0
RegionD,1098,900.0
RegionD,1099,900.0
RegionD,1100,900.0
RegionD,1101,900.0
RegionD,1102,900.0
RegionD,1103,900.0
RegionD,1104,900.0
RegionD,1105,900.0
RegionD,1106,900.0
RegionD,1107,900.0
RegionD,1108,900.0
RegionD,1109,900.0
RegionD,1110,900.0
RegionD,1111,900.0
RegionD,1112,900.0
RegionD,1113,900.0
RegionD,1114,900.0
RegionD,1115,900.0
RegionD,1116,900.0
RegionD,1117,900.0
RegionD,1118,900.0
RegionD,1119,900.0
RegionD,1120,900.0
RegionD,1121,900.0
RegionD,1122,900.0
RegionD,1123,900.0
RegionD,1124,900.0
RegionD,1125,900.0
RegionD,1126,900.0
RegionD,1127,900.0
RegionD,1128,900.0
RegionD,1129,900.0
RegionD,1130,900.0
RegionD,1131,900.0
RegionD,1132,900.0
RegionD,1133,900.0
RegionD,1134,900.0
RegionD,1135,900.0
RegionD,1136,900.0
RegionD,1137,900.0
RegionD,1138,900.0
RegionD,1139,900.0
RegionD,1140,900.0
RegionD,1141,900.0
RegionD,1142,900.0
RegionD,1143,900.0
RegionD,1144,900.0
RegionD,1145,900.0
RegionD,1146,900.0
RegionD,1147,900.0
RegionD,1148,900.0
RegionD,1149,900.0
RegionD,1150,900.0
RegionD,1151,900.0
RegionD,1152,900.0
RegionD,1153,900.0
RegionD,1154,900.0
RegionD,1155,900.0
RegionD,1156,900.0
RegionD,1157,900.0
RegionD,1158,900.0
RegionD,1159,900.0
RegionD,1160,900.0
RegionD,1161,900.0
RegionD,1162,900.0
RegionD,1163,900.0
RegionD,1164,900.0
RegionD,1165,900.0
RegionD,1166,900.0
RegionD,1167,900.0
RegionD,1168,900.0
RegionD,1169,900.0
RegionD,1170,900.0
RegionD,1171,900.0
RegionD,1172,900.0
RegionD,1173,900.0
RegionD,1174,900.0
RegionD,1175,900.0
RegionD,1176,900.0
RegionD,1177,900.0
RegionD,1178,900.0
RegionD,1179,900.0
RegionD,1180,900.0
RegionD,1181,900.0
RegionD,1182,900.0
RegionD,1183,900.0
RegionD,1184,900.0
RegionD,1185,900.0
RegionD,1186,900.0
RegionD,1187,900.0
RegionD,1188,900.0
RegionD,1189,900.0
RegionD,1190,900.0
RegionD,1191,900.0
RegionD,1192,900.0
RegionD,1193,900.0
RegionD,1194,900.0
RegionD,1195,900.0
RegionD,1196,900.0
RegionD,1197,900.0
RegionD,1198,900.0
RegionD,1199,900.0
RegionD,1200,900.0
RegionD,1201,900.0
RegionD,1202,900.0
RegionD,1203,900.0
RegionD,1204,900.0
RegionD,1205,900.0
RegionD,1206,900.0
RegionD,1207,900.0
RegionD,1208,900.0
RegionD,1209,900.0
RegionD,1210,900.0
RegionD,1211,900.0
RegionD,1212,900.0
RegionD,1213,900.0
RegionD,1214,900.0
RegionD,1215,900.0
RegionD,1216,900.0
RegionD,1217,900.0
RegionD,1218,900.0
RegionD,1219,900.0
RegionD,1220,900.0
RegionD,1221,900.0
RegionD,1222,900.0
RegionD,1223,900.0
RegionD,1224,900.0
RegionD,1225,900.0
RegionD,1226,900.0
RegionD,1227,900.0
RegionD,1228,900.0
RegionD,1229,900.0
RegionD,1230,900.0
RegionD,1231,900.0
RegionD,1232,900.0
RegionD,1233,900.0
RegionD,1234,900.0
RegionD,1235,900.0
RegionD,1236,900.0
RegionD,1237,900.0
RegionD,1238,900.0
RegionD,1239,900.0
RegionD,1240,900.0
RegionD,1241,900.0
RegionD,1242,900.0
RegionD,1243,900.0
RegionD,1244,900.0
RegionD,1245,900.0
RegionD,1246,900.0
RegionD,1247,900.0
RegionD,1248,900.0
RegionD,1249,900.0
RegionD,1250,900.0
RegionD,1251,900.0
RegionD,1252,900.0
RegionD,1253,900.0
RegionD,1254,900.0
RegionD,1255,900.0
RegionD,1256,900.0
RegionD,1257,900.0
RegionD,1258,900.0
RegionD,1259,900.0
RegionD,1260,900.0
RegionD,1261,900.0
RegionD,1262,900.0
RegionD,1263,900.0
RegionD,1264,900.0
RegionD,1265,900.0
RegionD,1266,900.0
RegionD,1267,900.0
RegionD,1268,900.0
RegionD,1269,900.0
RegionD,1270,900.0
RegionD,1271,900.0
RegionD,1272,900.0
RegionD,1273,900.0
RegionD,1274,900.0
RegionD,1275,900.0
RegionD,1276,900.0
RegionD,1277,900.0
RegionD,1278,900.0
RegionD,1279,900.0
RegionD,1280,900.0
RegionD,1281,900.0
RegionD,1282,900.0
RegionD,1283,900.0
RegionD,1284,900.0
RegionD,1285,900.0
RegionD,1286,900.0
RegionD,1287,900.0
RegionD,1288,900.0
RegionD,1289,900.0
RegionD,1290,900.0
RegionD,1291,900.0
RegionD,1292,900.0
RegionD,1293,900.0
RegionD,1294,900.0
RegionD,1295,900.0
RegionD,1296,900.0
RegionD,1297,900.0
RegionD,1298,900.0
RegionD,1299,900.0
RegionD,1300,900.0
RegionD,1301,900.0
RegionD,1302,900.0
RegionD,1303,900.0
RegionD,1304,900.0
RegionD,1305,900.0
RegionD,1306,900.0
RegionD,1307,900.0
RegionD,1308,900.0
RegionD,1309,900.0
RegionD,1310,900.0
RegionD,1311,900.0
RegionD,1312,900.0
RegionD,1313,900.0
RegionD,1314,900.0
RegionD,1315,900.0
RegionD,1316,900.0
RegionD,1317,900.0
RegionD,1318,900.0
RegionD,1319,900.0
RegionD,1320,900.0
RegionD,1321,900.0
RegionD,1322,900.0
RegionD,1323,900.0
RegionD,1324,900.0
RegionD,1325,900.0
RegionD,1326,900.0
RegionD,1327,900.0
RegionD,1328,900.0
RegionD,1329,900.0
RegionD,1330,900.0
RegionD,1331,900.0
RegionD,1332,900.0
RegionD,1333,900.0
RegionD,1334,900.0
RegionD,1335,900.0
RegionD,1336,900.0
RegionD,1337,900.0
RegionD,1338,900.0
RegionD,1339,900.0
RegionD,1340,900.0
RegionD,1341,900.0
RegionD,1342,900.0
RegionD,1343,900.0
RegionD,1344,900.0
RegionD,1345,900.0
RegionD,1346,900.0
RegionD,1347,900.0
RegionD,1348,900.0
RegionD,1349,900.0
RegionD,1350,900.0
RegionD,1351,900.0
RegionD,1352,900.0
RegionD,1353,900.0
RegionD,1354,900.0
RegionD,1355,900.0
RegionD,1356,900.0
RegionD,1357,900.0
RegionD,1358,900.0
RegionD,1359,900.0
RegionD,1360,900.0
RegionD,1361,900.0
RegionD,1362,900.0
RegionD,1363,900.0
RegionD,1364,900.0
RegionD,1365,900.0
RegionD,1366,900.0
RegionD,1367,900.0
RegionD,1368,900.0
RegionD,1369,900.0
RegionD,1370,900.0
RegionD,1371,900.0
RegionD,1372,900.0
RegionD,1373,900.0
RegionD,1374,900.0
RegionD,1375,900.0
RegionD,1376,900.0
RegionD,1377,900.0
RegionD,1378,900.0
RegionD,1379,900.0
RegionD,1380,900.0
RegionD,1381,900.0
RegionD,1382,900.0
RegionD,1383,900.0
RegionD,1384,900.0
RegionD,1385,900.0
RegionD,1386,900.0
RegionD,1387,900.0
RegionD,1388,900.0
RegionD,1389,900.0
RegionD,1390,900.0
RegionD,1391,900.0
RegionD,1392,900.0
RegionD,1393,900.0
RegionD,1394,900.0
RegionD,1395,900.0
RegionD,1396,900.0
RegionD,1397,900.0
RegionD,1398,900.0
RegionD,1399,900.0
RegionD,1400,900.0
RegionD,1401,900.0
RegionD,1402,900.0
RegionD,1403,900.0
RegionD,1404,900.0
RegionD,1405,900.0
RegionD,1406,900.0
RegionD,1407,900.0
RegionD,1408,900.0
RegionD,1409,900.0
RegionD,1410,900.0
RegionD,1411,900.0
RegionD,1412,900.0
RegionD,1413,900.0
RegionD,1414,900.0
RegionD,1415,900.0
RegionD,1416,900.0
RegionD,1417,900.0
RegionD,1418,900.0
RegionD,1419,900.0
RegionD,1420,900.0
RegionD,1421,900.0
RegionD,1422,900.0
RegionD,1423,900.0
RegionD,1424,900.0
RegionD,1425,900.0
RegionD,1426,900.0
RegionD,1427,900.0
RegionD,1428,900.0
RegionD,1429,900.0
RegionD,1430,900.0
RegionD,1431,900.0
RegionD,1432,900.0
RegionD,1433,900.0
RegionD,1434,900.0
RegionD,1435,900.0
RegionD,1436,900.0
RegionD,1437,900.0
RegionD,1438,900.0
RegionD,1439,900.0
RegionD,1440,900.0
RegionD,1441,900.0
RegionD,1442,900.0
RegionD,1443,900.0
RegionD,1444,900.0
RegionD,1445,900.0
RegionD,1446,900.0
RegionD,1447,900.0
RegionD,1448,900.0
RegionD,1449,900.0
RegionD,1450,900.0
RegionD,1451,900.0
RegionD,1452,900.0
RegionD,1453,900.0
RegionD,1454,900.0
RegionD,1455,900.0
RegionD,1456,900.0
RegionD,1457,900.0
RegionD,1458,900.0
RegionD,1459,900.0
RegionD,1460,900.0
RegionD,1461,900.0
RegionD,1462,900.0
RegionD,1463,900.0
RegionD,1464,900.0
RegionD,1465,900.0
RegionD,1466,900.0
RegionD,1467,900.0
RegionD,1468,900.0
RegionD,1469,900.0
RegionD,1470,900.0
RegionD,1471,900.0
RegionD,1472,900.0
RegionD,1473,900.0
RegionD,1474,900.0
RegionD,1475,900.0
RegionD,1476,900.0
RegionD,1477,900.0
RegionD,1478,900.0
RegionD,1479,900.0
RegionD,1480,900.0
RegionD,1481,900.0
RegionD,1482,900.0
RegionD,1483,900.0
RegionD,1484,900.0
RegionD,1485,900.0
RegionD,1486,900.0
RegionD,1487,900.0
RegionD,1488,900.0
RegionD,1489,900.0
RegionD,1490,900.0
RegionD,1491,900.0
RegionD,1492,900.0
RegionD,1493,900.0
RegionD,1494,900.0
RegionD,1495,900.0
RegionD,1496,900.0
RegionD,1497,900.0
RegionD,1498,900.0
RegionD,1499,900.0
RegionD,1500,900.0
RegionD,1501,900.0
RegionD,1502,900.0
RegionD,1503,900.0
RegionD,1504,900.0
RegionD,1505,900.0
RegionD,1506,900.0
RegionD,1507,900.0
RegionD,1508,900.0
RegionD,1509,900.0
RegionD,1510,900.0
RegionD,1511,900.0
RegionD,1512,900.0
RegionD,1513,900.0
RegionD,1514,900.0
RegionD,1515,900.0
RegionD,1516,900.0
RegionD,1517,900.0
RegionD,1518,900.0
RegionD,1519,900.0
RegionD,1520,900.0
RegionD,1521,900.0
RegionD,1522,900.0
RegionD,1523,900.0
RegionD,1524,900.0
RegionD,1525,900.0
RegionD,1526,900.0
RegionD,1527,900.0
RegionD,1528,900.0
RegionD,1529,900.0
RegionD,1530,900.0
RegionD,1531,900.0
RegionD,1532,900.0
RegionD,1533,900.0
RegionD,1534,900.0
RegionD,1535,900.0
RegionD,1536,900.0
RegionD,1537,900.0
RegionD,1538,900.0
RegionD,1539,900.0
RegionD,1540,900.0
RegionD,1541,900.0
RegionD,1542,900.0
RegionD,1543,900.0
RegionD,1544,900.0
RegionD,1545,900.0
RegionD,1546,900.0
RegionD,1547,900.0
RegionD,1548,900.0
RegionD,1549,900.0
RegionD,1550,900.0
RegionD,1551,900.0
RegionD,1552,900.0
RegionD,1553,900.0
RegionD,1554,900.0
RegionD,1555,900.0
RegionD,1556,900.0
RegionD,1557,900.0
RegionD,1558,900.0
RegionD,1559,900.0
RegionD,1560,900.0
RegionD,1561,900.0
RegionD,1562,900.0
RegionD,1563,900.0
RegionD,1564,900.0
RegionD,1565,900.0
RegionD,1566,900.0
RegionD,1567,900.0
RegionD,1568,900.0
RegionD,1569,900.0
RegionD,1570,900.0
RegionD,1571,900.0
RegionD,1572,900.0
RegionD,1573,900.0
RegionD,1574,900.0
RegionD,1575,900.0
RegionD,1576,900.0
RegionD,1577,900.0
RegionD,1578,900.0
RegionD,1579,900.0
RegionD,1580,900.0
RegionD,1581,900.0
RegionD,1582,900.0
RegionD,1583,900.0
RegionD,1584,900.0
RegionD,1585,900.0
RegionD,1586,900.0
RegionD,1587,900.0
RegionD,1588,900.0
RegionD,1589,900.0
RegionD,1590,900.0
RegionD,1591,900.0
RegionD,1592,900.0
RegionD,1593,900.0
RegionD,1594,900.0
RegionD,1595,900.0
RegionD,1596,900.0
RegionD,1597,900.0
RegionD,1598,900.0
RegionD,1599,900.0
RegionD,1600,900.0
RegionD,1601,900.0
RegionD,1602,900.0
RegionD,1603,900.0
RegionD,1604,900.0
RegionD,1605,900.0
RegionD,1606,900.0
RegionD,1607,900.0
RegionD,1608,900.0
RegionD,1609,900.0
RegionD,1610,900.0
RegionD,1611,900.0
RegionD,1612,900.0
RegionD,1613,900.0
RegionD,1614,900.0
RegionD,1615,900.0
RegionD,1616,900.0
RegionD,1617,900.0
RegionD,1618,900.0
RegionD,1619,900.0
RegionD,1620,900.0
RegionD,1621,900.0
RegionD,1622,900.0
RegionD,1623,900.0
RegionD,1624,900.0
RegionD,1625,900.0
RegionD,1626,900.0
RegionD,1627,900.0
RegionD,1628,900.0
RegionD,1629,900.0
RegionD,1630,900.0
RegionD,1631,900.0
RegionD,1632,900.0
RegionD,1633,900.0
RegionD,1634,900.0
RegionD,1635,900.0
RegionD,1636,900.0
RegionD,1637,900.0
RegionD,1638,900.0
RegionD,1639,900.0
RegionD,1640,900.0
RegionD,1641,900.0
RegionD,1642,900.0
RegionD,1643,900.0
RegionD,1644,900.0
RegionD,1645,900.0
RegionD,1646,900.0
RegionD,1647,900.0
RegionD,1648,900.0
RegionD,1649,900.0
RegionD,1650,900.0
RegionD,1651,900.0
RegionD,1652,900.0
RegionD,1653,900.0
RegionD,1654,900.0
RegionD,1655,900.0
RegionD,1656,900.0
RegionD,1657,900.0
RegionD,1658,900.0
RegionD,1659,900.0
RegionD,1660,900.0
RegionD,1661,900.0
RegionD,1662,900.0
RegionD,1663,900.0
RegionD,1664,900.0
RegionD,1665,900.0
RegionD,1666,900.0
RegionD,1667,900.0
RegionD,1668,900.0
RegionD,1669,900.0
RegionD,1670,900.0
RegionD,1671,900.0
RegionD,1672,900.0
RegionD,1673,900.0
RegionD,1674,900.0
RegionD,1675,900.0
RegionD,1676,900.0
RegionD,1677,900.0
RegionD,1678,900.0
RegionD,1679,900.0
RegionD,1680,900.0
RegionD,1681,900.0
RegionD,1682,900.0
RegionD,1683,900.0
RegionD,1684,900.0
RegionD,1685,900.0
RegionD,1686,900.0
RegionD,1687,900.0
RegionD,1688,900.0
RegionD,1689,900.0
RegionD,1690,900.0
RegionD,1691,900.0
RegionD,1692,900.0
RegionD,1693,900.0
RegionD,1694,900.0
RegionD,1695,900.0
RegionD,1696,900.0
RegionD,1697,900.0
RegionD,1698,900.0
RegionD,1699,900.0
RegionD,1700,900.0
RegionD,1701,900.0
RegionD,1702,900.0
RegionD,1703,900.0
RegionD,1704,900.0
RegionD,1705,900.0
RegionD,1706,900.0
RegionD,1707,900.0
RegionD,1708,900.0
RegionD,1709,900.0
RegionD,1710,900.0
RegionD,1711,900.0
RegionD,1712,900.0
RegionD,1713,900.0
RegionD,1714,900.0
RegionD,1715,900.0
RegionD,1716,900.0
RegionD,1717,900.0
RegionD,1718,900.0
RegionD,1719,900.0
RegionD,1720,900.0
RegionD,1721,900.0
RegionD,1722,900.0
RegionD,1723,900.0
RegionD,1724,900.0
RegionD,1725,900.0
RegionD,1726,900.0
RegionD,1727,900.0
RegionD,1728,900.0
RegionD,1729,900.0
RegionD,1730,900.0
RegionD,1731,900.0
RegionD,1732,900.0
RegionD,1733,900.0
RegionD,1734,900.0
RegionD,1735,900.0
RegionD,1736,900.0
RegionD,1737,900.0
RegionD,1738,900.0
RegionD,1739,900.0
RegionD,1740,900.0
RegionD,1741,900.0
RegionD,1742,900.0
RegionD,1743,900.0
RegionD,1744,900.0
RegionD,1745,900.0
RegionD,1746,900.0
RegionD,1747,900.0
RegionD,1748,900.0
RegionD,1749,900.0
RegionD,1750,900.0
RegionD,1751,900.0
RegionD,1752,900.0
RegionD,1753,900.0
RegionD,1754,900.0
RegionD,1755,900.0
RegionD,1756,900.0
RegionD,1757,900.0
RegionD,1758,900.0
RegionD,1759,900.0
RegionD,1760,900.0
RegionD,1761,900.0
RegionD,1762,900.0
RegionD,1763,900.0
RegionD,1764,900.0
RegionD,1765,900.0
RegionD,1766,900.0
RegionD,1767,900.0
RegionD,1768,900.0
RegionD,1769,900.0
RegionD,1770,900.0
RegionD,1771,900.0
RegionD,1772,900.0
RegionD,1773,900.0
RegionD,1774,900.0
RegionD,1775,900.0
RegionD,1776,900.0
RegionD,1777,900.0
RegionD,1778,900.0
RegionD,1779,900.0
RegionD,1780,900.0
RegionD,1781,900.0
RegionD,1782,900.0
RegionD,1783,900.0
RegionD,1784,900.0
RegionD,1785,900.0
RegionD,1786,900.0
RegionD,1787,900.0
RegionD,1788,900.0
RegionD,1789,900.0
RegionD,1790,900.0
RegionD,1791,900.0
RegionD,1792,900.0
RegionD,1793,900.0
RegionD,1794,900.0
RegionD,1795,900.0
RegionD,1796,900.0
RegionD,1797,900.0
RegionD,1798,900.0
RegionD,1799,900.0
RegionD,1800,900.0
RegionD,1801,900.0
RegionD,1802,900.0
RegionD,1803,900.0
RegionD,1804,900.0
RegionD,1805,900.0
RegionD,1806,900.0
RegionD,1807,900.0
RegionD,1808,900.0
RegionD,1809,900.0
RegionD,1810,900.0
RegionD,1811,900.0
RegionD,1812,900.0
RegionD,1813,900.0
RegionD,1814,900.0
RegionD,1815,900.0
RegionD,1816,900.0
RegionD,1817,900.0
RegionD,1818,900.0
RegionD,1819,900.0
RegionD,1820,900.0
RegionD,1821,900.0
RegionD,1822,900.0
RegionD,1823,900.0
RegionD,1824,900.0
RegionD,1825,900.0
RegionD,1826,900.0
RegionD,1827,900.0
RegionD,1828,900.0
RegionD,1829,900.0
RegionD,1830,900.0
RegionD,1831,900.0
RegionD,1832,900.0
RegionD,1833,900.0
RegionD,1834,900.0
RegionD,1835,900.0
RegionD,1836,900.0
RegionD,1837,900.0
RegionD,1838,900.0
RegionD,1839,900.0
RegionD,1840,900.0
RegionD,1841,900.0
RegionD,1842,900.0
RegionD,1843,900.0
RegionD,1844,900.0
RegionD,1845,900.0
RegionD,1846,900.0
RegionD,1847,900.0
RegionD,1848,900.0
RegionD,1849,900.0
RegionD,1850,900.0
RegionD,1851,900.0
RegionD,1852,900.0
RegionD,1853,900.0
RegionD,1854,900.0
RegionD,1855,900.0
RegionD,1856,900.0
RegionD,1857,900.0
RegionD,1858,900.0
RegionD,1859,900.0
RegionD,1860,900.0
RegionD,1861,900.0
RegionD,1862,900.0
RegionD,1863,900.0
RegionD,1864,900.0
RegionD,1865,900.0
RegionD,1866,900.0
RegionD,1867,900.0
RegionD,1868,900.0
RegionD,1869,900.0
RegionD,1870,900.0
RegionD,1871,900.0
RegionD,1872,900.0
RegionD,1873,900.0
RegionD,1874,900.0
RegionD,1875,900.0
RegionD,1876,900.0
RegionD,1877,900.0
RegionD,1878,900.0
RegionD,1879,900.0
RegionD,1880,900.0
RegionD,1881,900.0
RegionD,1882,900.0
RegionD,1883,900.0
RegionD,1884,900.0
RegionD,1885,900.0
RegionD,1886,900.0
RegionD,1887,900.0
RegionD,1888,900.0
RegionD,1889,900.0
RegionD,1890,900.0
RegionD,1891,900.0
RegionD,1892,900.0
RegionD,1893,900.0
RegionD,1894,900.0
RegionD,1895,900.0
RegionD,1896,900.0
RegionD,1897,900.0
RegionD,1898,900.0
RegionD,1899,900.0
RegionD,1900,900.0
RegionD,1901,900.0
RegionD,1902,900.0
RegionD,1903,900.0
RegionD,1904,900.0
RegionD,1905,900.0
RegionD,1906,900.0
RegionD,1907,900.0
RegionD,1908,900.0
RegionD,1909,900.0
RegionD,1910,900.0
RegionD,1911,900.0
RegionD,1912,900.0
RegionD,1913,900.0
RegionD,1914,900.0
RegionD,1915,900.0
RegionD,1916,900.0
RegionD,1917,900.0
RegionD,1918,900.0
RegionD,1919,900.0
RegionD,1920,900.0
RegionD,1921,900.0
RegionD,1922,900.0
RegionD,1923,900.0
RegionD,1924,900.0
RegionD,1925,900.0
RegionD,1926,900.0
RegionD,1927,900.0
RegionD,1928,900.0
RegionD,1929,900.0
RegionD,1930,900.0
RegionD,1931,900.0
RegionD,1932,900.0
RegionD,1933,900.0
RegionD,1934,900.0
RegionD,1935,900.0
RegionD,1936,900.0
RegionD,1937,900.0
RegionD,1938,900.0
RegionD,1939,900.0
RegionD,1940,900.0
RegionD,1941,900.0
RegionD,1942,900.0
RegionD,1943,900.0
RegionD,1944,900.0
RegionD,1945,900.0
RegionD,1946,900.0
RegionD,1947,900.0
RegionD,1948,900.0
RegionD,1949,900.0
RegionD,1950,900.0
RegionD,1951,900.0
RegionD,1952,900.0
RegionD,1953,900.0
RegionD,1954,900.0
RegionD,1955,900.0
RegionD,1956,900.0
RegionD,1957,900.0
RegionD,1958,900.0
RegionD,1959,900.0
RegionD,1960,900.0
RegionD,1961,900.0
RegionD,1962,900.0
RegionD,1963,900.0
RegionD,1964,900.0
RegionD,1965,900.0
RegionD,1966,900.0
RegionD,1967,900.0
RegionD,1968,900.0
RegionD,1969,900.0
RegionD,1970,900.0
RegionD,1971,900.0
RegionD,1972,900.0
RegionD,1973,900.0
RegionD,1974,900.0
RegionD,1975,900.0
RegionD,1976,900.0
RegionD,1977,900.0
RegionD,1978,900.0
RegionD,1979,900.0
RegionD,1980,900.0
RegionD,1981,900.0
RegionD,1982,900.0
RegionD,1983,900.0
RegionD,1984,900.0
RegionD,1985,900.0
RegionD,1986,900.0
RegionD,1987,900.0
RegionD,1988,900.0
RegionD,1989,900.0
RegionD,1990,900.0
RegionD,1991,900.0
RegionD,1992,900.0
RegionD,1993,900.0
RegionD,1994,900.0
RegionD,1995,900.0
RegionD,1996,900.0
RegionD,1997,900.0
RegionD,1998,900.0
RegionD,1999,900.0
RegionD,2000,900.0
RegionD,2001,900.0
RegionD,2002,900.0
RegionD,2003,900.0
RegionD,2004,900.0
RegionD,2005,900.0
RegionD,2006,900.0
RegionD,2007,900.0
RegionD,2008,900.0
RegionD,2009,900.0
RegionD,2010,900.0
RegionD,2011,900.0
RegionD,2012,900.0
RegionD,2013,900.0
RegionD,2014,900.0
RegionD,2015,900.0
RegionD,2016,900.0
RegionD,2017,900.0
RegionD,2018,900.0
RegionD,2019,900.0
RegionD,2020,900.0
RegionD,2021,900.0
RegionD,2022,900.0
RegionD,2023,900.0
RegionD,2024,900.0
RegionD,2025,900.0
RegionD,2026,900.0
RegionD,2027,900.0
RegionD,2028,900.0
RegionD,2029,900.0
RegionD,2030,900.0
RegionD,2031,900.0
RegionD,2032,900.0
RegionD,2033,900.0
RegionD,2034,900.0
RegionD,2035,900.0
RegionD,2036,900.0
RegionD,2037,900.0
RegionD,2038,900.0
RegionD,2039,900.0
RegionD,2040,900.0
RegionD,2041,900.0
RegionD,2042,900.0
RegionD,2043,900.0
RegionD,2044,900.0
RegionD,2045,900.0
RegionD,2046,900.0
RegionD,2047,900.0
RegionD,2048,900.0
RegionD,2049,900.0
RegionD,2050,900.0
RegionD,2051,900.0
RegionD,2052,900.0
RegionD,2053,900.0
RegionD,2054,900.0
RegionD,2055,900.0
RegionD,2056,900.0
RegionD,2057,900.0
RegionD,2058,900.0
RegionD,2059,900.0
RegionD,2060,900.0
RegionD,2061,900.0
RegionD,2062,900.0
RegionD,2063,900.0
RegionD,2064,900.0
RegionD,2065,900.0
RegionD,2066,900.0
RegionD,2067,900.0
RegionD,2068,900.0
RegionD,2069,900.0
RegionD,2070,900.0
RegionD,2071,900.0
RegionD,2072,900.0
RegionD,2073,900.0
RegionD,2074,900.0
RegionD,2075,900.0
RegionD,2076,900.0
RegionD,2077,900.0
RegionD,2078,900.0
RegionD,2079,900.0
RegionD,2080,900.0
RegionD,2081,900.0
RegionD,2082,900.0
RegionD,2083,900.0
RegionD,2084,900.0
RegionD,2085,900.0
RegionD,2086,900.0
RegionD,2087,900.0
RegionD,2088,900.0
RegionD,2089,900.0
RegionD,2090,900.0
RegionD,2091,900.0
RegionD,2092,900.0
RegionD,2093,900.0
RegionD,2094,900.0
RegionD,2095,900.0
RegionD,2096,900.0
RegionD,2097,900.0
RegionD,2098,900.0
RegionD,2099,900.0
RegionD,2100,900.0
RegionD,2101,900.0
RegionD,2102,900.0
RegionD,2103,900.0
RegionD,2104,900.0
RegionD,2105,900.0
RegionD,2106,900.0
RegionD,2107,900.0
RegionD,2108,900.0
RegionD,2109,900.0
RegionD,2110,900.0
RegionD,2111,900.0
RegionD,2112,900.0
RegionD,2113,900.0
RegionD,2114,900.0
RegionD,2115,900.0
RegionD,2116,900.0
RegionD,2117,900.0
RegionD,2118,900.0
RegionD,2119,900.0
RegionD,2120,900.0
RegionD,2121,900.0
RegionD,2122,900.0
RegionD,2123,900.0
RegionD,2124,900.0
RegionD,2125,900.0
RegionD,2126,900.0
RegionD,2127,900.0
RegionD,2128,900.0
RegionD,2129,900.0
RegionD,2130,900.0
RegionD,2131,900.0
RegionD,2132,900.0
RegionD,2133,900.0
RegionD,2134,900.0
RegionD,2135,900.0
RegionD,2136,900.0
RegionD,2137,900.0
RegionD,2138,900.0
RegionD,2139,900.0
RegionD,2140,900.0
RegionD,2141,900.0
RegionD,2142,900.0
RegionD,2143,900.0
RegionD,2144,900.0
RegionD,2145,900.0
RegionD,2146,900.0
RegionD,2147,900.0
RegionD,2148,900.0
RegionD,2149,900.0
RegionD,2150,900.0
RegionD,2151,900.0
RegionD,2152,900.0
RegionD,2153,900.0
RegionD,2154,900.0
RegionD,2155,900.0
RegionD,2156,900.0
RegionD,2157,900.0
RegionD,2158,900.0
RegionD,2159,900.0
RegionD,2160,900.0
RegionD,2161,900.0
RegionD,2162,900.0
RegionD,2163,900.0
RegionD,2164,900.0
RegionD,2165,900.0
RegionD,2166,900.0
RegionD,2167,900.0
RegionD,2168,900.0
RegionD,2169,900.0
RegionD,2170,900.0
RegionD,2171,900.0
RegionD,2172,900.0
RegionD,2173,900.0
RegionD,2174,900.0
RegionD,2175,900.0
RegionD,2176,900.0
RegionD,2177,900.0
RegionD,2178,900.0
RegionD,2179,900.0
RegionD,2180,900.0
RegionD,2181,900.0
RegionD,2182,900.0
RegionD,2183,900.0
RegionD,2184,900.0
RegionD,2185,900.0
RegionD,2186,900.0
RegionD,2187,900.0
RegionD,2188,900.0
RegionD,2189,900.0
RegionD,2190,900.0
RegionD,2191,900.0
RegionD,2192,900.0
RegionD,2193,900.0
RegionD,2194,900.0
RegionD,2195,900.0
RegionD,2196,900.0
RegionD,2197,900.0
RegionD,2198,900.0
RegionD,2199,900.0
RegionD,2200,900.0
RegionD,2201,900.0
RegionD,2202,900.0
RegionD,2203,900.0
RegionD,2204,900.0
RegionD,2205,900.0
RegionD,2206,900.0
RegionD,2207,900.0
RegionD,2208,900.0
RegionD,2209,900.0
RegionD,2210,900.0
RegionD,2211,900.0
RegionD,2212,900.0
RegionD,2213,900.0
RegionD,2214,900.0
RegionD,2215,900.0
RegionD,2216,900.0
RegionD,2217,900.0
RegionD,2218,900.0
RegionD,2219,900.0
RegionD,2220,900.0
RegionD,2221,900.0
RegionD,2222,900.0
RegionD,2223,900.0
RegionD,2224,900.0
RegionD,2225,900.0
RegionD,2226,900.0
RegionD,2227,900.0
RegionD,2228,900.0
RegionD,2229,900.0
RegionD,2230,900.0
RegionD,2231,900.0
RegionD,2232,900.0
RegionD,2233,900.0
RegionD,2234,900.0
RegionD,2235,900.0
RegionD,2236,900.0
RegionD,2237,900.0
RegionD,2238,900.0
RegionD,2239,900.0
RegionD,2240,900.0
RegionD,2241,900.0
RegionD,2242,900.0
RegionD,2243,900.0
RegionD,2244,900.0
RegionD,2245,900.0
RegionD,2246,900.0
RegionD,2247,900.0
RegionD,2248,900.0
RegionD,2249,900.0
RegionD,2250,900.0
RegionD,2251,900.0
RegionD,2252,900.0
RegionD,2253,900.0
RegionD,2254,900.0
RegionD,2255,900.0
RegionD,2256,900.0
RegionD,2257,900.0
RegionD,2258,900.0
RegionD,2259,900.0
RegionD,2260,900.0
RegionD,2261,900.0
RegionD,2262,900.0
RegionD,2263,900.0
RegionD,2264,900.0
RegionD,2265,900.0
RegionD,2266,900.0
RegionD,2267,900.0
RegionD,2268,900.0
RegionD,2269,900.0
RegionD,2270,900.0
RegionD,2271,900.0
RegionD,2272,900.0
RegionD,2273,900.0
RegionD,2274,900.0
RegionD,2275,900.0
RegionD,2276,900.0
RegionD,2277,900.0
RegionD,2278,900.0
RegionD,2279,900.0
RegionD,2280,900.0
RegionD,2281,900.0
RegionD,2282,900.0
RegionD,2283,900.0
RegionD,2284,900.0
RegionD,2285,900.0
RegionD,2286,900.0
RegionD,2287,900.0
RegionD,2288,900.0
RegionD,2289,900.0
RegionD,2290,900.0
RegionD,2291,900.0
RegionD,2292,900.0
RegionD,2293,900.0
RegionD,2294,900.0
RegionD,2295,900.0
RegionD,2296,900.0
RegionD,2297,900.0
RegionD,2298,900.0
RegionD,2299,900.0
RegionD,2300,900.0
RegionD,2301,900.0
RegionD,2302,900.0
RegionD,2303,900.0
RegionD,2304,900.0
RegionD,2305,900.0
RegionD,2306,900.0
RegionD,2307,900.0
RegionD,2308,900.0
RegionD,2309,900.0
RegionD,2310,900.0
RegionD,2311,900.0
RegionD,2312,900.0
RegionD,2313,900.0
RegionD,2314,900.0
RegionD,2315,900.0
RegionD,2316,900.0
RegionD,2317,900.0
RegionD,2318,900.0
RegionD,2319,900.0
RegionD,2320,900.0
RegionD,2321,900.0
RegionD,2322,900.0
RegionD,2323,900.0
RegionD,2324,900.0
RegionD,2325,900.0
RegionD,2326,900.0
RegionD,2327,900.0
RegionD,2328,900.0
RegionD,2329,900.0
RegionD,2330,900.0
RegionD,2331,900.0
RegionD,2332,900.0
RegionD,2333,900.0
RegionD,2334,900.0
RegionD,2335,900.0
RegionD,2336,900.0
RegionD,2337,900.0
RegionD,2338,900.0
RegionD,2339,900.0
RegionD,2340,900.0
RegionD,2341,900.0
RegionD,2342,900.0
RegionD,2343,900.0
RegionD,2344,900.0
RegionD,2345,900.0
RegionD,2346,900.0
RegionD,2347,900.0
RegionD,2348,900.0
RegionD,2349,900.0
RegionD,2350,900.0
RegionD,2351,900.0
RegionD,2352,900.0
RegionD,2353,900.0
RegionD,2354,900.0
RegionD,2355,900.0
RegionD,2356,900.0
RegionD,2357,900.0
RegionD,2358,900.0
RegionD,2359,900.0
RegionD,2360,900.0
RegionD,2361,900.0
RegionD,2362,900.0
RegionD,2363,900.0
RegionD,2364,900.0
RegionD,2365,900.0
RegionD,2366,900.0
RegionD,2367,900.0
RegionD,2368,900.0
RegionD,2369,900.0
RegionD,2370,900.0
RegionD,2371,900.0
RegionD,2372,900.0
RegionD,2373,900.0
RegionD,2374,900.0
RegionD,2375,900.0
RegionD,2376,900.0
RegionD,2377,900.0
RegionD,2378,900.0
RegionD,2379,900.0
RegionD,2380,900.0
RegionD,2381,900.0
RegionD,2382,900.0
RegionD,2383,900.0
RegionD,2384,900.0
RegionD,2385,900.0
RegionD,2386,900.0
RegionD,2387,900.0
RegionD,2388,900.0
RegionD,2389,900.0
RegionD,2390,900.0
RegionD,2391,900.0
RegionD,2392,900.0
RegionD,2393,900.0
RegionD,2394,900.0
RegionD,2395,900.0
RegionD,2396,900.0
RegionD,2397,900.0
RegionD,2398,900.0
RegionD,2399,900.0
RegionD,2400,900.0
RegionD,2401,900.0
RegionD,2402,900.0
RegionD,2403,900.0
RegionD,2404,900.0
RegionD,2405,900.0
RegionD,2406,900.0
RegionE,0,456.27085
RegionE,1,541.4654003916668
RegionE,2,679.2694003916667
RegionE,3,820.0
RegionE,4,820.0
RegionE,5,820.0
RegionE,6,820.0
RegionE,7,820.0
RegionE,8,820.0
RegionE,9,820.0
RegionE,10,820.0
RegionE,11,820.0
RegionE,12,820.0
RegionE,13,820.0
RegionE,14,820.0
RegionE,15,820.0
RegionE,16,820.0
RegionE,17,820.0
RegionE,18,820.0
RegionE,19,820.0
RegionE,20,820.0
RegionE,21,820.0
RegionE,22,820.0
RegionE,23,820.0
RegionE,24,820.0
RegionE,25,820.0
RegionE,26,820.0
RegionE,27,820.0
RegionE,28,820.0
RegionE,29,820.0
RegionE,30,820.0
RegionE,31,820.0
RegionE,32,820.0
RegionE,33,820.0
RegionE,34,820.0
RegionE,35,820.0
RegionE,36,820.0
RegionE,37,820.0
RegionE,38,820.0
RegionE,39,820.0
RegionE,40,820.0
RegionE,41,820.0
RegionE,42,820.0
RegionE,43,820.0
RegionE,44,820.0
RegionE,45,820.0
RegionE,46,820.0
RegionE,47,820.0
RegionE,48,820.0
RegionE,49,820.0
RegionE,50,820.0
RegionE,51,820.0
RegionE,52,820.0
RegionE,53,820.0
RegionE,54,820.0
RegionE,55,820.0
RegionE,56,820.0
RegionE,57,820.0
RegionE,58,820.0
RegionE,59,820.0
RegionE,60,820.0
RegionE,61,820.0
RegionE,62,820.0
RegionE,63,820.0
RegionE,64,820.0
RegionE,65,820.0
RegionE,66,820.0
RegionE,67,820.0
RegionE,68,820.0
RegionE,69,820.0
RegionE,70,820.0
RegionE,71,820.0
RegionE,72,820.0
RegionE,73,820.0
RegionE,74,820.0
RegionE,75,820.0
RegionE,76,820.0
RegionE,77,820.0
RegionE,78,820.0
RegionE,79,820.0
RegionE,80,820.0
RegionE,81,820.0
RegionE,82,820.0
RegionE,83,820.0
RegionE,84,820.0
RegionE,85,820.0
RegionE,86,820.0
RegionE,87,820.0
RegionE,88,820.0
RegionE,89,820.0
RegionE,90,820.0
RegionE,91,820.0
RegionE,92,820.0
RegionE,93,820.0
RegionE,94,820.0
RegionE,95,820.0
RegionE,96,820.0
RegionE,97,820.0
RegionE,98,820.0
RegionE,99,820.0
RegionE,100,820.0
RegionE,101,820.0
RegionE,102,820.0
RegionE,103,820.0
RegionE,104,820.0
RegionE,105,820.0
RegionE,106,820.0
RegionE,107,820.0
RegionE,108,820.0
RegionE,109,820.0
RegionE,110,820.0
RegionE,111,820.0
RegionE,112,820.0
RegionE,113,820.0
RegionE,114,820.0
RegionE,115,820.0
RegionE,116,820.0
RegionE,117,820.0
RegionE,118,820.0
RegionE,119,820.0
RegionE,120,820.0
RegionE,121,820.0
RegionE,122,820.0
RegionE,123,820.0
RegionE,124,820.0
RegionE,125,820.0
RegionE,126,820.0
RegionE,127,820.0
RegionE,128,820.0
RegionE,129,820.0
RegionE,130,820.0
RegionE,131,820.0
RegionE,132,820.0
RegionE,133,820.0
RegionE,134,820.0
RegionE,135,820.0
RegionE,136,820.0
RegionE,137,820.0
RegionE,138,820.0
RegionE,139,820.0
RegionE,140,820.0
RegionE,141,820.0
RegionE,142,820.0
RegionE,143,820.0
RegionE,144,820.0
RegionE,145,820.0
RegionE,146,820.0
RegionE,147,820.0
RegionE,148,820.0
RegionE,149,820.0
RegionE,150,820.0
RegionE,151,820.0
RegionE,152,820.0
RegionE,153,820.0
RegionE,154,820.0
RegionE,155,820.0
RegionE,156,820.0
RegionE,157,820.0
RegionE,158,820.0
RegionE,159,820.0
RegionE,160,820.0
RegionE,161,820.0
RegionE,162,820.0
RegionE,163,820.0
RegionE,164,820.0
RegionE,165,820.0
RegionE,166,820.0
RegionE,167,820.0
RegionE,168,820.0
RegionE,169,820.0
RegionE,170,820.0
RegionE,171,820.0
RegionE,172,820.0
RegionE,173,820.0
RegionE,174,820.0
RegionE,175,820.0
RegionE,176,820.0
RegionE,177,820.0
RegionE,178,820.0
RegionE,179,820.0
RegionE,180,820.0
RegionE,181,820.0
RegionE,182,820.0
RegionE,183,820.0
RegionE,184,820.0
RegionE,185,820.0
RegionE,186,820.0
RegionE,187,820.0
RegionE,188,820.0
RegionE,189,820.0
RegionE,190,820.0
RegionE,191,820.0
RegionE,192,820.0
RegionE,193,820.0
RegionE,194,820.0
RegionE,195,820.0
RegionE,196,820.0
RegionE,197,820.0
RegionE,198,820.0
RegionE,199,820.0
RegionE,200,820.0
RegionE,201,820.0
RegionE,202,820.0
RegionE,203,820.0
RegionE,204,820.0
RegionE,205,820.0
RegionE,206,820.0
RegionE,207,820.0
RegionE,208,820.0
RegionE,209,820.0
RegionE,210,820.0
RegionE,211,820.0
RegionE,212,820.0
RegionE,213,820.0
RegionE,214,820.0
RegionE,215,820.0
RegionE,216,820.0
RegionE,217,820.0
RegionE,218,820.0
RegionE,219,820.0
RegionE,220,820.0
RegionE,221,820.0
RegionE,222,820.0
RegionE,223,820.0
RegionE,224,820.0
RegionE,225,820.0
RegionE,226,820.0
RegionE,227,820.0
RegionE,228,820.0
RegionE,229,820.0
RegionE,230,820.0
RegionE,231,820.0
RegionE,232,820.0
RegionE,233,820.0
RegionE,234,820.0
RegionE,235,820.0
RegionE,236,820.0
RegionE,237,820.0
RegionE,238,820.0
RegionE,239,820.0
RegionE,240,820.0
RegionE,241,820.0
RegionE,242,820.0
RegionE,243,820.0
RegionE,244,820.0
RegionE,245,820.0
RegionE,246,820.0
RegionE,247,820.0
RegionE,248,820.0
RegionE,249,820.0
RegionE,250,820.0
RegionE,251,820.0
RegionE,252,820.0
RegionE,253,820.0
RegionE,254,820.0
RegionE,255,820.0
RegionE,256,820.0
RegionE,257,820.0
RegionE,258,820.0
RegionE,259,820.0
RegionE,260,820.0
RegionE,261,820.0
RegionE,262,820.0
RegionE,263,820.0
RegionE,264,820.0
RegionE,265,820.0
RegionE,266,820.0
RegionE,267,820.0
RegionE,268,820.0
RegionE,269,820.0
RegionE,270,820.0
RegionE,271,820.0
RegionE,272,820.0
RegionE,273,820.0
RegionE,274,820.0
RegionE,275,820.0
RegionE,276,820.0
RegionE,277,820.0
RegionE,278,820.0
RegionE,279,820.0
RegionE,280,820.0
RegionE,281,820.0
RegionE,282,820.0
RegionE,283,820.0
RegionE,284,820.0
RegionE,285,820.0
RegionE,286,820.0
RegionE,287,820.0
RegionE,288,820.0
RegionE,289,820.0
RegionE,290,820.0
RegionE,291,820.0
RegionE,292,820.0
RegionE,293,820.0
RegionE,294,820.0
RegionE,295,820.0
RegionE,296,820.0
RegionE,297,820.0
RegionE,298,820.0
RegionE,299,820.0
RegionE,300,820.0
RegionE,301,820.0
RegionE,302,820.0
RegionE,303,820.0
RegionE,304,820.0
RegionE,305,820.0
RegionE,306,820.0
RegionE,307,820.0
RegionE,308,820.0
RegionE,309,820.0
RegionE,310,820.0
RegionE,311,820.0
RegionE,312,820.0
RegionE,313,820.0
RegionE,314,820.0
RegionE,315,820.0
RegionE,316,820.0
RegionE,317,820.0
RegionE,318,820.0
RegionE,319,820.0
RegionE,320,820.0
RegionE,321,820.0
RegionE,322,820.0
RegionE,323,820.0
RegionE,324,820.0
RegionE,325,820.0
RegionE,326,820.0
RegionE,327,820.0
RegionE,328,820.0
RegionE,329,820.0
RegionE,330,820.0
RegionE,331,820.0
RegionE,332,820.0
RegionE,333,820.0
RegionE,334,820.0
RegionE,335,820.0
RegionE,336,820.0
RegionE,337,820.0
RegionE,338,820.0
RegionE,339,820.0
RegionE,340,820.0
RegionE,341,820.0
RegionE,342,820.0
RegionE,343,820.0
RegionE,344,820.0
RegionE,345,820.0
RegionE,346,820.0
RegionE,347,820.0
RegionE,348,820.0
RegionE,349,820.0
RegionE,350,820.0
RegionE,351,820.0
RegionE,352,820.0
RegionE,353,820.0
RegionE,354,820.0
RegionE,355,820.0
RegionE,356,820.0
RegionE,357,820.0
RegionE,358,820.0
RegionE,359,820.0
RegionE,360,820.0
RegionE,361,820.0
RegionE,362,820.0
RegionE,363,820.0
RegionE,364,820.0
RegionE,365,820.0
RegionE,366,820.0
RegionE,367,820.0
RegionE,368,820.0
RegionE,369,820.0
RegionE,370,820.0
RegionE,371,820.0
RegionE,372,820.0
RegionE,373,820.0
RegionE,374,820.0
RegionE,375,820.0
RegionE,376,820.0
RegionE,377,820.0
RegionE,378,820.0
RegionE,379,820.0
RegionE,380,820.0
RegionE,381,820.0
RegionE,382,820.0
RegionE,383,820.0
RegionE,384,820.0
RegionE,385,820.0
RegionE,386,820.0
RegionE,387,820.0
RegionE,388,820.0
RegionE,389,820.0
RegionE,390,820.0
RegionE,391,820.0
RegionE,392,820.0
RegionE,393,820.0
RegionE,394,820.0
RegionE,395,820.0
RegionE,396,820.0
RegionE,397,820.0
RegionE,398,820.0
RegionE,399,820.0
RegionE,400,820.0
RegionE,401,820.0
RegionE,402,820.0
RegionE,403,820.0
RegionE,404,820.0
RegionE,405,820.0
RegionE,406,820.0
RegionE,407,820.0
RegionE,408,820.0
RegionE,409,820.0
RegionE,410,820.0
RegionE,411,820.0
RegionE,412,820.0
RegionE,413,820.0
RegionE,414,820.0
RegionE,415,820.0
RegionE,416,820.0
RegionE,417,820.0
RegionE,418,820.0
RegionE,419,820.0
RegionE,420,820.0
RegionE,421,820.0
RegionE,422,820.0
RegionE,423,820.0
RegionE,424,820.0
RegionE,425,820.0
RegionE,426,820.0
RegionE,427,820.0
RegionE,428,820.0
RegionE,429,820.0
RegionE,430,820.0
RegionE,431,820.0
RegionE,432,820.0
RegionE,433,820.0
RegionE,434,820.0
RegionE,435,820.0
RegionE,436,820.0
RegionE,437,820.0
RegionE,438,820.0
RegionE,439,820.0
RegionE,440,820.0
RegionE,441,820.0
RegionE,442,820.0
RegionE,443,820.0
RegionE,444,820.0
RegionE,445,820.0
RegionE,446,820.0
RegionE,447,820.0
RegionE,448,820.0
RegionE,449,820.0
RegionE,450,820.0
RegionE,451,820.0
RegionE,452,820.0
RegionE,453,820.0
RegionE,454,820.0
RegionE,455,820.0
RegionE,456,820.0
RegionE,457,820.0
RegionE,458,820.0
RegionE,459,820.0
RegionE,460,820.0
RegionE,461,820.0
RegionE,462,820.0
RegionE,463,820.0
RegionE,464,820.0
RegionE,465,820.0
RegionE,466,820.0
RegionE,467,820.0
RegionE,468,820.0
RegionE,469,820.0
RegionE,470,820.0
RegionE,471,820.0
RegionE,472,820.0
RegionE,473,820.0
RegionE,474,820.0
RegionE,475,820.0
RegionE,476,820.0
RegionE,477,820.0
RegionE,478,820.0
RegionE,479,820.0
RegionE,480,820.0
RegionE,481,820.0
RegionE,482,820.0
RegionE,483,820.0
RegionE,484,820.0
RegionE,485,820.0
RegionE,486,820.0
RegionE,487,820.0
RegionE,488,820.0
RegionE,489,820.0
RegionE,490,820.0
RegionE,491,820.0
RegionE,492,820.0
RegionE,493,820.0
RegionE,494,820.0
RegionE,495,820.0
RegionE,496,820.0
RegionE,497,820.0
RegionE,498,820.0
RegionE,499,820.0
RegionE,500,820.0
RegionE,501,820.0
RegionE,502,820.0
RegionE,503,820.0
RegionE,504,820.0
RegionE,505,820.0
RegionE,506,820.0
RegionE,507,820.0
RegionE,508,820.0
RegionE,509,820.0
RegionE,510,820.0
RegionE,511,820.0
RegionE,512,820.0
RegionE,513,820.0
RegionE,514,820.0
RegionE,515,820.0
RegionE,516,820.0
RegionE,517,820.0
RegionE,518,820.0
RegionE,519,820.0
RegionE,520,820.0
RegionE,521,820.0
RegionE,522,820.0
RegionE,523,820.0
RegionE,524,820.0
RegionE,525,820.0
RegionE,526,820.0
RegionE,527,820.0
RegionE,528,820.0
RegionE,529,820.0
RegionE,530,820.0
RegionE,531,820.0
RegionE,532,820.0
RegionE,533,820.0
RegionE,534,820.0
RegionE,535,820.0
RegionE,536,820.0
RegionE,537,820.0
RegionE,538,820.0
RegionE,539,820.0
RegionE,540,820.0
RegionE,541,820.0
RegionE,542,820.0
RegionE,543,820.0
RegionE,544,820.0
RegionE,545,820.0
RegionE,546,820.0
RegionE,547,820.0
RegionE,548,820.0
RegionE,549,820.0
RegionE,550,820.0
RegionE,551,820.0
RegionE,552,820.0
RegionE,553,820.0
RegionE,554,820.0
RegionE,555,820.0
RegionE,556,820.0
RegionE,557,820.0
RegionE,558,820.0
RegionE,559,820.0
RegionE,560,820.0
RegionE,561,820.0
RegionE,562,820.0
RegionE,563,820.0
RegionE,564,820.0
RegionE,565,820.0
RegionE,566,820.0
RegionE,567,820.0
RegionE,568,820.0
RegionE,569,820.0
RegionE,570,820.0
RegionE,571,820.0
RegionE,572,820.0
RegionE,573,820.0
RegionE,574,820.0
RegionE,575,820.0
RegionE,576,820.0
RegionE,577,820.0
RegionE,578,820.0
RegionE,579,820.0
RegionE,580,820.0
RegionE,581,820.0
RegionE,582,820.0
RegionE,583,820.0
RegionE,584,820.0
RegionE,585,820.0
RegionE,586,820.0
RegionE,587,820.0
RegionE,588,820.0
RegionE,589,820.0
RegionE,590,820.0
RegionE,591,820.0
RegionE,592,820.0
RegionE,593,820.0
RegionE,594,820.0
RegionE,595,820.0
RegionE,596,820.0
RegionE,597,820.0
RegionE,598,820.0
RegionE,599,820.0
RegionE,600,820.0
RegionE,601,820.0
RegionE,602,820.0
RegionE,603,820.0
RegionE,604,820.0
RegionE,605,820.0
RegionE,606,820.0
RegionE,607,820.0
RegionE,608,820.0
RegionE,609,820.0
RegionE,610,820.0
RegionE,611,820.0
RegionE,612,820.0
RegionE,613,820.0
RegionE,614,820.0
RegionE,615,820.0
RegionE,616,820.0
RegionE,617,820.0
RegionE,618,820.0
RegionE,619,820.0
RegionE,620,820.0
RegionE,621,820.0
RegionE,622,820.0
RegionE,623,820.0
RegionE,624,820.0
RegionE,625,820.0
RegionE,626,820.0
RegionE,627,820.0
RegionE,628,820.0
RegionE,629,820.0
RegionE,630,820.0
RegionE,631,820.0
RegionE,632,820.0
RegionE,633,820.0
RegionE,634,820.0
RegionE,635,820.0
RegionE,636,820.0
RegionE,637,820.0
RegionE,638,820.0
RegionE,639,820.0
RegionE,640,820.0
RegionE,641,820.0
RegionE,642,820.0
RegionE,643,820.0
RegionE,644,820.0
RegionE,645,820.0
RegionE,646,820.0
RegionE,647,820.0
RegionE,648,820.0
RegionE,649,820.0
RegionE,650,820.0
RegionE,651,820.0
RegionE,652,820.0
RegionE,653,820.0
RegionE,654,820.0
RegionE,655,820.0
RegionE,656,820.0
RegionE,657,820.0
RegionE,658,820.0
RegionE,659,820.0
RegionE,660,820.0
RegionE,661,820.0
RegionE,662,820.0
RegionE,663,820.0
RegionE,664,820.0
RegionE,665,820.0
RegionE,666,820.0
RegionE,667,820.0
RegionE,668,820.0
RegionE,669,820.0
RegionE,670,820.0
RegionE,671,820.0
RegionE,672,820.0
RegionE,673,820.0
RegionE,674,820.0
RegionE,675,820.0
RegionE,676,820.0
RegionE,677,820.0
RegionE,678,820.0
RegionE,679,820.0
RegionE,680,820.0
RegionE,681,820.0
RegionE,682,820.0
RegionE,683,820.0
RegionE,684,820.0
RegionE,685,820.0
RegionE,686,820.0
RegionE,687,820.0
RegionE,688,820.0
RegionE,689,820.0
RegionE,690,820.0
RegionE,691,820.0
RegionE,692,820.0
RegionE,693,820.0
RegionE,694,820.0
RegionE,695,820.0
RegionE,696,820.0
RegionE,697,820.0
RegionE,698,820.0
RegionE,699,820.0
RegionE,700,820.0
RegionE,701,820.0
RegionE,702,820.0
RegionE,703,820.0
RegionE,704,820.0
RegionE,705,820.0
RegionE,706,820.0
RegionE,707,820.0
RegionE,708,820.0
RegionE,709,820.0
RegionE,710,820.0
RegionE,711,820.0
RegionE,712,820.0
RegionE,713,820.0
RegionE,714,820.0
RegionE,715,820.0
RegionE,716,820.0
RegionE,717,820.0
RegionE,718,820.0
RegionE,719,820.0
RegionE,720,820.0
RegionE,721,820.0
RegionE,722,820.0
RegionE,723,820.0
RegionE,724,820.0
RegionE,725,820.0
RegionE,726,820.0
RegionE,727,820.0
RegionE,728,820.0
RegionE,729,820.0
RegionE,730,820.0
RegionE,731,820.0
RegionE,732,820.0
RegionE,733,820.0
RegionE,734,820.0
RegionE,735,820.0
RegionE,736,820.0
RegionE,737,820.0
RegionE,738,820.0
RegionE,739,820.0
RegionE,740,820.0
RegionE,741,820.0
RegionE,742,820.0
RegionE,743,820.0
RegionE,744,820.0
RegionE,745,820.0
RegionE,746,820.0
RegionE,747,820.0
RegionE,748,820.0
RegionE,749,820.0
RegionE,750,820.0
RegionE,751,820.0
RegionE,752,820.0
RegionE,753,820.0
RegionE,754,820.0
RegionE,755,820.0
RegionE,756,820.0
RegionE,757,820.0
RegionE,758,820.0
RegionE,759,820.0
RegionE,760,820.0
RegionE,761,820.0
RegionE,762,820.0
RegionE,763,820.0
RegionE,764,820.0
RegionE,765,820.0
RegionE,766,820.0
RegionE,767,820.0
RegionE,768,820.0
RegionE,769,820.0
RegionE,770,820.0
RegionE,771,820.0
RegionE,772,820.0
RegionE,773,820.0
RegionE,774,820.0
RegionE,775,820.0
RegionE,776,820.0
RegionE,777,820.0
RegionE,778,820.0
RegionE,779,820.0
RegionE,780,820.0
RegionE,781,820.0
RegionE,782,820.0
RegionE,783,820.0
RegionE,784,820.0
RegionE,785,820.0
RegionE,786,820.0
RegionE,787,820.0
RegionE,788,820.0
RegionE,789,820.0
RegionE,790,820.0
RegionE,791,820.0
RegionE,792,820.0
RegionE,793,820.0
RegionE,794,820.0
RegionE,795,820.0
RegionE,796,820.0
RegionE,797,820.0
RegionE,798,820.0
RegionE,799,820.0
RegionE,800,820.0
RegionE,801,820.0
RegionE,802,820.0
RegionE,803,820.0
RegionE,804,820.0
RegionE,805,820.0
RegionE,806,820.0
RegionE,807,820.0
RegionE,808,820.0
RegionE,809,820.0
RegionE,810,820.0
RegionE,811,820.0
RegionE,812,820.0
RegionE,813,820.0
RegionE,814,820.0
RegionE,815,820.0
RegionE,816,820.0
RegionE,817,820.0
RegionE,818,820.0
RegionE,819,820.0
RegionE,820,820.0
RegionE,821,820.0
RegionE,822,820.0
RegionE,823,820.0
RegionE,824,820.0
RegionE,825,820.0
RegionE,826,820.0
RegionE,827,820.0
RegionE,828,820.0
RegionE,829,820.0
RegionE,830,820.0
RegionE,831,820.0
RegionE,832,820.0
RegionE,833,820.0
RegionE,834,820.0
RegionE,835,820.0
RegionE,836,820.0
RegionE,837,820.0
RegionE,838,820.0
RegionE,839,820.0
RegionE,840,820.0
RegionE,841,820.0
RegionE,842,820.0
RegionE,843,820.0
RegionE,844,820.0
RegionE,845,820.0
RegionE,846,820.0
RegionE,847,820.0
RegionE,848,820.0
RegionE,849,820.0
RegionE,850,820.0
RegionE,851,820.0
RegionE,852,820.0
RegionE,853,820.0
RegionE,854,820.0
RegionE,855,820.0
RegionE,856,820.0
RegionE,857,820.0
RegionE,858,820.0
RegionE,859,820.0
RegionE,860,820.0
RegionE,861,820.0
RegionE,862,820.0
RegionE,863,820.0
RegionE,864,820.0
RegionE,865,820.0
RegionE,866,820.0
RegionE,867,820.0
RegionE,868,820.0
RegionE,869,820.0
RegionE,870,820.0
RegionE,871,820.0
RegionE,872,820.0
RegionE,873,820.0
RegionE,874,820.0
RegionE,875,820.0
RegionE,876,820.0
RegionE,877,820.0
RegionE,878,820.0
RegionE,879,820.0
RegionE,880,820.0
RegionE,881,820.0
RegionE,882,820.0
RegionE,883,820.0
RegionE,884,820.0
RegionE,885,820.0
RegionE,886,820.0
RegionE,887,820.0
RegionE,888,820.0
RegionE,889,820.0
RegionE,890,820.0
RegionE,891,820.0
RegionE,892,820.0
RegionE,893,820.0
RegionE,894,820.0
RegionE,895,820.0
RegionE,896,820.0
RegionE,897,820.0
RegionE,898,820.0
RegionE,899,820.0
RegionE,900,820.0
RegionE,901,820.0
RegionE,902,820.0
RegionE,903,820.0
RegionE,904,820.0
RegionE,905,820.0
RegionE,906,820.0
RegionE,907,820.0
RegionE,908,820.0
RegionE,909,820.0
RegionE,910,820.0
RegionE,911,820.0
RegionE,912,820.0
RegionE,913,820.0
RegionE,914,820.0
RegionE,915,820.0
RegionE,916,820.0
RegionE,917,820.0
RegionE,918,820.0
RegionE,919,820.0
RegionE,920,820.0
RegionE,921,820.0
RegionE,922,820.0
RegionE,923,820.0
RegionE,924,820.0
RegionE,925,820.0
RegionE,926,820.0
RegionE,927,820.0
RegionE,928,820.0
RegionE,929,820.0
RegionE,930,820.0
RegionE,931,820.0
RegionE,932,820.0
RegionE,933,820.0
RegionE,934,820.0
RegionE,935,820.0
RegionE,936,820.0
RegionE,937,820.0
RegionE,938,820.0
RegionE,939,820.0
RegionE,940,820.0
RegionE,941,820.0
RegionE,942,820.0
RegionE,943,820.0
RegionE,944,820.0
RegionE,945,820.0
RegionE,946,820.0
RegionE,947,820.0
RegionE,948,820.0
RegionE,949,820.0
RegionE,950,820.0
RegionE,951,820.0
RegionE,952,820.0
RegionE,953,820.0
RegionE,954,820.0
RegionE,955,820.0
RegionE,956,820.0
RegionE,957,820.0
RegionE,958,820.0
RegionE,959,820.0
RegionE,960,820.0
RegionE,961,820.0
RegionE,962,820.0
RegionE,963,820.0
RegionE,964,820.0
RegionE,965,820.0
RegionE,966,820.0
RegionE,967,820.0
RegionE,968,820.0
RegionE,969,820.0
RegionE,970,820.0
RegionE,971,820.0
RegionE,972,820.0
RegionE,973,820.0
RegionE,974,820.0
RegionE,975,820.0
RegionE,976,820.0
RegionE,977,820.0
RegionE,978,820.0
RegionE,979,820.0
RegionE,980,820.0
RegionE,981,820.0
RegionE,982,820.0
RegionE,983,820.0
RegionE,984,820.0
RegionE,985,820.0
RegionE,986,820.0
RegionE,987,820.0
RegionE,988,820.0
RegionE,989,820.0
RegionE,990,820.0
RegionE,991,820.0
RegionE,992,820.0
RegionE,993,820.0
RegionE,994,820.0
RegionE,995,820.0
RegionE,996,820.0
RegionE,997,820.0
RegionE,998,820.0
RegionE,999,820.0
RegionE,1000,820.0
RegionE,1001,820.0
RegionE,1002,820.0
RegionE,1003,820.0
RegionE,1004,820.0
RegionE,1005,820.0
RegionE,1006,820.0
RegionE,1007,820.0
RegionE,1008,820.0
RegionE,1009,820.0
RegionE,1010,820.0
RegionE,1011,820.0
RegionE,1012,820.0
RegionE,1013,820.0
RegionE,1014,820.0
RegionE,1015,820.0
RegionE,1016,820.0
RegionE,1017,820.0
RegionE,1018,820.0
RegionE,1019,820.0
RegionE,1020,820.0
RegionE,1021,820.0
RegionE,1022,820.0
RegionE,1023,820.0
RegionE,1024,820.0
RegionE,1025,820.0
RegionE,1026,820.0
RegionE,1027,820.0
RegionE,1028,820.0
RegionE,1029,820.0
RegionE,1030,820.0
RegionE,1031,820.0
RegionE,1032,820.0
RegionE,1033,820.0
RegionE,1034,820.0
RegionE,1035,820.0
RegionE,1036,820.0
RegionE,1037,820.0
RegionE,1038,820.0
RegionE,1039,820.0
RegionE,1040,820.0
RegionE,1041,820.0
RegionE,1042,820.0
RegionE,1043,820.0
RegionE,1044,820.0
RegionE,1045,820.0
RegionE,1046,820.0
RegionE,1047,820.0
RegionE,1048,820.0
RegionE,1049,820.0
RegionE,1050,820.0
RegionE,1051,820.0
RegionE,1052,820.0
RegionE,1053,820.0
RegionE,1054,820.0
RegionE,1055,820.0
RegionE,1056,820.0
RegionE,1057,820.0
RegionE,1058,820.0
RegionE,1059,820.0
RegionE,1060,820.0
RegionE,1061,820.0
RegionE,1062,820.0
RegionE,1063,820.0
RegionE,1064,820.0
RegionE,1065,820.0
RegionE,1066,820.0
RegionE,1067,820.0
RegionE,1068,820.0
RegionE,1069,820.0
RegionE,1070,820.0
RegionE,1071,820.0
RegionE,1072,820.0
RegionE,1073,820.0
RegionE,1074,820.0
RegionE,1075,820.0
RegionE,1076,820.0
RegionE,1077,820.0
RegionE,1078,820.0
RegionE,1079,820.0
RegionE,1080,820.0
RegionE,1081,820.0
RegionE,1082,820.0
RegionE,1083,820.0
RegionE,1084,820.0
RegionE,1085,820.0
RegionE,1086,820.0
RegionE,1087,820.0
RegionE,1088,820.0
RegionE,1089,820.0
RegionE,1090,820.0
RegionE,1091,820.0
RegionE,1092,820.0
RegionE,1093,820.0
RegionE,1094,820.0
RegionE,1095,820.0
RegionE,1096,820.0
RegionE,1097,820.0
RegionE,1098,820.0
RegionE,1099,820.0
RegionE,1100,820.0
RegionE,1101,820.0
RegionE,1102,820.0
RegionE,1103,820.0
RegionE,1104,820.0
RegionE,1105,820.0
RegionE,1106,820.0
RegionE,1107,820.0
RegionE,1108,820.0
RegionE,1109,820.0
RegionE,1110,820.0
RegionE,1111,820.0
RegionE,1112,820.0
RegionE,1113,820.0
RegionE,1114,820.0
RegionE,1115,820.0
RegionE,1116,820.0
RegionE,1117,820.0
RegionE,1118,820.0
RegionE,1119,820.0
RegionE,1120,820.0
RegionE,1121,820.0
RegionE,1122,820.0
RegionE,1123,820.0
RegionE,1124,820.0
RegionE,1125,820.0
RegionE,1126,820.0
RegionE,1127,820.0
RegionE,1128,820.0
RegionE,1129,820.0
RegionE,1130,820.0
RegionE,1131,820.0
RegionE,1132,820.0
RegionE,1133,820.0
RegionE,1134,820.0
RegionE,1135,820.0
RegionE,1136,820.0
RegionE,1137,820.0
RegionE,1138,820.0
RegionE,1139,820.0
RegionE,1140,820.0
RegionE,1141,820.0
RegionE,1142,820.0
RegionE,1143,820.0
RegionE,1144,820.0
RegionE,1145,820.0
RegionE,1146,820.0
RegionE,1147,820.0
RegionE,1148,820.0
RegionE,1149,820.0
RegionE,1150,820.0
RegionE,1151,820.0
RegionE,1152,820.0
RegionE,1153,820.0
RegionE,1154,820.0
RegionE,1155,820.0
RegionE,1156,820.0
RegionE,1157,820.0
RegionE,1158,820.0
RegionE,1159,820.0
RegionE,1160,820.0
RegionE,1161,820.0
RegionE,1162,820.0
RegionE,1163,820.0
RegionE,1164,820.0
RegionE,1165,820.0
RegionE,1166,820.0
RegionE,1167,820.0
RegionE,1168,820.0
RegionE,1169,820.0
RegionE,1170,820.0
RegionE,1171,820.0
RegionE,1172,820.0
RegionE,1173,820.0
RegionE,1174,820.0
RegionE,1175,820.0
RegionE,1176,820.0
RegionE,1177,820.0
RegionE,1178,820.0
RegionE,1179,820.0
RegionE,1180,820.0
RegionE,1181,820.0
RegionE,1182,820.0
RegionE,1183,820.0
RegionE,1184,820.0
RegionE,1185,820.0
RegionE,1186,820.0
RegionE,1187,820.0
RegionE,1188,820.0
RegionE,1189,820.0
RegionE,1190,820.0
RegionE,1191,820.0
RegionE,1192,820.0
RegionE,1193,820.0
RegionE,1194,820.0
RegionE,1195,820.0
RegionE,1196,820.0
RegionE,1197,820.0
RegionE,1198,820.0
RegionE,1199,820.0
RegionE,1200,820.0
RegionE,1201,820.0
RegionE,1202,820.0
RegionE,1203,820.0
RegionE,1204,820.0
RegionE,1205,820.0
RegionE,1206,820.0
RegionE,1207,820.0
RegionE,1208,820.0
RegionE,1209,820.0
RegionE,1210,820.0
RegionE,1211,820.0
RegionE,1212,820.0
RegionE,1213,820.0
RegionE,1214,820.0
RegionE,1215,820.0
RegionE,1216,820.0
RegionE,1217,820.0
RegionE,1218,820.0
RegionE,1219,820.0
RegionE,1220,820.0
RegionE,1221,820.0
RegionE,1222,820.0
RegionE,1223,820.0
RegionE,1224,820.0
RegionE,1225,820.0
RegionE,1226,820.0
RegionE,1227,820.0
RegionE,1228,820.0
RegionE,1229,820.0
RegionE,1230,820.0
RegionE,1231,820.0
RegionE,1232,820.0
RegionE,1233,820.0
RegionE,1234,820.0
RegionE,1235,820.0
RegionE,1236,820.0
RegionE,1237,820.0
RegionE,1238,820.0
RegionE,1239,820.0
RegionE,1240,820.0
RegionE,1241,820.0
RegionE,1242,820.0
RegionE,1243,820.0
RegionE,1244,820.0
RegionE,1245,820.0
RegionE,1246,820.0
RegionE,1247,820.0
RegionE,1248,820.0
RegionE,1249,820.0
RegionE,1250,820.0
RegionE,1251,820.0
RegionE,1252,820.0
RegionE,1253,820.0
RegionE,1254,820.0
RegionE,1255,820.0
RegionE,1256,820.0
RegionE,1257,820.0
RegionE,1258,820.0
RegionE,1259,820.0
RegionE,1260,820.0
RegionE,1261,820.0
RegionE,1262,820.0
RegionE,1263,820.0
RegionE,1264,820.0
RegionE,1265,820.0
RegionE,1266,820.0
RegionE,1267,820.0
RegionE,1268,820.0
RegionE,1269,820.0
RegionE,1270,820.0
RegionE,1271,820.0
RegionE,1272,820.0
RegionE,1273,820.0
RegionE,1274,820.0
RegionE,1275,820.0
RegionE,1276,820.0
RegionE,1277,820.0
RegionE,1278,820.0
RegionE,1279,820.0
RegionE,1280,820.0
RegionE,1281,820.0
RegionE,1282,820.0
RegionE,1283,820.0
RegionE,1284,820.0
RegionE,1285,820.0
RegionE,1286,820.0
RegionE,1287,820.0
RegionE,1288,820.0
RegionE,1289,820.0
RegionE,1290,820.0
RegionE,1291,820.0
RegionE,1292,820.0
RegionE,1293,820.0
RegionE,1294,820.0
RegionE,1295,820.0
RegionE,1296,820.0
RegionE,1297,820.0
RegionE,1298,820.0
RegionE,1299,820.0
RegionE,1300,820.0
RegionE,1301,820.0
RegionE,1302,820.0
RegionE,1303,820.0
RegionE,1304,820.0
RegionE,1305,820.0
RegionE,1306,820.0
RegionE,1307,820.0
RegionE,1308,820.0
RegionE,1309,820.0
RegionE,1310,820.0
RegionE,1311,820.0
RegionE,1312,820.0
RegionE,1313,820.0
RegionE,1314,820.0
RegionE,1315,820.0
RegionE,1316,820.0
RegionE,1317,820.0
RegionE,1318,820.0
RegionE,1319,820.0
RegionE,1320,820.0
RegionE,1321,820.0
RegionE,1322,820.0
RegionE,1323,820.0
RegionE,1324,820.0
RegionE,1325,820.0
RegionE,1326,820.0
RegionE,1327,820.0
RegionE,1328,820.0
RegionE,1329,820.0
RegionE,1330,820.0
RegionE,1331,820.0
RegionE,1332,820.0
RegionE,1333,820.0
RegionE,1334,820.0
RegionE,1335,820.0
RegionE,1336,820.0
RegionE,1337,820.0
RegionE,1338,820.0
RegionE,1339,820.0
RegionE,1340,820.0
RegionE,1341,820.0
RegionE,1342,820.0
RegionE,1343,820.0
RegionE,1344,820.0
RegionE,1345,820.0
RegionE,1346,820.0
RegionE,1347,820.0
RegionE,1348,820.0
RegionE,1349,820.0
RegionE,1350,820.0
RegionE,1351,820.0
RegionE,1352,820.0
RegionE,1353,820.0
RegionE,1354,820.0
RegionE,1355,820.0
RegionE,1356,820.0
RegionE,1357,820.0
RegionE,1358,820.0
RegionE,1359,820.0
RegionE,1360,820.0
RegionE,1361,820.0
RegionE,1362,820.0
RegionE,1363,820.0
RegionE,1364,820.0
RegionE,1365,820.0
RegionE,1366,820.0
RegionE,1367,820.0
RegionE,1368,820.0
RegionE,1369,820.0
RegionE,1370,820.0
RegionE,1371,820.0
RegionE,1372,820.0
RegionE,1373,820.0
RegionE,1374,820.0
RegionE,1375,820.0
RegionE,1376,820.0
RegionE,1377,820.0
RegionE,1378,820.0
RegionE,1379,820.0
RegionE,1380,820.0
RegionE,1381,820.0
RegionE,1382,820.0
RegionE,1383,820.0
RegionE,1384,820.0
RegionE,1385,820.0
RegionE,1386,820.0
RegionE,1387,820.0
RegionE,1388,820.0
RegionE,1389,820.0
RegionE,1390,820.0
RegionE,1391,820.0
RegionE,1392,820.0
RegionE,1393,820.0
RegionE,1394,820.0
RegionE,1395,820.0
RegionE,1396,820.0
RegionE,1397,820.0
RegionE,1398,820.0
RegionE,1399,820.0
RegionE,1400,820.0
RegionE,1401,820.0
RegionE,1402,820.0
RegionE,1403,820.0
RegionE,1404,820.0
RegionE,1405,820.0
RegionE,1406,820.0
RegionE,1407,820.0
RegionE,1408,820.0
RegionE,1409,820.0
RegionE,1410,820.0
RegionE,1411,820.0
RegionE,1412,820.0
RegionE,1413,820.0
RegionE,1414,820.0
RegionE,1415,820.0
RegionE,1416,820.0
RegionE,1417,820.0
RegionE,1418,820.0
RegionE,1419,820.0
RegionE,1420,820.0
RegionE,1421,820.0
RegionE,1422,820.0
RegionE,1423,820.0
RegionE,1424,820.0
RegionE,1425,820.0
RegionE,1426,820.0
RegionE,1427,820.0
RegionE,1428,820.0
RegionE,1429,820.0
RegionE,1430,820.0
RegionE,1431,820.0
RegionE,1432,820.0
RegionE,1433,820.0
RegionE,1434,820.0
RegionE,1435,820.0
RegionE,1436,820.0
RegionE,1437,820.0
RegionE,1438,820.0
RegionE,1439,820.0
RegionE,1440,820.0
RegionE,1441,820.0
RegionE,1442,820.0
RegionE,1443,820.0
RegionE,1444,820.0
RegionE,1445,820.0
RegionE,1446,820.0
RegionE,1447,820.0
RegionE,1448,820.0
RegionE,1449,820.0
RegionE,1450,820.0
RegionE,1451,820.0
RegionE,1452,820.0
RegionE,1453,820.0
RegionE,1454,820.0
RegionE,1455,820.0
RegionE,1456,820.0
RegionE,1457,820.0
RegionE,1458,820.0
RegionE,1459,820.0
RegionE,1460,820.0
RegionE,1461,820.0
RegionE,1462,820.0
RegionE,1463,820.0
RegionE,1464,820.0
RegionE,1465,820.0
RegionE,1466,820.0
RegionE,1467,820.0
RegionE,1468,820.0
RegionE,1469,820.0
RegionE,1470,820.0
RegionE,1471,820.0
RegionE,1472,820.0
RegionE,1473,820.0
RegionE,1474,820.0
RegionE,1475,820.0
RegionE,1476,820.0
RegionE,1477,820.0
RegionE,1478,820.0
RegionE,1479,820.0
RegionE,1480,820.0
RegionE,1481,820.0
RegionE,1482,820.0
RegionE,1483,820.0
RegionE,1484,820.0
RegionE,1485,820.0
RegionE,1486,820.0
RegionE,1487,820.0
RegionE,1488,820.0
RegionE,1489,820.0
RegionE,1490,820.0
RegionE,1491,820.0
RegionE,1492,820.0
RegionE,1493,820.0
RegionE,1494,820.0
RegionE,1495,820.0
RegionE,1496,820.0
RegionE,1497,820.0
RegionE,1498,820.0
RegionE,1499,820.0
RegionE,1500,820.0
RegionE,1501,820.0
RegionE,1502,820.0
RegionE,1503,820.0
RegionE,1504,820.0
RegionE,1505,820.0
RegionE,1506,820.0
RegionE,1507,820.0
RegionE,1508,820.0
RegionE,1509,820.0
RegionE,1510,820.0
RegionE,1511,820.0
RegionE,1512,820.0
RegionE,1513,820.0
RegionE,1514,820.0
RegionE,1515,820.0
RegionE,1516,820.0
RegionE,1517,820.0
RegionE,1518,820.0
RegionE,1519,820.0
RegionE,1520,820.0
RegionE,1521,820.0
RegionE,1522,820.0
RegionE,1523,820.0
RegionE,1524,820.0
RegionE,1525,820.0
RegionE,1526,820.0
RegionE,1527,820.0
RegionE,1528,820.0
RegionE,1529,820.0
RegionE,1530,820.0
RegionE,1531,820.0
RegionE,1532,820.0
RegionE,1533,820.0
RegionE,1534,820.0
RegionE,1535,820.0
RegionE,1536,820.0
RegionE,1537,820.0
RegionE,1538,820.0
RegionE,1539,820.0
RegionE,1540,820.0
RegionE,1541,820.0
RegionE,1542,820.0
RegionE,1543,820.0
RegionE,1544,820.0
RegionE,1545,820.0
RegionE,1546,820.0
RegionE,1547,820.0
RegionE,1548,820.0
RegionE,1549,820.0
RegionE,1550,820.0
RegionE,1551,820.0
RegionE,1552,820.0
RegionE,1553,820.0
RegionE,1554,820.0
RegionE,1555,820.0
RegionE,1556,820.0
RegionE,1557,820.0
RegionE,1558,820.0
RegionE,1559,820.0
RegionE,1560,820.0
RegionE,1561,820.0
RegionE,1562,820.0
RegionE,1563,820.0
RegionE,1564,820.0
RegionE,1565,820.0
RegionE,1566,820.0
RegionE,1567,820.0
RegionE,1568,820.0
RegionE,1569,820.0
RegionE,1570,820.0
RegionE,1571,820.0
RegionE,1572,820.0
RegionE,1573,820.0
RegionE,1574,820.0
RegionE,1575,820.0
RegionE,1576,820.0
RegionE,1577,820.0
RegionE,1578,820.0
RegionE,1579,820.0
RegionE,1580,820.0
RegionE,1581,820.0
RegionE,1582,820.0
RegionE,1583,820.0
RegionE,1584,820.0
RegionE,1585,820.0
RegionE,1586,820.0
RegionE,1587,820.0
RegionE,1588,820.0
RegionE,1589,820.0
RegionE,1590,820.0
RegionE,1591,820.0
RegionE,1592,820.0
RegionE,1593,820.0
RegionE,1594,820.0
RegionE,1595,820.0
RegionE,1596,820.0
RegionE,1597,820.0
RegionE,1598,820.0
RegionE,1599,820.0
RegionE,1600,820.0
RegionE,1601,820.0
RegionE,1602,820.0
RegionE,1603,820.0
RegionE,1604,820.0
RegionE,1605,820.0
RegionE,1606,820.0
RegionE,1607,820.0
RegionE,1608,820.0
RegionE,1609,820.0
RegionE,1610,820.0
RegionE,1611,820.0
RegionE,1612,820.0
RegionE,1613,820.0
RegionE,1614,820.0
RegionE,1615,820.0
RegionE,1616,820.0
RegionE,1617,820.0
RegionE,1618,820.0
RegionE,1619,820.0
RegionE,1620,820.0
RegionE,1621,820.0
RegionE,1622,820.0
RegionE,1623,820.0
RegionE,1624,820.0
RegionE,1625,820.0
RegionE,1626,820.0
RegionE,1627,820.0
RegionE,1628,820.0
RegionE,1629,820.0
RegionE,1630,820.0
RegionE,1631,820.0
RegionE,1632,820.0
RegionE,1633,820.0
RegionE,1634,820.0
RegionE,1635,820.0
RegionE,1636,820.0
RegionE,1637,820.0
RegionE,1638,820.0
RegionE,1639,820.0
RegionE,1640,820.0
RegionE,1641,820.0
RegionE,1642,820.0
RegionE,1643,820.0
RegionE,1644,820.0
RegionE,1645,820.0
RegionE,1646,820.0
RegionE,1647,820.0
RegionE,1648,820.0
RegionE,1649,820.0
RegionE,1650,820.0
RegionE,1651,820.0
RegionE,1652,820.0
RegionE,1653,820.0
RegionE,1654,820.0
RegionE,1655,820.0
RegionE,1656,820.0
RegionE,1657,820.0
RegionE,1658,820.0
RegionE,1659,820.0
RegionE,1660,820.0
RegionE,1661,820.0
RegionE,1662,820.0
RegionE,1663,820.0
RegionE,1664,820.0
RegionE,1665,820.0
RegionE,1666,820.0
RegionE,1667,820.0
RegionE,1668,820.0
RegionE,1669,820.0
RegionE,1670,820.0
RegionE,1671,820.0
RegionE,1672,820.0
RegionE,1673,820.0
RegionE,1674,820.0
RegionE,1675,820.0
RegionE,1676,820.0
RegionE,1677,820.0
RegionE,1678,820.0
RegionE,1679,820.0
RegionE,1680,820.0
RegionE,1681,820.0
RegionE,1682,820.0
RegionE,1683,820.0
RegionE,1684,820.0
RegionE,1685,820.0
RegionE,1686,820.0
RegionE,1687,820.0
RegionE,1688,820.0
RegionE,1689,820.0
RegionE,1690,820.0
RegionE,1691,820.0
RegionE,1692,820.0
RegionE,1693,820.0
RegionE,1694,820.0
RegionE,1695,820.0
RegionE,1696,820.0
RegionE,1697,820.0
RegionE,1698,820.0
RegionE,1699,820.0
RegionE,1700,820.0
RegionE,1701,820.0
RegionE,1702,820.0
RegionE,1703,820.0
RegionE,1704,820.0
RegionE,1705,820.0
RegionE,1706,820.0
RegionE,1707,820.0
RegionE,1708,820.0
RegionE,1709,820.0
RegionE,1710,820.0
RegionE,1711,820.0
RegionE,1712,820.0
RegionE,1713,820.0
RegionE,1714,820.0
RegionE,1715,820.0
RegionE,1716,820.0
RegionE,1717,820.0
RegionE,1718,820.0
RegionE,1719,820.0
RegionE,1720,820.0
RegionE,1721,820.0
RegionE,1722,820.0
RegionE,1723,820.0
RegionE,1724,820.0
RegionE,1725,820.0
RegionE,1726,820.0
RegionE,1727,820.0
RegionE,1728,820.0
RegionE,1729,820.0
RegionE,1730,820.0
RegionE,1731,820.0
RegionE,1732,820.0
RegionE,1733,820.0
RegionE,1734,820.0
RegionE,1735,820.0
RegionE,1736,820.0
RegionE,1737,820.0
RegionE,1738,820.0
RegionE,1739,820.0
RegionE,1740,820.0
RegionE,1741,820.0
RegionE,1742,820.0
RegionE,1743,820.0
RegionE,1744,820.0
RegionE,1745,820.0
RegionE,1746,820.0
RegionE,1747,820.0
RegionE,1748,820.0
RegionE,1749,820.0
RegionE,1750,820.0
RegionE,1751,820.0
RegionE,1752,820.0
RegionE,1753,820.0
RegionE,1754,820.0
RegionE,1755,820.0
RegionE,1756,820.0
RegionE,1757,820.0
RegionE,1758,820.0
RegionE,1759,820.0
RegionE,1760,820.0
RegionE,1761,820.0
RegionE,1762,820.0
RegionE,1763,820.0
RegionE,1764,820.0
RegionE,1765,820.0
RegionE,1766,820.0
RegionE,1767,820.0
RegionE,1768,820.0
RegionE,1769,820.0
RegionE,1770,820.0
RegionE,1771,820.0
RegionE,1772,820.0
RegionE,1773,820.0
RegionE,1774,820.0
RegionE,1775,820.0
RegionE,1776,820.0
RegionE,1777,820.0
RegionE,1778,820.0
RegionE,1779,820.0
RegionE,1780,820.0
RegionE,1781,820.0
RegionE,1782,820.0
RegionE,1783,820.0
RegionE,1784,820.0
RegionE,1785,820.0
RegionE,1786,820.0
RegionE,1787,820.0
RegionE,1788,820.0
RegionE,1789,820.0
RegionE,1790,820.0
RegionE,1791,820.0
RegionE,1792,820.0
RegionE,1793,820.0
RegionE,1794,820.0
RegionE,1795,820.0
RegionE,1796,820.0
RegionE,1797,820.0
RegionE,1798,820.0
RegionE,1799,820.0
RegionE,1800,820.0
RegionE,1801,820.0
RegionE,1802,820.0
RegionE,1803,820.0
RegionE,1804,820.0
RegionE,1805,820.0
RegionE,1806,820.0
RegionE,1807,820.0
RegionE,1808,820.0
RegionE,1809,820.0
RegionE,1810,820.0
RegionE,1811,820.0
RegionE,1812,820.0
RegionE,1813,820.0
RegionE,1814,820.0
RegionE,1815,820.0
RegionE,1816,820.0
RegionE,1817,820.0
RegionE,1818,820.0
RegionE,1819,820.0
RegionE,1820,820.0
RegionE,1821,820.0
RegionE,1822,820.0
RegionE,1823,820.0
RegionE,1824,820.0
RegionE,1825,820.0
RegionE,1826,820.0
RegionE,1827,820.0
RegionE,1828,820.0
RegionE,1829,820.0
RegionE,1830,820.0
RegionE,1831,820.0
RegionE,1832,820.0
RegionE,1833,820.0
RegionE,1834,820.0
RegionE,1835,820.0
RegionE,1836,820.0
RegionE,1837,820.0
RegionE,1838,820.0
RegionE,1839,820.0
RegionE,1840,820.0
RegionE,1841,820.0
RegionE,1842,820.0
RegionE,1843,820.0
RegionE,1844,820.0
RegionE,1845,820.0
RegionE,1846,820.0
RegionE,1847,820.0
RegionE,1848,820.0
RegionE,1849,820.0
RegionE,1850,820.0
RegionE,1851,820.0
RegionE,1852,820.0
RegionE,1853,820.0
RegionE,1854,820.0
RegionE,1855,820.0
RegionE,1856,820.0
RegionE,1857,820.0
RegionE,1858,820.0
RegionE,1859,820.0
RegionE,1860,820.0
RegionE,1861,820.0
RegionE,1862,820.0
RegionE,1863,820.0
RegionE,1864,820.0
RegionE,1865,820.0
RegionE,1866,820.0
RegionE,1867,820.0
RegionE,1868,820.0
RegionE,1869,820.0
RegionE,1870,820.0
RegionE,1871,820.0
RegionE,1872,820.0
RegionE,1873,820.0
RegionE,1874,820.0
RegionE,1875,820.0
RegionE,1876,820.0
RegionE,1877,820.0
RegionE,1878,820.0
RegionE,1879,820.0
RegionE,1880,820.0
RegionE,1881,820.0
RegionE,1882,820.0
RegionE,1883,820.0
RegionE,1884,820.0
RegionE,1885,820.0
RegionE,1886,820.0
RegionE,1887,820.0
RegionE,1888,820.0
RegionE,1889,820.0
RegionE,1890,820.0
RegionE,1891,820.0
RegionE,1892,820.0
RegionE,1893,820.0
RegionE,1894,820.0
RegionE,1895,820.0
RegionE,1896,820.0
RegionE,1897,820.0
RegionE,1898,820.0
RegionE,1899,820.0
RegionE,1900,820.0
RegionE,1901,820.0
RegionE,1902,820.0
RegionE,1903,820.0
RegionE,1904,820.0
RegionE,1905,820.0
RegionE,1906,820.0
RegionE,1907,820.0
RegionE,1908,820.0
RegionE,1909,820.0
RegionE,1910,820.0
RegionE,1911,820.0
RegionE,1912,820.0
RegionE,1913,820.0
RegionE,1914,820.0
RegionE,1915,820.0
RegionE,1916,820.0
RegionE,1917,820.0
RegionE,1918,820.0
RegionE,1919,820.0
RegionE,1920,820.0
RegionE,1921,820.0
RegionE,1922,820.0
RegionE,1923,820.0
RegionE,1924,820.0
RegionE,1925,820.0
RegionE,1926,820.0
RegionE,1927,820.0
RegionE,1928,820.0
RegionE,1929,820.0
RegionE,1930,820.0
RegionE,1931,820.0
RegionE,1932,820.0
RegionE,1933,820.0
RegionE,1934,820.0
RegionE,1935,820.0
RegionE,1936,820.0
RegionE,1937,820.0
RegionE,1938,820.0
RegionE,1939,820.0
RegionE,1940,820.0
RegionE,1941,820.0
RegionE,1942,820.0
RegionE,1943,820.0
RegionE,1944,820.0
RegionE,1945,820.0
RegionE,1946,820.0
RegionE,1947,820.0
RegionE,1948,820.0
RegionE,1949,820.0
RegionE,1950,820.0
RegionE,1951,820.0
RegionE,1952,820.0
RegionE,1953,820.0
RegionE,1954,820.0
RegionE,1955,820.0
RegionE,1956,820.0
RegionE,1957,820.0
RegionE,1958,820.0
RegionE,1959,820.0
RegionE,1960,820.0
RegionE,1961,820.0
RegionE,1962,820.0
RegionE,1963,820.0
RegionE,1964,820.0
RegionE,1965,820.0
RegionE,1966,820.0
RegionE,1967,820.0
RegionE,1968,820.0
RegionE,1969,820.0
RegionE,1970,820.0
RegionE,1971,820.0
RegionE,1972,820.0
RegionE,1973,820.0
RegionE,1974,820.0
RegionE,1975,820.0
RegionE,1976,820.0
RegionE,1977,820.0
RegionE,1978,820.0
RegionE,1979,820.0
RegionE,1980,820.0
RegionE,1981,820.0
RegionE,1982,820.0
RegionE,1983,820.0
RegionE,1984,820.0
RegionE,1985,820.0
RegionE,1986,820.0
RegionE,1987,820.0
RegionE,1988,820.0
RegionE,1989,820.0
RegionE,1990,820.0
RegionE,1991,820.0
RegionE,1992,820.0
RegionE,1993,820.0
RegionE,1994,820.0
RegionE,1995,820.0
RegionE,1996,820.0
RegionE,1997,820.0
RegionE,1998,820.0
RegionE,1999,820.0
RegionE,2000,820.0
RegionE,2001,820.0
RegionE,2002,820.0
RegionE,2003,820.0
RegionE,2004,820.0
RegionE,2005,820.0
RegionE,2006,820.0
RegionE,2007,820.0
RegionE,2008,820.0
RegionE,2009,820.0
RegionE,2010,820.0
RegionE,2011,820.0
RegionE,2012,820.0
RegionE,2013,820.0
RegionE,2014,820.0
RegionE,2015,820.0
RegionE,2016,820.0
RegionE,2017,820.0
RegionE,2018,820.0
RegionE,2019,820.0
RegionE,2020,820.0
RegionE,2021,820.0
RegionE,2022,820.0
RegionE,2023,820.0
RegionE,2024,820.0
RegionE,2025,820.0
RegionE,2026,820.0
RegionE,2027,820.0
RegionE,2028,820.0
RegionE,2029,820.0
RegionE,2030,820.0
RegionE,2031,820.0
RegionE,2032,820.0
RegionE,2033,820.0
RegionE,2034,820.0
RegionE,2035,820.0
RegionE,2036,820.0
RegionE,2037,820.0
RegionE,2038,820.0
RegionE,2039,820.0
RegionE,2040,820.0
RegionE,2041,820.0
RegionE,2042,820.0
RegionE,2043,820.0
RegionE,2044,820.0
RegionE,2045,820.0
RegionE,2046,820.0
RegionE,2047,820.0
RegionE,2048,820.0
RegionE,2049,820.0
RegionE,2050,820.0
RegionE,2051,820.0
RegionE,2052,820.0
RegionE,2053,820.0
RegionE,2054,820.0
RegionE,2055,820.0
RegionE,2056,820.0
RegionE,2057,820.0
RegionE,2058,820.0
RegionE,2059,820.0
RegionE,2060,820.0
RegionE,2061,820.0
RegionE,2062,820.0
RegionE,2063,820.0
RegionE,2064,820.0
RegionE,2065,820.0
RegionE,2066,820.0
RegionE,2067,820.0
RegionE,2068,820.0
RegionE,2069,820.0
RegionE,2070,820.0
RegionE,2071,820.0
RegionE,2072,820.0
RegionE,2073,820.0
RegionE,2074,820.0
RegionE,2075,820.0
RegionE,2076,820.0
RegionE,2077,820.0
RegionE,2078,820.0
RegionE,2079,820.0
RegionE,2080,820.0
RegionE,2081,820.0
RegionE,2082,820.0
RegionE,2083,820.0
RegionE,2084,820.0
RegionE,2085,820.0
RegionE,2086,820.0
RegionE,2087,820.0
RegionE,2088,820.0
RegionE,2089,820.0
RegionE,2090,820.0
RegionE,2091,820.0
RegionE,2092,820.0
RegionE,2093,820.0
RegionE,2094,820.0
RegionE,2095,820.0
RegionE,2096,820.0
RegionE,2097,820.0
RegionE,2098,820.0
RegionE,2099,820.0
RegionE,2100,820.0
RegionE,2101,820.0
RegionE,2102,820.0
RegionE,2103,820.0
RegionE,2104,820.0
RegionE,2105,820.0
RegionE,2106,820.0
RegionE,2107,820.0
RegionE,2108,820.0
RegionE,2109,820.0
RegionE,2110,820.0
RegionE,2111,820.0
RegionE,2112,820.0
RegionE,2113,820.0
RegionE,2114,820.0
RegionE,2115,820.0
RegionE,2116,820.0
RegionE,2117,820.0
RegionE,2118,820.0
RegionE,2119,820.0
RegionE,2120,820.0
RegionE,2121,820.0
RegionE,2122,820.0
RegionE,2123,820.0
RegionE,2124,820.0
RegionE,2125,820.0
RegionE,2126,820.0
RegionE,2127,820.0
RegionE,2128,820.0
RegionE,2129,820.0
RegionE,2130,820.0
RegionE,2131,820.0
RegionE,2132,820.0
RegionE,2133,820.0
RegionE,2134,820.0
RegionE,2135,820.0
RegionE,2136,820.0
RegionE,2137,820.0
RegionE,2138,820.0
RegionE,2139,820.0
RegionE,2140,820.0
RegionE,2141,820.0
RegionE,2142,820.0
RegionE,2143,820.0
RegionE,2144,820.0
RegionE,2145,820.0
RegionE,2146,820.0
RegionE,2147,820.0
RegionE,2148,820.0
RegionE,2149,820.0
RegionE,2150,820.0
RegionE,2151,820.0
RegionE,2152,820.0
RegionE,2153,820.0
RegionE,2154,820.0
RegionE,2155,820.0
RegionE,2156,820.0
RegionE,2157,820.0
RegionE,2158,820.0
RegionE,2159,820.0
RegionE,2160,820.0
RegionE,2161,820.0
RegionE,2162,820.0
RegionE,2163,820.0
RegionE,2164,820.0
RegionE,2165,820.0
RegionE,2166,820.0
RegionE,2167,820.0
RegionE,2168,820.0
RegionE,2169,820.0
RegionE,2170,820.0
RegionE,2171,820.0
RegionE,2172,820.0
RegionE,2173,820.0
RegionE,2174,820.0
RegionE,2175,820.0
RegionE,2176,820.0
RegionE,2177,820.0
RegionE,2178,820.0
RegionE,2179,820.0
RegionE,2180,820.0
RegionE,2181,820.0
RegionE,2182,820.0
RegionE,2183,820.0
RegionE,2184,820.0
RegionE,2185,820.0
RegionE,2186,820.0
RegionE,2187,820.0
RegionE,2188,820.0
RegionE,2189,820.0
RegionE,2190,820.0
RegionE,2191,820.0
RegionE,2192,820.0
RegionE,2193,820.0
RegionE,2194,820.0
RegionE,2195,820.0
RegionE,2196,820.0
RegionE,2197,820.0
RegionE,2198,820.0
RegionE,2199,820.0
RegionE,2200,820.0
RegionE,2201,820.0
RegionE,2202,820.0
RegionE,2203,820.0
RegionE,2204,820.0
RegionE,2205,820.0
RegionE,2206,820.0
RegionE,2207,820.0
RegionE,2208,820.0
RegionE,2209,820.0
RegionE,2210,820.0
RegionE,2211,820.0
RegionE,2212,820.0
RegionE,2213,820.0
RegionE,2214,820.0
RegionE,2215,820.0
RegionE,2216,820.0
RegionE,2217,820.0
RegionE,2218,820.0
RegionE,2219,820.0
RegionE,2220,820.0
RegionE,2221,820.0
RegionE,2222,820.0
RegionE,2223,820.0
RegionE,2224,820.0
RegionE,2225,820.0
RegionE,2226,820.0
RegionE,2227,820.0
RegionE,2228,820.0
RegionE,2229,820.0
RegionE,2230,820.0
RegionE,2231,820.0
RegionE,2232,820.0
RegionE,2233,820.0
RegionE,2234,820.0
RegionE,2235,820.0
RegionE,2236,820.0
RegionE,2237,820.0
RegionE,2238,820.0
RegionE,2239,820.0
RegionE,2240,820.0
RegionE,2241,820.0
RegionE,2242,820.0
RegionE,2243,820.0
RegionE,2244,820.0
RegionE,2245,820.0
RegionE,2246,820.0
RegionE,2247,820.0
RegionE,2248,820.0
RegionE,2249,820.0
RegionE,2250,820.0
RegionE,2251,820.0
RegionE,2252,820.0
RegionE,2253,820.0
RegionE,2254,820.0
RegionE,2255,820.0
RegionE,2256,820.0
RegionE,2257,820.0
RegionE,2258,820.0
RegionE,2259,820.0
RegionE,2260,820.0
RegionE,2261,820.0
RegionE,2262,820.0
RegionE,2263,820.0
RegionE,2264,820.0
RegionE,2265,820.0
RegionE,2266,820.0
RegionE,2267,820.0
RegionE,2268,820.0
RegionE,2269,820.0
RegionE,2270,820.0
RegionE,2271,820.0
RegionE,2272,820.0
RegionE,2273,820.0
RegionE,2274,820.0
RegionE,2275,820.0
RegionE,2276,820.0
RegionE,2277,820.0
RegionE,2278,820.0
RegionE,2279,820.0
RegionE,2280,820.0
RegionE,2281,820.0
RegionE,2282,820.0
RegionE,2283,820.0
RegionE,2284,820.0
RegionE,2285,820.0
RegionE,2286,820.0
RegionE,2287,820.0
RegionE,2288,820.0
RegionE,2289,820.0
RegionE,2290,820.0
RegionE,2291,820.0
RegionE,2292,820.0
RegionE,2293,820.0
RegionE,2294,820.0
RegionE,2295,820.0
RegionE,2296,820.0
RegionE,2297,820.0
RegionE,2298,820.0
RegionE,2299,820.0
RegionE,2300,820.0
RegionE,2301,820.0
RegionE,2302,820.0
RegionE,2303,820.0
RegionE,2304,820.0
RegionE,2305,820.0
RegionE,2306,820.0
RegionE,2307,820.0
RegionE,2308,820.0
RegionE,2309,820.0
RegionE,2310,820.0
RegionE,2311,820.0
RegionE,2312,820.0
RegionE,2313,820.0
RegionE,2314,820.0
RegionE,2315,820.0
RegionE,2316,820.0
RegionE,2317,820.0
RegionE,2318,820.0
RegionE,2319,820.0
RegionE,2320,820.0
RegionE,2321,820.0
RegionE,2322,820.0
RegionE,2323,820.0
RegionE,2324,820.0
RegionE,2325,820.0
RegionE,2326,820.0
RegionE,2327,820.0
RegionE,2328,820.0
RegionE,2329,820.0
RegionE,2330,820.0
RegionE,2331,820.0
RegionE,2332,820.0
RegionE,2333,820.0
RegionE,2334,820.0
RegionE,2335,820.0
RegionE,2336,820.0
RegionE,2337,820.0
RegionE,2338,820.0
RegionE,2339,820.0
RegionE,2340,820.0
RegionE,2341,820.0
RegionE,2342,820.0
RegionE,2343,820.0
RegionE,2344,820.0
RegionE,2345,820.0
RegionE,2346,820.0
RegionE,2347,820.0
RegionE,2348,820.0
RegionE,2349,820.0
RegionE,2350,820.0
RegionE,2351,820.0
RegionE,2352,820.0
RegionE,2353,820.0
RegionE,2354,820.0
RegionE,2355,820.0
RegionE,2356,820.0
RegionE,2357,820.0
RegionE,2358,820.0
RegionE,2359,820.0
RegionE,2360,820.0
RegionE,2361,820.0
RegionE,2362,820.0
RegionE,2363,820.0
RegionE,2364,820.0
RegionE,2365,820.0
RegionE,2366,820.0
RegionE,2367,820.0
RegionE,2368,820.0
RegionE,2369,820.0
RegionE,2370,820.0
RegionE,2371,820.0
RegionE,2372,820.0
RegionE,2373,820.0
RegionE,2374,820.0
RegionE,2375,820.0
RegionE,2376,820.0
RegionE,2377,820.0
RegionE,2378,820.0
RegionE,2379,820.0
RegionE,2380,820.0
RegionE,2381,820.0
RegionE,2382,820.0
RegionE,2383,820.0
RegionE,2384,820.0
RegionE,2385,820.0
RegionE,2386,820.0
RegionE,2387,820.0
RegionE,2388,820.0
RegionE,2389,820.0
RegionE,2390,820.0
RegionE,2391,820.0
RegionE,2392,820.0
RegionE,2393,820.0
RegionE,2394,820.0
RegionE,2395,820.0
RegionE,2396,820.0
RegionE,2397,820.0
RegionE,2398,820.0
RegionE,2399,820.0
RegionE,2400,820.0
RegionE,2401,820.0
RegionE,2402,820.0
RegionE,2403,820.0
RegionE,2404,820.0
RegionE,2405,820.0
RegionE,2406,820.0
RegionF,0,440.251814
RegionF,1,557.79308
RegionF,2,690.568738
RegionF,3,850.0
RegionF,4,850.0
RegionF,5,850.0
RegionF,6,850.0
RegionF,7,850.0
RegionF,8,850.0
RegionF,9,850.0
RegionF,10,850.0
RegionF,11,850.0
RegionF,12,850.0
RegionF,13,850.0
RegionF,14,850.0
RegionF,15,850.0
RegionF,16,850.0
RegionF,17,850.0
RegionF,18,850.0
RegionF,19,850.0
RegionF,20,850.0
RegionF,21,850.0
RegionF,22,850.0
RegionF,23,850.0
RegionF,24,850.0
RegionF,25,850.0
RegionF,26,850.0
RegionF,27,850.0
RegionF,28,850.0
RegionF,29,850.0
RegionF,30,850.0
RegionF,31,850.0
RegionF,32,850.0
RegionF,33,850.0
RegionF,34,850.0
RegionF,35,850.0
RegionF,36,850.0
RegionF,37,850.0
RegionF,38,850.0
RegionF,39,850.0
RegionF,40,850.0
RegionF,41,850.0
RegionF,42,850.0
RegionF,43,850.0
RegionF,44,850.0
RegionF,45,850.0
RegionF,46,850.0
RegionF,47,850.0
RegionF,48,850.0
RegionF,49,850.0
RegionF,50,850.0
RegionF,51,850.0
RegionF,52,850.0
RegionF,53,850.0
RegionF,54,850.0
RegionF,55,850.0
RegionF,56,850.0
RegionF,57,850.0
RegionF,58,850.0
RegionF,59,850.0
RegionF,60,850.0
RegionF,61,850.0
RegionF,62,850.0
RegionF,63,850.0
RegionF,64,850.0
RegionF,65,850.0
RegionF,66,850.0
RegionF,67,850.0
RegionF,68,850.0
RegionF,69,850.0
RegionF,70,850.0
RegionF,71,850.0
RegionF,72,850.0
RegionF,73,850.0
RegionF,74,850.0
RegionF,75,850.0
RegionF,76,850.0
RegionF,77,850.0
RegionF,78,850.0
RegionF,79,850.0
RegionF,80,850.0
RegionF,81,850.0
RegionF,82,850.0
RegionF,83,850.0
RegionF,84,850.0
RegionF,85,850.0
RegionF,86,850.0
RegionF,87,850.0
RegionF,88,850.0
RegionF,89,850.0
RegionF,90,850.0
RegionF,91,850.0
RegionF,92,850.0
RegionF,93,850.0
RegionF,94,850.0
RegionF,95,850.0
RegionF,96,850.0
RegionF,97,850.0
RegionF,98,850.0
RegionF,99,850.0
RegionF,100,850.0
RegionF,101,850.0
RegionF,102,850.0
RegionF,103,850.0
RegionF,104,850.0
RegionF,105,850.0
RegionF,106,850.0
RegionF,107,850.0
RegionF,108,850.0
RegionF,109,850.0
RegionF,110,850.0
RegionF,111,850.0
RegionF,112,850.0
RegionF,113,850.0
RegionF,114,850.0
RegionF,115,850.0
RegionF,116,850.0
RegionF,117,850.0
RegionF,118,850.0
RegionF,119,850.0
RegionF,120,850.0
RegionF,121,850.0
RegionF,122,850.0
RegionF,123,850.0
RegionF,124,850.0
RegionF,125,850.0
RegionF,126,850.0
RegionF,127,850.0
RegionF,128,850.0
RegionF,129,850.0
RegionF,130,850.0
RegionF,131,850.0
RegionF,132,850.0
RegionF,133,850.0
RegionF,134,850.0
RegionF,135,850.0
RegionF,136,850.0
RegionF,137,850.0
RegionF,138,850.0
RegionF,139,850.0
RegionF,140,850.0
RegionF,141,850.0
RegionF,142,850.0
RegionF,143,850.0
RegionF,144,850.0
RegionF,145,850.0
RegionF,146,850.0
RegionF,147,850.0
RegionF,148,850.0
RegionF,149,850.0
RegionF,150,850.0
RegionF,151,850.0
RegionF,152,850.0
RegionF,153,850.0
RegionF,154,850.0
RegionF,155,850.0
RegionF,156,850.0
RegionF,157,850.0
RegionF,158,850.0
RegionF,159,850.0
RegionF,160,850.0
RegionF,161,850.0
RegionF,162,850.0
RegionF,163,850.0
RegionF,164,850.0
RegionF,165,850.0
RegionF,166,850.0
RegionF,167,850.0
RegionF,168,850.0
RegionF,169,850.0
RegionF,170,850.0
RegionF,171,850.0
RegionF,172,850.0
RegionF,173,850.0
RegionF,174,850.0
RegionF,175,850.0
RegionF,176,850.0
RegionF,177,850.0
RegionF,178,850.0
RegionF,179,850.0
RegionF,180,850.0
RegionF,181,850.0
RegionF,182,850.0
RegionF,183,850.0
RegionF,184,850.0
RegionF,185,850.0
RegionF,186,850.0
RegionF,187,850.0
RegionF,188,850.0
RegionF,189,850.0
RegionF,190,850.0
RegionF,191,850.0
RegionF,192,850.0
RegionF,193,850.0
RegionF,194,850.0
RegionF,195,850.0
RegionF,196,850.0
RegionF,197,850.0
RegionF,198,850.0
RegionF,199,850.0
RegionF,200,850.0
RegionF,201,850.0
RegionF,202,850.0
RegionF,203,850.0
RegionF,204,850.0
RegionF,205,850.0
RegionF,206,850.0
RegionF,207,850.0
RegionF,208,850.0
RegionF,209,850.0
RegionF,210,850.0
RegionF,211,850.0
RegionF,212,850.0
RegionF,213,850.0
RegionF,214,850.0
RegionF,215,850.0
RegionF,216,850.0
RegionF,217,850.0
RegionF,218,850.0
RegionF,219,850.0
RegionF,220,850.0
RegionF,221,850.0
RegionF,222,850.0
RegionF,223,850.0
RegionF,224,850.0
RegionF,225,850.0
RegionF,226,850.0
RegionF,227,850.0
RegionF,228,850.0
RegionF,229,850.0
RegionF,230,850.0
RegionF,231,850.0
RegionF,232,850.0
RegionF,233,850.0
RegionF,234,850.0
RegionF,235,850.0
RegionF,236,850.0
RegionF,237,850.0
RegionF,238,850.0
RegionF,239,850.0
RegionF,240,850.0
RegionF,241,850.0
RegionF,242,850.0
RegionF,243,850.0
RegionF,244,850.0
RegionF,245,850.0
RegionF,246,850.0
RegionF,247,850.0
RegionF,248,850.0
RegionF,249,850.0
RegionF,250,850.0
RegionF,251,850.0
RegionF,252,850.0
RegionF,253,850.0
RegionF,254,850.0
RegionF,255,850.0
RegionF,256,850.0
RegionF,257,850.0
RegionF,258,850.0
RegionF,259,850.0
RegionF,260,850.0
RegionF,261,850.0
RegionF,262,850.0
RegionF,263,850.0
RegionF,264,850.0
RegionF,265,850.0
RegionF,266,850.0
RegionF,267,850.0
RegionF,268,850.0
RegionF,269,850.0
RegionF,270,850.0
RegionF,271,850.0
RegionF,272,850.0
RegionF,273,850.0
RegionF,274,850.0
RegionF,275,850.0
RegionF,276,850.0
RegionF,277,850.0
RegionF,278,850.0
RegionF,279,850.0
RegionF,280,850.0
RegionF,281,850.0
RegionF,282,850.0
RegionF,283,850.0
RegionF,284,850.0
RegionF,285,850.0
RegionF,286,850.0
RegionF,287,850.0
RegionF,288,850.0
RegionF,289,850.0
RegionF,290,850.0
RegionF,291,850.0
RegionF,292,850.0
RegionF,293,850.0
RegionF,294,850.0
RegionF,295,850.0
RegionF,296,850.0
RegionF,297,850.0
RegionF,298,850.0
RegionF,299,850.0
RegionF,300,850.0
RegionF,301,850.0
RegionF,302,850.0
RegionF,303,850.0
RegionF,304,850.0
RegionF,305,850.0
RegionF,306,850.0
RegionF,307,850.0
RegionF,308,850.0
RegionF,309,850.0
RegionF,310,850.0
RegionF,311,850.0
RegionF,312,850.0
RegionF,313,850.0
RegionF,314,850.0
RegionF,315,850.0
RegionF,316,850.0
RegionF,317,850.0
RegionF,318,850.0
RegionF,319,850.0
RegionF,320,850.0
RegionF,321,850.0
RegionF,322,850.0
RegionF,323,850.0
RegionF,324,850.0
RegionF,325,850.0
RegionF,326,850.0
RegionF,327,850.0
RegionF,328,850.0
RegionF,329,850.0
RegionF,330,850.0
RegionF,331,850.0
RegionF,332,850.0
RegionF,333,850.0
RegionF,334,850.0
RegionF,335,850.0
RegionF,336,850.0
RegionF,337,850.0
RegionF,338,850.0
RegionF,339,850.0
RegionF,340,850.0
RegionF,341,850.0
RegionF,342,850.0
RegionF,343,850.0
RegionF,344,850.0
RegionF,345,850.0
RegionF,346,850.0
RegionF,347,850.0
RegionF,348,850.0
RegionF,349,850.0
RegionF,350,850.0
RegionF,351,850.0
RegionF,352,850.0
RegionF,353,850.0
RegionF,354,850.0
RegionF,355,850.0
RegionF,356,850.0
RegionF,357,850.0
RegionF,358,850.0
RegionF,359,850.0
RegionF,360,850.0
RegionF,361,850.0
RegionF,362,850.0
RegionF,363,850.0
RegionF,364,850.0
RegionF,365,850.0
RegionF,366,850.0
RegionF,367,850.0
RegionF,368,850.0
RegionF,369,850.0
RegionF,370,850.0
RegionF,371,850.0
RegionF,372,850.0
RegionF,373,850.0
RegionF,374,850.0
RegionF,375,850.0
RegionF,376,850.0
RegionF,377,850.0
RegionF,378,850.0
RegionF,379,850.0
RegionF,380,850.0
RegionF,381,850.0
RegionF,382,850.0
RegionF,383,850.0
RegionF,384,850.0
RegionF,385,850.0
RegionF,386,850.0
RegionF,387,850.0
RegionF,388,850.0
RegionF,389,850.0
RegionF,390,850.0
RegionF,391,850.0
RegionF,392,850.0
RegionF,393,850.0
RegionF,394,850.0
RegionF,395,850.0
RegionF,396,850.0
RegionF,397,850.0
RegionF,398,850.0
RegionF,399,850.0
RegionF,400,850.0
RegionF,401,850.0
RegionF,402,850.0
RegionF,403,850.0
RegionF,404,850.0
RegionF,405,850.0
RegionF,406,850.0
RegionF,407,850.0
RegionF,408,850.0
RegionF,409,850.0
RegionF,410,850.0
RegionF,411,850.0
RegionF,412,850.0
RegionF,413,850.0
RegionF,414,850.0
RegionF,415,850.0
RegionF,416,850.0
RegionF,417,850.0
RegionF,418,850.0
RegionF,419,850.0
RegionF,420,850.0
RegionF,421,850.0
RegionF,422,850.0
RegionF,423,850.0
RegionF,424,850.0
RegionF,425,850.0
RegionF,426,850.0
RegionF,427,850.0
RegionF,428,850.0
RegionF,429,850.0
RegionF,430,850.0
RegionF,431,850.0
RegionF,432,850.0
RegionF,433,850.0
RegionF,434,850.0
RegionF,435,850.0
RegionF,436,850.0
RegionF,437,850.0
RegionF,438,850.0
RegionF,439,850.0
RegionF,440,850.0
RegionF,441,850.0
RegionF,442,850.0
RegionF,443,850.0
RegionF,444,850.0
RegionF,445,850.0
RegionF,446,850.0
RegionF,447,850.0
RegionF,448,850.0
RegionF,449,850.0
RegionF,450,850.0
RegionF,451,850.0
RegionF,452,850.0
RegionF,453,850.0
RegionF,454,850.0
RegionF,455,850.0
RegionF,456,850.0
RegionF,457,850.0
RegionF,458,850.0
RegionF,459,850.0
RegionF,460,850.0
RegionF,461,850.0
RegionF,462,850.0
RegionF,463,850.0
RegionF,464,850.0
RegionF,465,850.0
RegionF,466,850.0
RegionF,467,850.0
RegionF,468,850.0
RegionF,469,850.0
RegionF,470,850.0
RegionF,471,850.0
RegionF,472,850.0
RegionF,473,850.0
RegionF,474,850.0
RegionF,475,850.0
RegionF,476,850.0
RegionF,477,850.0
RegionF,478,850.0
RegionF,479,850.0
RegionF,480,850.0
RegionF,481,850.0
RegionF,482,850.0
RegionF,483,850.0
RegionF,484,850.0
RegionF,485,850.0
RegionF,486,850.0
RegionF,487,850.0
RegionF,488,850.0
RegionF,489,850.0
RegionF,490,850.0
RegionF,491,850.0
RegionF,492,850.0
RegionF,493,850.0
RegionF,494,850.0
RegionF,495,850.0
RegionF,496,850.0
RegionF,497,850.0
RegionF,498,850.0
RegionF,499,850.0
RegionF,500,850.0
RegionF,501,850.0
RegionF,502,850.0
RegionF,503,850.0
RegionF,504,850.0
RegionF,505,850.0
RegionF,506,850.0
RegionF,507,850.0
RegionF,508,850.0
RegionF,509,850.0
RegionF,510,850.0
RegionF,511,850.0
RegionF,512,850.0
RegionF,513,850.0
RegionF,514,850.0
RegionF,515,850.0
RegionF,516,850.0
RegionF,517,850.0
RegionF,518,850.0
RegionF,519,850.0
RegionF,520,850.0
RegionF,521,850.0
RegionF,522,850.0
RegionF,523,850.0
RegionF,524,850.0
RegionF,525,850.0
RegionF,526,850.0
RegionF,527,850.0
RegionF,528,850.0
RegionF,529,850.0
RegionF,530,850.0
RegionF,531,850.0
RegionF,532,850.0
RegionF,533,850.0
RegionF,534,850.0
RegionF,535,850.0
RegionF,536,850.0
RegionF,537,850.0
RegionF,538,850.0
RegionF,539,850.0
RegionF,540,850.0
RegionF,541,850.0
RegionF,542,850.0
RegionF,543,850.0
RegionF,544,850.0
RegionF,545,850.0
RegionF,546,850.0
RegionF,547,850.0
RegionF,548,850.0
RegionF,549,850.0
RegionF,550,850.0
RegionF,551,850.0
RegionF,552,850.0
RegionF,553,850.0
RegionF,554,850.0
RegionF,555,850.0
RegionF,556,850.0
RegionF,557,850.0
RegionF,558,850.0
RegionF,559,850.0
RegionF,560,850.0
RegionF,561,850.0
RegionF,562,850.0
RegionF,563,850.0
RegionF,564,850.0
RegionF,565,850.0
RegionF,566,850.0
RegionF,567,850.0
RegionF,568,850.0
RegionF,569,850.0
RegionF,570,850.0
RegionF,571,850.0
RegionF,572,850.0
RegionF,573,850.0
RegionF,574,850.0
RegionF,575,850.0
RegionF,576,850.0
RegionF,577,850.0
RegionF,578,850.0
RegionF,579,850.0
RegionF,580,850.0
RegionF,581,850.0
RegionF,582,850.0
RegionF,583,850.0
RegionF,584,850.0
RegionF,585,850.0
RegionF,586,850.0
RegionF,587,850.0
RegionF,588,850.0
RegionF,589,850.0
RegionF,590,850.0
RegionF,591,850.0
RegionF,592,850.0
RegionF,593,850.0
RegionF,594,850.0
RegionF,595,850.0
RegionF,596,850.0
RegionF,597,850.0
RegionF,598,850.0
RegionF,599,850.0
RegionF,600,850.0
RegionF,601,850.0
RegionF,602,850.0
RegionF,603,850.0
RegionF,604,850.0
RegionF,605,850.0
RegionF,606,850.0
RegionF,607,850.0
RegionF,608,850.0
RegionF,609,850.0
RegionF,610,850.0
RegionF,611,850.0
RegionF,612,850.0
RegionF,613,850.0
RegionF,614,850.0
RegionF,615,850.0
RegionF,616,850.0
RegionF,617,850.0
RegionF,618,850.0
RegionF,619,850.0
RegionF,620,850.0
RegionF,621,850.0
RegionF,622,850.0
RegionF,623,850.0
RegionF,624,850.0
RegionF,625,850.0
RegionF,626,850.0
RegionF,627,850.0
RegionF,628,850.0
RegionF,629,850.0
RegionF,630,850.0
RegionF,631,850.0
RegionF,632,850.0
RegionF,633,850.0
RegionF,634,850.0
RegionF,635,850.0
RegionF,636,850.0
RegionF,637,850.0
RegionF,638,850.0
RegionF,639,850.0
RegionF,640,850.0
RegionF,641,850.0
RegionF,642,850.0
RegionF,643,850.0
RegionF,644,850.0
RegionF,645,850.0
RegionF,646,850.0
RegionF,647,850.0
RegionF,648,850.0
RegionF,649,850.0
RegionF,650,850.0
RegionF,651,850.0
RegionF,652,850.0
RegionF,653,850.0
RegionF,654,850.0
RegionF,655,850.0
RegionF,656,850.0
RegionF,657,850.0
RegionF,658,850.0
RegionF,659,850.0
RegionF,660,850.0
RegionF,661,850.0
RegionF,662,850.0
RegionF,663,850.0
RegionF,664,850.0
RegionF,665,850.0
RegionF,666,850.0
RegionF,667,850.0
RegionF,668,850.0
RegionF,669,850.0
RegionF,670,850.0
RegionF,671,850.0
RegionF,672,850.0
RegionF,673,850.0
RegionF,674,850.0
RegionF,675,850.0
RegionF,676,850.0
RegionF,677,850.0
RegionF,678,850.0
RegionF,679,850.0
RegionF,680,850.0
RegionF,681,850.0
RegionF,682,850.0
RegionF,683,850.0
RegionF,684,850.0
RegionF,685,850.0
RegionF,686,850.0
RegionF,687,850.0
RegionF,688,850.0
RegionF,689,850.0
RegionF,690,850.0
RegionF,691,850.0
RegionF,692,850.0
RegionF,693,850.0
RegionF,694,850.0
RegionF,695,850.0
RegionF,696,850.0
RegionF,697,850.0
RegionF,698,850.0
RegionF,699,850.0
RegionF,700,850.0
RegionF,701,850.0
RegionF,702,850.0
RegionF,703,850.0
RegionF,704,850.0
RegionF,705,850.0
RegionF,706,850.0
RegionF,707,850.0
RegionF,708,850.0
RegionF,709,850.0
RegionF,710,850.0
RegionF,711,850.0
RegionF,712,850.0
RegionF,713,850.0
RegionF,714,850.0
RegionF,715,850.0
RegionF,716,850.0
RegionF,717,850.0
RegionF,718,850.0
RegionF,719,850.0
RegionF,720,850.0
RegionF,721,850.0
RegionF,722,850.0
RegionF,723,850.0
RegionF,724,850.0
RegionF,725,850.0
RegionF,726,850.0
RegionF,727,850.0
RegionF,728,850.0
RegionF,729,850.0
RegionF,730,850.0
RegionF,731,850.0
RegionF,732,850.0
RegionF,733,850.0
RegionF,734,850.0
RegionF,735,850.0
RegionF,736,850.0
RegionF,737,850.0
RegionF,738,850.0
RegionF,739,850.0
RegionF,740,850.0
RegionF,741,850.0
RegionF,742,850.0
RegionF,743,850.0
RegionF,744,850.0
RegionF,745,850.0
RegionF,746,850.0
RegionF,747,850.0
RegionF,748,850.0
RegionF,749,850.0
RegionF,750,850.0
RegionF,751,850.0
RegionF,752,850.0
RegionF,753,850.0
RegionF,754,850.0
RegionF,755,850.0
RegionF,756,850.0
RegionF,757,850.0
RegionF,758,850.0
RegionF,759,850.0
RegionF,760,850.0
RegionF,761,850.0
RegionF,762,850.0
RegionF,763,850.0
RegionF,764,850.0
RegionF,765,850.0
RegionF,766,850.0
RegionF,767,850.0
RegionF,768,850.0
RegionF,769,850.0
RegionF,770,850.0
RegionF,771,850.0
RegionF,772,850.0
RegionF,773,850.0
RegionF,774,850.0
RegionF,775,850.0
RegionF,776,850.0
RegionF,777,850.0
RegionF,778,850.0
RegionF,779,850.0
RegionF,780,850.0
RegionF,781,850.0
RegionF,782,850.0
RegionF,783,850.0
RegionF,784,850.0
RegionF,785,850.0
RegionF,786,850.0
RegionF,787,850.0
RegionF,788,850.0
RegionF,789,850.0
RegionF,790,850.0
RegionF,791,850.0
RegionF,792,850.0
RegionF,793,850.0
RegionF,794,850.0
RegionF,795,850.0
RegionF,796,850.0
RegionF,797,850.0
RegionF,798,850.0
RegionF,799,850.0
RegionF,800,850.0
RegionF,801,850.0
RegionF,802,850.0
RegionF,803,850.0
RegionF,804,850.0
RegionF,805,850.0
RegionF,806,850.0
RegionF,807,850.0
RegionF,808,850.0
RegionF,809,850.0
RegionF,810,850.0
RegionF,811,850.0
RegionF,812,850.0
RegionF,813,850.0
RegionF,814,850.0
RegionF,815,850.0
RegionF,816,850.0
RegionF,817,850.0
RegionF,818,850.0
RegionF,819,850.0
RegionF,820,850.0
RegionF,821,850.0
RegionF,822,850.0
RegionF,823,850.0
RegionF,824,850.0
RegionF,825,850.0
RegionF,826,850.0
RegionF,827,850.0
RegionF,828,850.0
RegionF,829,850.0
RegionF,830,850.0
RegionF,831,850.0
RegionF,832,850.0
RegionF,833,850.0
RegionF,834,850.0
RegionF,835,850.0
RegionF,836,850.0
RegionF,837,850.0
RegionF,838,850.0
RegionF,839,850.0
RegionF,840,850.0
RegionF,841,850.0
RegionF,842,850.0
RegionF,843,850.0
RegionF,844,850.0
RegionF,845,850.0
RegionF,846,850.0
RegionF,847,850.0
RegionF,848,850.0
RegionF,849,850.0
RegionF,850,850.0
RegionF,851,850.0
RegionF,852,850.0
RegionF,853,850.0
RegionF,854,850.0
RegionF,855,850.0
RegionF,856,850.0
RegionF,857,850.0
RegionF,858,850.0
RegionF,859,850.0
RegionF,860,850.0
RegionF,861,850.0
RegionF,862,850.0
RegionF,863,850.0
RegionF,864,850.0
RegionF,865,850.0
RegionF,866,850.0
RegionF,867,850.0
RegionF,868,850.0
RegionF,869,850.0
RegionF,870,850.0
RegionF,871,850.0
RegionF,872,850.0
RegionF,873,850.0
RegionF,874,850.0
RegionF,875,850.0
RegionF,876,850.0
RegionF,877,850.0
RegionF,878,850.0
RegionF,879,850.0
RegionF,880,850.0
RegionF,881,850.0
RegionF,882,850.0
RegionF,883,850.0
RegionF,884,850.0
RegionF,885,850.0
RegionF,886,850.0
RegionF,887,850.0
RegionF,888,850.0
RegionF,889,850.0
RegionF,890,850.0
RegionF,891,850.0
RegionF,892,850.0
RegionF,893,850.0
RegionF,894,850.0
RegionF,895,850.0
RegionF,896,850.0
RegionF,897,850.0
RegionF,898,850.0
RegionF,899,850.0
RegionF,900,850.0
RegionF,901,850.0
RegionF,902,850.0
RegionF,903,850.0
RegionF,904,850.0
RegionF,905,850.0
RegionF,906,850.0
RegionF,907,850.0
RegionF,908,850.0
RegionF,909,850.0
RegionF,910,850.0
RegionF,911,850.0
RegionF,912,850.0
RegionF,913,850.0
RegionF,914,850.0
RegionF,915,850.0
RegionF,916,850.0
RegionF,917,850.0
RegionF,918,850.0
RegionF,919,850.0
RegionF,920,850.0
RegionF,921,850.0
RegionF,922,850.0
RegionF,923,850.0
RegionF,924,850.0
RegionF,925,850.0
RegionF,926,850.0
RegionF,927,850.0
RegionF,928,850.0
RegionF,929,850.0
RegionF,930,850.0
RegionF,931,850.0
RegionF,932,850.0
RegionF,933,850.0
RegionF,934,850.0
RegionF,935,850.0
RegionF,936,850.0
RegionF,937,850.0
RegionF,938,850.0
RegionF,939,850.0
RegionF,940,850.0
RegionF,941,850.0
RegionF,942,850.0
RegionF,943,850.0
RegionF,944,850.0
RegionF,945,850.0
RegionF,946,850.0
RegionF,947,850.0
RegionF,948,850.0
RegionF,949,850.0
RegionF,950,850.0
RegionF,951,850.0
RegionF,952,850.0
RegionF,953,850.0
RegionF,954,850.0
RegionF,955,850.0
RegionF,956,850.0
RegionF,957,850.0
RegionF,958,850.0
RegionF,959,850.0
RegionF,960,850.0
RegionF,961,850.0
RegionF,962,850.0
RegionF,963,850.0
RegionF,964,850.0
RegionF,965,850.0
RegionF,966,850.0
RegionF,967,850.0
RegionF,968,850.0
RegionF,969,850.0
RegionF,970,850.0
RegionF,971,850.0
RegionF,972,850.0
RegionF,973,850.0
RegionF,974,850.0
RegionF,975,850.0
RegionF,976,850.0
RegionF,977,850.0
RegionF,978,850.0
RegionF,979,850.0
RegionF,980,850.0
RegionF,981,850.0
RegionF,982,850.0
RegionF,983,850.0
RegionF,984,850.0
RegionF,985,850.0
RegionF,986,850.0
RegionF,987,850.0
RegionF,988,850.0
RegionF,989,850.0
RegionF,990,850.0
RegionF,991,850.0
RegionF,992,850.0
RegionF,993,850.0
RegionF,994,850.0
RegionF,995,850.0
RegionF,996,850.0
RegionF,997,850.0
RegionF,998,850.0
RegionF,999,850.0
RegionF,1000,850.0
RegionF,1001,850.0
RegionF,1002,850.0
RegionF,1003,850.0
RegionF,1004,850.0
RegionF,1005,850.0
RegionF,1006,850.0
RegionF,1007,850.0
RegionF,1008,850.0
RegionF,1009,850.0
RegionF,1010,850.0
RegionF,1011,850.0
RegionF,1012,850.0
RegionF,1013,850.0
RegionF,1014,850.0
RegionF,1015,850.0
RegionF,1016,850.0
RegionF,1017,850.0
RegionF,1018,850.0
RegionF,1019,850.0
RegionF,1020,850.0
RegionF,1021,850.0
RegionF,1022,850.0
RegionF,1023,850.0
RegionF,1024,850.0
RegionF,1025,850.0
RegionF,1026,850.0
RegionF,1027,850.0
RegionF,1028,850.0
RegionF,1029,850.0
RegionF,1030,850.0
RegionF,1031,850.0
RegionF,1032,850.0
RegionF,1033,850.0
RegionF,1034,850.0
RegionF,1035,850.0
RegionF,1036,850.0
RegionF,1037,850.0
RegionF,1038,850.0
RegionF,1039,850.0
RegionF,1040,850.0
RegionF,1041,850.0
RegionF,1042,850.0
RegionF,1043,850.0
RegionF,1044,850.0
RegionF,1045,850.0
RegionF,1046,850.0
RegionF,1047,850.0
RegionF,1048,850.0
RegionF,1049,850.0
RegionF,1050,850.0
RegionF,1051,850.0
RegionF,1052,850.0
RegionF,1053,850.0
RegionF,1054,850.0
RegionF,1055,850.0
RegionF,1056,850.0
RegionF,1057,850.0
RegionF,1058,850.0
RegionF,1059,850.0
RegionF,1060,850.0
RegionF,1061,850.0
RegionF,1062,850.0
RegionF,1063,850.0
RegionF,1064,850.0
RegionF,1065,850.0
RegionF,1066,850.0
RegionF,1067,850.0
RegionF,1068,850.0
RegionF,1069,850.0
RegionF,1070,850.0
RegionF,1071,850.0
RegionF,1072,850.0
RegionF,1073,850.0
RegionF,1074,850.0
RegionF,1075,850.0
RegionF,1076,850.0
RegionF,1077,850.0
RegionF,1078,850.0
RegionF,1079,850.0
RegionF,1080,850.0
RegionF,1081,850.0
RegionF,1082,850.0
RegionF,1083,850.0
RegionF,1084,850.0
RegionF,1085,850.0
RegionF,1086,850.0
RegionF,1087,850.0
RegionF,1088,850.0
RegionF,1089,850.0
RegionF,1090,850.0
RegionF,1091,850.0
RegionF,1092,850.0
RegionF,1093,850.0
RegionF,1094,850.0
RegionF,1095,850.0
RegionF,1096,850.0
RegionF,1097,850.0
RegionF,1098,850.0
RegionF,1099,850.0
RegionF,1100,850.0
RegionF,1101,850.0
RegionF,1102,850.0
RegionF,1103,850.0
RegionF,1104,850.0
RegionF,1105,850.0
RegionF,1106,850.0
RegionF,1107,850.0
RegionF,1108,850.0
RegionF,1109,850.0
RegionF,1110,850.0
RegionF,1111,850.0
RegionF,1112,850.0
RegionF,1113,850.0
RegionF,1114,850.0
RegionF,1115,850.0
RegionF,1116,850.0
RegionF,1117,850.0
RegionF,1118,850.0
RegionF,1119,850.0
RegionF,1120,850.0
RegionF,1121,850.0
RegionF,1122,850.0
RegionF,1123,850.0
RegionF,1124,850.0
RegionF,1125,850.0
RegionF,1126,850.0
RegionF,1127,850.0
RegionF,1128,850.0
RegionF,1129,850.0
RegionF,1130,850.0
RegionF,1131,850.0
RegionF,1132,850.0
RegionF,1133,850.0
RegionF,1134,850.0
RegionF,1135,850.0
RegionF,1136,850.0
RegionF,1137,850.0
RegionF,1138,850.0
RegionF,1139,850.0
RegionF,1140,850.0
RegionF,1141,850.0
RegionF,1142,850.0
RegionF,1143,850.0
RegionF,1144,850.0
RegionF,1145,850.0
RegionF,1146,850.0
RegionF,1147,850.0
RegionF,1148,850.0
RegionF,1149,850.0
RegionF,1150,850.0
RegionF,1151,850.0
RegionF,1152,850.0
RegionF,1153,850.0
RegionF,1154,850.0
RegionF,1155,850.0
RegionF,1156,850.0
RegionF,1157,850.0
RegionF,1158,850.0
RegionF,1159,850.0
RegionF,1160,850.0
RegionF,1161,850.0
RegionF,1162,850.0
RegionF,1163,850.0
RegionF,1164,850.0
RegionF,1165,850.0
RegionF,1166,850.0
RegionF,1167,850.0
RegionF,1168,850.0
RegionF,1169,850.0
RegionF,1170,850.0
RegionF,1171,850.0
RegionF,1172,850.0
RegionF,1173,850.0
RegionF,1174,850.0
RegionF,1175,850.0
RegionF,1176,850.0
RegionF,1177,850.0
RegionF,1178,850.0
RegionF,1179,850.0
RegionF,1180,850.0
RegionF,1181,850.0
RegionF,1182,850.0
RegionF,1183,850.0
RegionF,1184,850.0
RegionF,1185,850.0
RegionF,1186,850.0
RegionF,1187,850.0
RegionF,1188,850.0
RegionF,1189,850.0
RegionF,1190,850.0
RegionF,1191,850.0
RegionF,1192,850.0
RegionF,1193,850.0
RegionF,1194,850.0
RegionF,1195,850.0
RegionF,1196,850.0
RegionF,1197,850.0
RegionF,1198,850.0
RegionF,1199,850.0
RegionF,1200,850.0
RegionF,1201,850.0
RegionF,1202,850.0
RegionF,1203,850.0
RegionF,1204,850.0
RegionF,1205,850.0
RegionF,1206,850.0
RegionF,1207,850.0
RegionF,1208,850.0
RegionF,1209,850.0
RegionF,1210,850.0
RegionF,1211,850.0
RegionF,1212,850.0
RegionF,1213,850.0
RegionF,1214,850.0
RegionF,1215,850.0
RegionF,1216,850.0
RegionF,1217,850.0
RegionF,1218,850.0
RegionF,1219,850.0
RegionF,1220,850.0
RegionF,1221,850.0
RegionF,1222,850.0
RegionF,1223,850.0
RegionF,1224,850.0
RegionF,1225,850.0
RegionF,1226,850.0
RegionF,1227,850.0
RegionF,1228,850.0
RegionF,1229,850.0
RegionF,1230,850.0
RegionF,1231,850.0
RegionF,1232,850.0
RegionF,1233,850.0
RegionF,1234,850.0
RegionF,1235,850.0
RegionF,1236,850.0
RegionF,1237,850.0
RegionF,1238,850.0
RegionF,1239,850.0
RegionF,1240,850.0
RegionF,1241,850.0
RegionF,1242,850.0
RegionF,1243,850.0
RegionF,1244,850.0
RegionF,1245,850.0
RegionF,1246,850.0
RegionF,1247,850.0
RegionF,1248,850.0
RegionF,1249,850.0
RegionF,1250,850.0
RegionF,1251,850.0
RegionF,1252,850.0
RegionF,1253,850.0
RegionF,1254,850.0
RegionF,1255,850.0
RegionF,1256,850.0
RegionF,1257,850.0
RegionF,1258,850.0
RegionF,1259,850.0
RegionF,1260,850.0
RegionF,1261,850.0
RegionF,1262,850.0
RegionF,1263,850.0
RegionF,1264,850.0
RegionF,1265,850.0
RegionF,1266,850.0
RegionF,1267,850.0
RegionF,1268,850.0
RegionF,1269,850.0
RegionF,1270,850.0
RegionF,1271,850.0
RegionF,1272,850.0
RegionF,1273,850.0
RegionF,1274,850.0
RegionF,1275,850.0
RegionF,1276,850.0
RegionF,1277,850.0
RegionF,1278,850.0
RegionF,1279,850.0
RegionF,1280,850.0
RegionF,1281,850.0
RegionF,1282,850.0
RegionF,1283,850.0
RegionF,1284,850.0
RegionF,1285,850.0
RegionF,1286,850.0
RegionF,1287,850.0
RegionF,1288,850.0
RegionF,1289,850.0
RegionF,1290,850.0
RegionF,1291,850.0
RegionF,1292,850.0
RegionF,1293,850.0
RegionF,1294,850.0
RegionF,1295,850.0
RegionF,1296,850.0
RegionF,1297,850.0
RegionF,1298,850.0
RegionF,1299,850.0
RegionF,1300,850.0
RegionF,1301,850.0
RegionF,1302,850.0
RegionF,1303,850.0
RegionF,1304,850.0
RegionF,1305,850.0
RegionF,1306,850.0
RegionF,1307,850.0
RegionF,1308,850.0
RegionF,1309,850.0
RegionF,1310,850.0
RegionF,1311,850.0
RegionF,1312,850.0
RegionF,1313,850.0
RegionF,1314,850.0
RegionF,1315,850.0
RegionF,1316,850.0
RegionF,1317,850.0
RegionF,1318,850.0
RegionF,1319,850.0
RegionF,1320,850.0
RegionF,1321,850.0
RegionF,1322,850.0
RegionF,1323,850.0
RegionF,1324,850.0
RegionF,1325,850.0
RegionF,1326,850.0
RegionF,1327,850.0
RegionF,1328,850.0
RegionF,1329,850.0
RegionF,1330,850.0
RegionF,1331,850.0
RegionF,1332,850.0
RegionF,1333,850.0
RegionF,1334,850.0
RegionF,1335,850.0
RegionF,1336,850.0
RegionF,1337,850.0
RegionF,1338,850.0
RegionF,1339,850.0
RegionF,1340,850.0
RegionF,1341,850.0
RegionF,1342,850.0
RegionF,1343,850.0
RegionF,1344,850.0
RegionF,1345,850.0
RegionF,1346,850.0
RegionF,1347,850.0
RegionF,1348,850.0
RegionF,1349,850.0
RegionF,1350,850.0
RegionF,1351,850.0
RegionF,1352,850.0
RegionF,1353,850.0
RegionF,1354,850.0
RegionF,1355,850.0
RegionF,1356,850.0
RegionF,1357,850.0
RegionF,1358,850.0
RegionF,1359,850.0
RegionF,1360,850.0
RegionF,1361,850.0
RegionF,1362,850.0
RegionF,1363,850.0
RegionF,1364,850.0
RegionF,1365,850.0
RegionF,1366,850.0
RegionF,1367,850.0
RegionF,1368,850.0
RegionF,1369,850.0
RegionF,1370,850.0
RegionF,1371,850.0
RegionF,1372,850.0
RegionF,1373,850.0
RegionF,1374,850.0
RegionF,1375,850.0
RegionF,1376,850.0
RegionF,1377,850.0
RegionF,1378,850.0
RegionF,1379,850.0
RegionF,1380,850.0
RegionF,1381,850.0
RegionF,1382,850.0
RegionF,1383,850.0
RegionF,1384,850.0
RegionF,1385,850.0
RegionF,1386,850.0
RegionF,1387,850.0
RegionF,1388,850.0
RegionF,1389,850.0
RegionF,1390,850.0
RegionF,1391,850.0
RegionF,1392,850.0
RegionF,1393,850.0
RegionF,1394,850.0
RegionF,1395,850.0
RegionF,1396,850.0
RegionF,1397,850.0
RegionF,1398,850.0
RegionF,1399,850.0
RegionF,1400,850.0
RegionF,1401,850.0
RegionF,1402,850.0
RegionF,1403,850.0
RegionF,1404,850.0
RegionF,1405,850.0
RegionF,1406,850.0
RegionF,1407,850.0
RegionF,1408,850.0
RegionF,1409,850.0
RegionF,1410,850.0
RegionF,1411,850.0
RegionF,1412,850.0
RegionF,1413,850.0
RegionF,1414,850.0
RegionF,1415,850.0
RegionF,1416,850.0
RegionF,1417,850.0
RegionF,1418,850.0
RegionF,1419,850.0
RegionF,1420,850.0
RegionF,1421,850.0
RegionF,1422,850.0
RegionF,1423,850.0
RegionF,1424,850.0
RegionF,1425,850.0
RegionF,1426,850.0
RegionF,1427,850.0
RegionF,1428,850.0
RegionF,1429,850.0
RegionF,1430,850.0
RegionF,1431,850.0
RegionF,1432,850.0
RegionF,1433,850.0
RegionF,1434,850.0
RegionF,1435,850.0
RegionF,1436,850.0
RegionF,1437,850.0
RegionF,1438,850.0
RegionF,1439,850.0
RegionF,1440,850.0
RegionF,1441,850.0
RegionF,1442,850.0
RegionF,1443,850.0
RegionF,1444,850.0
RegionF,1445,850.0
RegionF,1446,850.0
RegionF,1447,850.0
RegionF,1448,850.0
RegionF,1449,850.0
RegionF,1450,850.0
RegionF,1451,850.0
RegionF,1452,850.0
RegionF,1453,850.0
RegionF,1454,850.0
RegionF,1455,850.0
RegionF,1456,850.0
RegionF,1457,850.0
RegionF,1458,850.0
RegionF,1459,850.0
RegionF,1460,850.0
RegionF,1461,850.0
RegionF,1462,850.0
RegionF,1463,850.0
RegionF,1464,850.0
RegionF,1465,850.0
RegionF,1466,850.0
RegionF,1467,850.0
RegionF,1468,850.0
RegionF,1469,850.0
RegionF,1470,850.0
RegionF,1471,850.0
RegionF,1472,850.0
RegionF,1473,850.0
RegionF,1474,850.0
RegionF,1475,850.0
RegionF,1476,850.0
RegionF,1477,850.0
RegionF,1478,850.0
RegionF,1479,850.0
RegionF,1480,850.0
RegionF,1481,850.0
RegionF,1482,850.0
RegionF,1483,850.0
RegionF,1484,850.0
RegionF,1485,850.0
RegionF,1486,850.0
RegionF,1487,850.0
RegionF,1488,850.0
RegionF,1489,850.0
RegionF,1490,850.0
RegionF,1491,850.0
RegionF,1492,850.0
RegionF,1493,850.0
RegionF,1494,850.0
RegionF,1495,850.0
RegionF,1496,850.0
RegionF,1497,850.0
RegionF,1498,850.0
RegionF,1499,850.0
RegionF,1500,850.0
RegionF,1501,850.0
RegionF,1502,850.0
RegionF,1503,850.0
RegionF,1504,850.0
RegionF,1505,850.0
RegionF,1506,850.0
RegionF,1507,850.0
RegionF,1508,850.0
RegionF,1509,850.0
RegionF,1510,850.0
RegionF,1511,850.0
RegionF,1512,850.0
RegionF,1513,850.0
RegionF,1514,850.0
RegionF,1515,850.0
RegionF,1516,850.0
RegionF,1517,850.0
RegionF,1518,850.0
RegionF,1519,850.0
RegionF,1520,850.0
RegionF,1521,850.0
RegionF,1522,850.0
RegionF,1523,850.0
RegionF,1524,850.0
RegionF,1525,850.0
RegionF,1526,850.0
RegionF,1527,850.0
RegionF,1528,850.0
RegionF,1529,850.0
RegionF,1530,850.0
RegionF,1531,850.0
RegionF,1532,850.0
RegionF,1533,850.0
RegionF,1534,850.0
RegionF,1535,850.0
RegionF,1536,850.0
RegionF,1537,850.0
RegionF,1538,850.0
RegionF,1539,850.0
RegionF,1540,850.0
RegionF,1541,850.0
RegionF,1542,850.0
RegionF,1543,850.0
RegionF,1544,850.0
RegionF,1545,850.0
RegionF,1546,850.0
RegionF,1547,850.0
RegionF,1548,850.0
RegionF,1549,850.0
RegionF,1550,850.0
RegionF,1551,850.0
RegionF,1552,850.0
RegionF,1553,850.0
RegionF,1554,850.0
RegionF,1555,850.0
RegionF,1556,850.0
RegionF,1557,850.0
RegionF,1558,850.0
RegionF,1559,850.0
RegionF,1560,850.0
RegionF,1561,850.0
RegionF,1562,850.0
RegionF,1563,850.0
RegionF,1564,850.0
RegionF,1565,850.0
RegionF,1566,850.0
RegionF,1567,850.0
RegionF,1568,850.0
RegionF,1569,850.0
RegionF,1570,850.0
RegionF,1571,850.0
RegionF,1572,850.0
RegionF,1573,850.0
RegionF,1574,850.0
RegionF,1575,850.0
RegionF,1576,850.0
RegionF,1577,850.0
RegionF,1578,850.0
RegionF,1579,850.0
RegionF,1580,850.0
RegionF,1581,850.0
RegionF,1582,850.0
RegionF,1583,850.0
RegionF,1584,850.0
RegionF,1585,850.0
RegionF,1586,850.0
RegionF,1587,850.0
RegionF,1588,850.0
RegionF,1589,850.0
RegionF,1590,850.0
RegionF,1591,850.0
RegionF,1592,850.0
RegionF,1593,850.0
RegionF,1594,850.0
RegionF,1595,850.0
RegionF,1596,850.0
RegionF,1597,850.0
RegionF,1598,850.0
RegionF,1599,850.0
RegionF,1600,850.0
RegionF,1601,850.0
RegionF,1602,850.0
RegionF,1603,850.0
RegionF,1604,850.0
RegionF,1605,850.0
RegionF,1606,850.0
RegionF,1607,850.0
RegionF,1608,850.0
RegionF,1609,850.0
RegionF,1610,850.0
RegionF,1611,850.0
RegionF,1612,850.0
RegionF,1613,850.0
RegionF,1614,850.0
RegionF,1615,850.0
RegionF,1616,850.0
RegionF,1617,850.0
RegionF,1618,850.0
RegionF,1619,850.0
RegionF,1620,850.0
RegionF,1621,850.0
RegionF,1622,850.0
RegionF,1623,850.0
RegionF,1624,850.0
RegionF,1625,850.0
RegionF,1626,850.0
RegionF,1627,850.0
RegionF,1628,850.0
RegionF,1629,850.0
RegionF,1630,850.0
RegionF,1631,850.0
RegionF,1632,850.0
RegionF,1633,850.0
RegionF,1634,850.0
RegionF,1635,850.0
RegionF,1636,850.0
RegionF,1637,850.0
RegionF,1638,850.0
RegionF,1639,850.0
RegionF,1640,850.0
RegionF,1641,850.0
RegionF,1642,850.0
RegionF,1643,850.0
RegionF,1644,850.0
RegionF,1645,850.0
RegionF,1646,850.0
RegionF,1647,850.0
RegionF,1648,850.0
RegionF,1649,850.0
RegionF,1650,850.0
RegionF,1651,850.0
RegionF,1652,850.0
RegionF,1653,850.0
RegionF,1654,850.0
RegionF,1655,850.0
RegionF,1656,850.0
RegionF,1657,850.0
RegionF,1658,850.0
RegionF,1659,850.0
RegionF,1660,850.0
RegionF,1661,850.0
RegionF,1662,850.0
RegionF,1663,850.0
RegionF,1664,850.0
RegionF,1665,850.0
RegionF,1666,850.0
RegionF,1667,850.0
RegionF,1668,850.0
RegionF,1669,850.0
RegionF,1670,850.0
RegionF,1671,850.0
RegionF,1672,850.0
RegionF,1673,850.0
RegionF,1674,850.0
RegionF,1675,850.0
RegionF,1676,850.0
RegionF,1677,850.0
RegionF,1678,850.0
RegionF,1679,850.0
RegionF,1680,850.0
RegionF,1681,850.0
RegionF,1682,850.0
RegionF,1683,850.0
RegionF,1684,850.0
RegionF,1685,850.0
RegionF,1686,850.0
RegionF,1687,850.0
RegionF,1688,850.0
RegionF,1689,850.0
RegionF,1690,850.0
RegionF,1691,850.0
RegionF,1692,850.0
RegionF,1693,850.0
RegionF,1694,850.0
RegionF,1695,850.0
RegionF,1696,850.0
RegionF,1697,850.0
RegionF,1698,850.0
RegionF,1699,850.0
RegionF,1700,850.0
RegionF,1701,850.0
RegionF,1702,850.0
RegionF,1703,850.0
RegionF,1704,850.0
RegionF,1705,850.0
RegionF,1706,850.0
RegionF,1707,850.0
RegionF,1708,850.0
RegionF,1709,850.0
RegionF,1710,850.0
RegionF,1711,850.0
RegionF,1712,850.0
RegionF,1713,850.0
RegionF,1714,850.0
RegionF,1715,850.0
RegionF,1716,850.0
RegionF,1717,850.0
RegionF,1718,850.0
RegionF,1719,850.0
RegionF,1720,850.0
RegionF,1721,850.0
RegionF,1722,850.0
RegionF,1723,850.0
RegionF,1724,850.0
RegionF,1725,850.0
RegionF,1726,850.0
RegionF,1727,850.0
RegionF,1728,850.0
RegionF,1729,850.0
RegionF,1730,850.0
RegionF,1731,850.0
RegionF,1732,850.0
RegionF,1733,850.0
RegionF,1734,850.0
RegionF,1735,850.0
RegionF,1736,850.0
RegionF,1737,850.0
RegionF,1738,850.0
RegionF,1739,850.0
RegionF,1740,850.0
RegionF,1741,850.0
RegionF,1742,850.0
RegionF,1743,850.0
RegionF,1744,850.0
RegionF,1745,850.0
RegionF,1746,850.0
RegionF,1747,850.0
RegionF,1748,850.0
RegionF,1749,850.0
RegionF,1750,850.0
RegionF,1751,850.0
RegionF,1752,850.0
RegionF,1753,850.0
RegionF,1754,850.0
RegionF,1755,850.0
RegionF,1756,850.0
RegionF,1757,850.0
RegionF,1758,850.0
RegionF,1759,850.0
RegionF,1760,850.0
RegionF,1761,850.0
RegionF,1762,850.0
RegionF,1763,850.0
RegionF,1764,850.0
RegionF,1765,850.0
RegionF,1766,850.0
RegionF,1767,850.0
RegionF,1768,850.0
RegionF,1769,850.0
RegionF,1770,850.0
RegionF,1771,850.0
RegionF,1772,850.0
RegionF,1773,850.0
RegionF,1774,850.0
RegionF,1775,850.0
RegionF,1776,850.0
RegionF,1777,850.0
RegionF,1778,850.0
RegionF,1779,850.0
RegionF,1780,850.0
RegionF,1781,850.0
RegionF,1782,850.0
RegionF,1783,850.0
RegionF,1784,850.0
RegionF,1785,850.0
RegionF,1786,850.0
RegionF,1787,850.0
RegionF,1788,850.0
RegionF,1789,850.0
RegionF,1790,850.0
RegionF,1791,850.0
RegionF,1792,850.0
RegionF,1793,850.0
RegionF,1794,850.0
RegionF,1795,850.0
RegionF,1796,850.0
RegionF,1797,850.0
RegionF,1798,850.0
RegionF,1799,850.0
RegionF,1800,850.0
RegionF,1801,850.0
RegionF,1802,850.0
RegionF,1803,850.0
RegionF,1804,850.0
RegionF,1805,850.0
RegionF,1806,850.0
RegionF,1807,850.0
RegionF,1808,850.0
RegionF,1809,850.0
RegionF,1810,850.0
RegionF,1811,850.0
RegionF,1812,850.0
RegionF,1813,850.0
RegionF,1814,850.0
RegionF,1815,850.0
RegionF,1816,850.0
RegionF,1817,850.0
RegionF,1818,850.0
RegionF,1819,850.0
RegionF,1820,850.0
RegionF,1821,850.0
RegionF,1822,850.0
RegionF,1823,850.0
RegionF,1824,850.0
RegionF,1825,850.0
RegionF,1826,850.0
RegionF,1827,850.0
RegionF,1828,850.0
RegionF,1829,850.0
RegionF,1830,850.0
RegionF,1831,850.0
RegionF,1832,850.0
RegionF,1833,850.0
RegionF,1834,850.0
RegionF,1835,850.0
RegionF,1836,850.0
RegionF,1837,850.0
RegionF,1838,850.0
RegionF,1839,850.0
RegionF,1840,850.0
RegionF,1841,850.0
RegionF,1842,850.0
RegionF,1843,850.0
RegionF,1844,850.0
RegionF,1845,850.0
RegionF,1846,850.0
RegionF,1847,850.0
RegionF,1848,850.0
RegionF,1849,850.0
RegionF,1850,850.0
RegionF,1851,850.0
RegionF,1852,850.0
RegionF,1853,850.0
RegionF,1854,850.0
RegionF,1855,850.0
RegionF,1856,850.0
RegionF,1857,850.0
RegionF,1858,850.0
RegionF,1859,850.0
RegionF,1860,850.0
RegionF,1861,850.0
RegionF,1862,850.0
RegionF,1863,850.0
RegionF,1864,850.0
RegionF,1865,850.0
RegionF,1866,850.0
RegionF,1867,850.0
RegionF,1868,850.0
RegionF,1869,850.0
RegionF,1870,850.0
RegionF,1871,850.0
RegionF,1872,850.0
RegionF,1873,850.0
RegionF,1874,850.0
RegionF,1875,850.0
RegionF,1876,850.0
RegionF,1877,850.0
RegionF,1878,850.0
RegionF,1879,850.0
RegionF,1880,850.0
RegionF,1881,850.0
RegionF,1882,850.0
RegionF,1883,850.0
RegionF,1884,850.0
RegionF,1885,850.0
RegionF,1886,850.0
RegionF,1887,850.0
RegionF,1888,850.0
RegionF,1889,850.0
RegionF,1890,850.0
RegionF,1891,850.0
RegionF,1892,850.0
RegionF,1893,850.0
RegionF,1894,850.0
RegionF,1895,850.0
RegionF,1896,850.0
RegionF,1897,850.0
RegionF,1898,850.0
RegionF,1899,850.0
RegionF,1900,850.0
RegionF,1901,850.0
RegionF,1902,850.0
RegionF,1903,850.0
RegionF,1904,850.0
RegionF,1905,850.0
RegionF,1906,850.0
RegionF,1907,850.0
RegionF,1908,850.0
RegionF,1909,850.0
RegionF,1910,850.0
RegionF,1911,850.0
RegionF,1912,850.0
RegionF,1913,850.0
RegionF,1914,850.0
RegionF,1915,850.0
RegionF,1916,850.0
RegionF,1917,850.0
RegionF,1918,850.0
RegionF,1919,850.0
RegionF,1920,850.0
RegionF,1921,850.0
RegionF,1922,850.0
RegionF,1923,850.0
RegionF,1924,850.0
RegionF,1925,850.0
RegionF,1926,850.0
RegionF,1927,850.0
RegionF,1928,850.0
RegionF,1929,850.0
RegionF,1930,850.0
RegionF,1931,850.0
RegionF,1932,850.0
RegionF,1933,850.0
RegionF,1934,850.0
RegionF,1935,850.0
RegionF,1936,850.0
RegionF,1937,850.0
RegionF,1938,850.0
RegionF,1939,850.0
RegionF,1940,850.0
RegionF,1941,850.0
RegionF,1942,850.0
RegionF,1943,850.0
RegionF,1944,850.0
RegionF,1945,850.0
RegionF,1946,850.0
RegionF,1947,850.0
RegionF,1948,850.0
RegionF,1949,850.0
RegionF,1950,850.0
RegionF,1951,850.0
RegionF,1952,850.0
RegionF,1953,850.0
RegionF,1954,850.0
RegionF,1955,850.0
RegionF,1956,850.0
RegionF,1957,850.0
RegionF,1958,850.0
RegionF,1959,850.0
RegionF,1960,850.0
RegionF,1961,850.0
RegionF,1962,850.0
RegionF,1963,850.0
RegionF,1964,850.0
RegionF,1965,850.0
RegionF,1966,850.0
RegionF,1967,850.0
RegionF,1968,850.0
RegionF,1969,850.0
RegionF,1970,850.0
RegionF,1971,850.0
RegionF,1972,850.0
RegionF,1973,850.0
RegionF,1974,850.0
RegionF,1975,850.0
RegionF,1976,850.0
RegionF,1977,850.0
RegionF,1978,850.0
RegionF,1979,850.0
RegionF,1980,850.0
RegionF,1981,850.0
RegionF,1982,850.0
RegionF,1983,850.0
RegionF,1984,850.0
RegionF,1985,850.0
RegionF,1986,850.0
RegionF,1987,850.0
RegionF,1988,850.0
RegionF,1989,850.0
RegionF,1990,850.0
RegionF,1991,850.0
RegionF,1992,850.0
RegionF,1993,850.0
RegionF,1994,850.0
RegionF,1995,850.0
RegionF,1996,850.0
RegionF,1997,850.0
RegionF,1998,850.0
RegionF,1999,850.0
RegionF,2000,850.0
RegionF,2001,850.0
RegionF,2002,850.0
RegionF,2003,850.0
RegionF,2004,850.0
RegionF,2005,850.0
RegionF,2006,850.0
RegionF,2007,850.0
RegionF,2008,850.0
RegionF,2009,850.0
RegionF,2010,850.0
RegionF,2011,850.0
RegionF,2012,850.0
RegionF,2013,850.0
RegionF,2014,850.0
RegionF,2015,850.0
RegionF,2016,850.0
RegionF,2017,850.0
RegionF,2018,850.0
RegionF,2019,850.0
RegionF,2020,850.0
RegionF,2021,850.0
RegionF,2022,850.0
RegionF,2023,850.0
RegionF,2024,850.0
RegionF,2025,850.0
RegionF,2026,850.0
RegionF,2027,850.0
RegionF,2028,850.0
RegionF,2029,850.0
RegionF,2030,850.0
RegionF,2031,850.0
RegionF,2032,850.0
RegionF,2033,850.0
RegionF,2034,850.0
RegionF,2035,850.0
RegionF,2036,850.0
RegionF,2037,850.0
RegionF,2038,850.0
RegionF,2039,850.0
RegionF,2040,850.0
RegionF,2041,850.0
RegionF,2042,850.0
RegionF,2043,850.0
RegionF,2044,850.0
RegionF,2045,850.0
RegionF,2046,850.0
RegionF,2047,850.0
RegionF,2048,850.0
RegionF,2049,850.0
RegionF,2050,850.0
RegionF,2051,850.0
RegionF,2052,850.0
RegionF,2053,850.0
RegionF,2054,850.0
RegionF,2055,850.0
RegionF,2056,850.0
RegionF,2057,850.0
RegionF,2058,850.0
RegionF,2059,850.0
RegionF,2060,850.0
RegionF,2061,850.0
RegionF,2062,850.0
RegionF,2063,850.0
RegionF,2064,850.0
RegionF,2065,850.0
RegionF,2066,850.0
RegionF,2067,850.0
RegionF,2068,850.0
RegionF,2069,850.0
RegionF,2070,850.0
RegionF,2071,850.0
RegionF,2072,850.0
RegionF,2073,850.0
RegionF,2074,850.0
RegionF,2075,850.0
RegionF,2076,850.0
RegionF,2077,850.0
RegionF,2078,850.0
RegionF,2079,850.0
RegionF,2080,850.0
RegionF,2081,850.0
RegionF,2082,850.0
RegionF,2083,850.0
RegionF,2084,850.0
RegionF,2085,850.0
RegionF,2086,850.0
RegionF,2087,850.0
RegionF,2088,850.0
RegionF,2089,850.0
RegionF,2090,850.0
RegionF,2091,850.0
RegionF,2092,850.0
RegionF,2093,850.0
RegionF,2094,850.0
RegionF,2095,850.0
RegionF,2096,850.0
RegionF,2097,850.0
RegionF,2098,850.0
RegionF,2099,850.0
RegionF,2100,850.0
RegionF,2101,850.0
RegionF,2102,850.0
RegionF,2103,850.0
RegionF,2104,850.0
RegionF,2105,850.0
RegionF,2106,850.0
RegionF,2107,850.0
RegionF,2108,850.0
RegionF,2109,850.0
RegionF,2110,850.0
RegionF,2111,850.0
RegionF,2112,850.0
RegionF,2113,850.0
RegionF,2114,850.0
RegionF,2115,850.0
RegionF,2116,850.0
RegionF,2117,850.0
RegionF,2118,850.0
RegionF,2119,850.0
RegionF,2120,850.0
RegionF,2121,850.0
RegionF,2122,850.0
RegionF,2123,850.0
RegionF,2124,850.0
RegionF,2125,850.0
RegionF,2126,850.0
RegionF,2127,850.0
RegionF,2128,850.0
RegionF,2129,850.0
RegionF,2130,850.0
RegionF,2131,850.0
RegionF,2132,850.0
RegionF,2133,850.0
RegionF,2134,850.0
RegionF,2135,850.0
RegionF,2136,850.0
RegionF,2137,850.0
RegionF,2138,850.0
RegionF,2139,850.0
RegionF,2140,850.0
RegionF,2141,850.0
RegionF,2142,850.0
RegionF,2143,850.0
RegionF,2144,850.0
RegionF,2145,850.0
RegionF,2146,850.0
RegionF,2147,850.0
RegionF,2148,850.0
RegionF,2149,850.0
RegionF,2150,850.0
RegionF,2151,850.0
RegionF,2152,850.0
RegionF,2153,850.0
RegionF,2154,850.0
RegionF,2155,850.0
RegionF,2156,850.0
RegionF,2157,850.0
RegionF,2158,850.0
RegionF,2159,850.0
RegionF,2160,850.0
RegionF,2161,850.0
RegionF,2162,850.0
RegionF,2163,850.0
RegionF,2164,850.0
RegionF,2165,850.0
RegionF,2166,850.0
RegionF,2167,850.0
RegionF,2168,850.0
RegionF,2169,850.0
RegionF,2170,850.0
RegionF,2171,850.0
RegionF,2172,850.0
RegionF,2173,850.0
RegionF,2174,850.0
RegionF,2175,850.0
RegionF,2176,850.0
RegionF,2177,850.0
RegionF,2178,850.0
RegionF,2179,850.0
RegionF,2180,850.0
RegionF,2181,850.0
RegionF,2182,850.0
RegionF,2183,850.0
RegionF,2184,850.0
RegionF,2185,850.0
RegionF,2186,850.0
RegionF,2187,850.0
RegionF,2188,850.0
RegionF,2189,850.0
RegionF,2190,850.0
RegionF,2191,850.0
RegionF,2192,850.0
RegionF,2193,850.0
RegionF,2194,850.0
RegionF,2195,850.0
RegionF,2196,850.0
RegionF,2197,850.0
RegionF,2198,850.0
RegionF,2199,850.0
RegionF,2200,850.0
RegionF,2201,850.0
RegionF,2202,850.0
RegionF,2203,850.0
RegionF,2204,850.0
RegionF,2205,850.0
RegionF,2206,850.0
RegionF,2207,850.0
RegionF,2208,850.0
RegionF,2209,850.0
RegionF,2210,850.0
RegionF,2211,850.0
RegionF,2212,850.0
RegionF,2213,850.0
RegionF,2214,850.0
RegionF,2215,850.0
RegionF,2216,850.0
RegionF,2217,850.0
RegionF,2218,850.0
RegionF,2219,850.0
RegionF,2220,850.0
RegionF,2221,850.0
RegionF,2222,850.0
RegionF,2223,850.0
RegionF,2224,850.0
RegionF,2225,850.0
RegionF,2226,850.0
RegionF,2227,850.0
RegionF,2228,850.0
RegionF,2229,850.0
RegionF,2230,850.0
RegionF,2231,850.0
RegionF,2232,850.0
RegionF,2233,850.0
RegionF,2234,850.0
RegionF,2235,850.0
RegionF,2236,850.0
RegionF,2237,850.0
RegionF,2238,850.0
RegionF,2239,850.0
RegionF,2240,850.0
RegionF,2241,850.0
RegionF,2242,850.0
RegionF,2243,850.0
RegionF,2244,850.0
RegionF,2245,850.0
RegionF,2246,850.0
RegionF,2247,850.0
RegionF,2248,850.0
RegionF,2249,850.0
RegionF,2250,850.0
RegionF,2251,850.0
RegionF,2252,850.0
RegionF,2253,850.0
RegionF,2254,850.0
RegionF,2255,850.0
RegionF,2256,850.0
RegionF,2257,850.0
RegionF,2258,850.0
RegionF,2259,850.0
RegionF,2260,850.0
RegionF,2261,850.0
RegionF,2262,850.0
RegionF,2263,850.0
RegionF,2264,850.0
RegionF,2265,850.0
RegionF,2266,850.0
RegionF,2267,850.0
RegionF,2268,850.0
RegionF,2269,850.0
RegionF,2270,850.0
RegionF,2271,850.0
RegionF,2272,850.0
RegionF,2273,850.0
RegionF,2274,850.0
RegionF,2275,850.0
RegionF,2276,850.0
RegionF,2277,850.0
RegionF,2278,850.0
RegionF,2279,850.0
RegionF,2280,850.0
RegionF,2281,850.0
RegionF,2282,850.0
RegionF,2283,850.0
RegionF,2284,850.0
RegionF,2285,850.0
RegionF,2286,850.0
RegionF,2287,850.0
RegionF,2288,850.0
RegionF,2289,850.0
RegionF,2290,850.0
RegionF,2291,850.0
RegionF,2292,850.0
RegionF,2293,850.0
RegionF,2294,850.0
RegionF,2295,850.0
RegionF,2296,850.0
RegionF,2297,850.0
RegionF,2298,850.0
RegionF,2299,850.0
RegionF,2300,850.0
RegionF,2301,850.0
RegionF,2302,850.0
RegionF,2303,850.0
RegionF,2304,850.0
RegionF,2305,850.0
RegionF,2306,850.0
RegionF,2307,850.0
RegionF,2308,850.0
RegionF,2309,850.0
RegionF,2310,850.0
RegionF,2311,850.0
RegionF,2312,850.0
RegionF,2313,850.0
RegionF,2314,850.0
RegionF,2315,850.0
RegionF,2316,850.0
RegionF,2317,850.0
RegionF,2318,850.0
RegionF,2319,850.0
RegionF,2320,850.0
RegionF,2321,850.0
RegionF,2322,850.0
RegionF,2323,850.0
RegionF,2324,850.0
RegionF,2325,850.0
RegionF,2326,850.0
RegionF,2327,850.0
RegionF,2328,850.0
RegionF,2329,850.0
RegionF,2330,850.0
RegionF,2331,850.0
RegionF,2332,850.0
RegionF,2333,850.0
RegionF,2334,850.0
RegionF,2335,850.0
RegionF,2336,850.0
RegionF,2337,850.0
RegionF,2338,850.0
RegionF,2339,850.0
RegionF,2340,850.0
RegionF,2341,850.0
RegionF,2342,850.0
RegionF,2343,850.0
RegionF,2344,850.0
RegionF,2345,850.0
RegionF,2346,850.0
RegionF,2347,850.0
RegionF,2348,850.0
RegionF,2349,850.0
RegionF,2350,850.0
RegionF,2351,850.0
RegionF,2352,850.0
RegionF,2353,850.0
RegionF,2354,850.0
RegionF,2355,850.0
RegionF,2356,850.0
RegionF,2357,850.0
RegionF,2358,850.0
RegionF,2359,850.0
RegionF,2360,850.0
RegionF,2361,850.0
RegionF,2362,850.0
RegionF,2363,850.0
RegionF,2364,850.0
RegionF,2365,850.0
RegionF,2366,850.0
RegionF,2367,850.0
RegionF,2368,850.0
RegionF,2369,850.0
RegionF,2370,850.0
RegionF,2371,850.0
RegionF,2372,850.0
RegionF,2373,850.0
RegionF,2374,850.0
RegionF,2375,850.0
RegionF,2376,850.0
RegionF,2377,850.0
RegionF,2378,850.0
RegionF,2379,850.0
RegionF,2380,850.0
RegionF,2381,850.0
RegionF,2382,850.0
RegionF,2383,850.0
RegionF,2384,850.0
RegionF,2385,850.0
RegionF,2386,850.0
RegionF,2387,850.0
RegionF,2388,850.0
RegionF,2389,850.0
RegionF,2390,850.0
RegionF,2391,850.0
RegionF,2392,850.0
RegionF,2393,850.0
RegionF,2394,850.0
RegionF,2395,850.0
RegionF,2396,850.0
RegionF,2397,850.0
RegionF,2398,850.0
RegionF,2399,850.0
RegionF,2400,850.0
RegionF,2401,850.0
RegionF,2402,850.0
RegionF,2403,850.0
RegionF,2404,850.0
RegionF,2405,850.0
RegionF,2406,850.0
