Hour,RegionA,RegionB,RegionC,RegionD,RegionE,RegionF
0,157.5,144.0,135.0,405.0,303.4,238.0
1,157.5,144.0,135.0,373.5,192.7,199.75
2,157.5,144.0,135.0,373.5,118.9,199.75
3,157.5,144.0,135.0,373.5,82.0,199.75
4,157.5,144.0,135.0,373.5,82.0,199.75
5,157.5,144.0,135.0,373.5,82.0,199.75
6,157.5,144.0,135.0,373.5,82.0,199.75
7,157.5,144.0,135.0,373.5,82.0,199.75
8,157.5,144.0,135.0,373.5,82.0,199.75
9,157.5,144.0,135.0,373.5,266.5,199.75
10,157.5,144.0,135.0,373.5,370.0,199.75
11,157.5,144.0,135.0,373.5,370.0,199.75
12,157.5,144.0,135.0,414.0,370.0,199.75
13,157.5,144.0,135.0,535.5,370.0,276.25
14,157.5,144.0,135.0,576.0,370.0,352.75
15,157.5,144.0,135.0,576.0,370.0,382.5
16,157.5,144.0,135.0,576.0,524.8,382.5
17,157.5,144.0,135.0,576.0,561.7,505.75
18,157.5,144.0,135.0,576.0,561.7,582.25
19,157.5,144.0,135.0,576.0,598.6,658.75
20,157.5,144.0,135.0,576.0,635.5,658.75
21,157.5,144.0,135.0,576.0,635.5,658.75
22,157.5,144.0,135.0,576.0,598.6,620.5
23,157.5,144.0,135.0,535.5,524.8,582.25
24,157.5,144.0,135.0,454.5,451.0,544.0
25,157.5,144.0,135.0,405.0,414.09999999999997,467.5
26,157.5,144.0,135.0,333.0,377.2,382.5
27,157.5,144.0,135.0,333.0,377.2,382.5
28,157.5,144.0,135.0,333.0,370.0,382.5
29,157.5,144.0,135.0,333.0,370.0,382.5
30,157.5,144.0,135.0,333.0,377.2,382.5
31,157.5,144.0,135.0,333.0,377.2,382.5
32,157.5,144.0,135.0,333.0,414.09999999999997,382.5
33,157.5,144.0,135.0,333.0,414.09999999999997,382.5
34,157.5,144.0,135.0,333.0,451.0,382.5
35,157.5,144.0,135.0,333.0,487.9,382.5
36,157.5,144.0,135.0,333.0,524.8,382.5
37,157.5,144.0,135.0,333.0,561.7,382.5
38,157.5,144.0,135.0,405.0,598.6,382.5
39,157.5,144.0,135.0,405.0,598.6,382.5
40,157.5,144.0,135.0,405.0,598.6,467.5
41,157.5,144.0,135.0,405.0,598.6,467.5
42,157.5,144.0,135.0,414.0,746.1999999999999,544.0
43,157.5,144.0,135.0,414.0,746.1999999999999,620.5
44,157.5,144.0,135.0,495.0,746.1999999999999,658.75
45,157.5,144.0,135.0,495.0,746.1999999999999,658.75
46,157.5,144.0,135.0,495.0,672.4,582.25
47,157.5,144.0,135.0,454.5,635.5,544.0
48,157.5,144.0,135.0,454.5,524.8,382.5
49,157.5,144.0,135.0,454.5,451.0,276.25
50,157.5,144.0,135.0,414.0,414.09999999999997,199.75
51,157.5,144.0,135.0,405.0,377.2,199.75
52,157.5,144.0,135.0,405.0,370.0,199.75
53,157.5,144.0,135.0,405.0,370.0,199.75
54,157.5,144.0,135.0,405.0,370.0,199.75
55,157.5,144.0,135.0,405.0,370.0,199.75
56,157.5,144.0,135.0,405.0,370.0,199.75
57,157.5,144.0,135.0,405.0,370.0,199.75
58,157.5,144.0,135.0,405.0,370.0,199.75
59,157.5,144.0,135.0,405.0,370.0,199.75
60,157.5,144.0,135.0,405.0,370.0,199.75
61,157.5,144.0,135.0,405.0,370.0,199.75
62,157.5,144.0,135.0,405.0,370.0,199.75
63,157.5,144.0,135.0,405.0,377.2,314.5
64,157.5,144.0,135.0,405.0,487.9,314.5
65,157.5,144.0,135.0,405.0,635.5,352.75
66,157.5,144.0,135.0,495.0,672.4,352.75
67,157.5,144.0,135.0,535.5,746.1999999999999,382.5
68,157.5,144.0,135.0,535.5,783.1,382.5
69,157.5,144.0,135.0,535.5,783.1,391.0
70,157.5,144.0,135.0,535.5,746.1999999999999,391.0
71,157.5,144.0,135.0,495.0,635.5,382.5
72,157.5,144.0,135.0,454.5,524.8,238.0
73,157.5,144.0,135.0,405.0,414.09999999999997,161.5
74,157.5,144.0,135.0,405.0,370.0,85.0
75,157.5,144.0,135.0,405.0,370.0,85.0
76,157.5,144.0,135.0,405.0,370.0,85.0
77,157.5,144.0,135.0,405.0,370.0,85.0
78,157.5,144.0,135.0,405.0,370.0,123.25
79,157.5,144.0,135.0,405.0,370.0,123.25
80,157.5,144.0,135.0,405.0,370.0,123.25
81,157.5,144.0,135.0,405.0,370.0,123.25
82,157.5,144.0,135.0,405.0,370.0,199.75
83,157.5,144.0,135.0,405.0,370.0,199.75
84,157.5,144.0,135.0,405.0,370.0,382.5
85,157.5,144.0,135.0,405.0,370.0,467.5
86,157.5,144.0,135.0,405.0,370.0,505.75
87,157.5,144.0,135.0,405.0,377.2,697.0
88,157.5,144.0,135.0,405.0,487.9,697.0
89,157.5,144.0,135.0,405.0,561.7,735.25
90,157.5,144.0,135.0,405.0,561.7,811.75
91,157.5,144.0,135.0,405.0,561.7,850.0
92,157.5,144.0,135.0,414.0,598.6,850.0
93,157.5,144.0,135.0,414.0,598.6,811.75
94,157.5,144.0,135.0,405.0,561.7,773.5
95,157.5,144.0,135.0,373.5,524.8,620.5
96,157.5,144.0,135.0,373.5,451.0,505.75
97,157.5,144.0,135.0,373.5,370.0,429.25
98,157.5,144.0,135.0,333.0,229.6,382.5
99,157.5,144.0,135.0,333.0,192.7,382.5
100,157.5,144.0,135.0,333.0,192.7,382.5
101,157.5,144.0,135.0,333.0,192.7,382.5
102,157.5,144.0,135.0,333.0,192.7,382.5
103,157.5,144.0,135.0,333.0,192.7,382.5
104,157.5,144.0,135.0,333.0,192.7,382.5
105,157.5,144.0,135.0,333.0,192.7,382.5
106,157.5,144.0,135.0,333.0,192.7,382.5
107,157.5,144.0,135.0,333.0,192.7,429.25
108,157.5,144.0,135.0,333.0,192.7,467.5
109,157.5,144.0,135.0,333.0,192.7,505.75
110,157.5,144.0,135.0,333.0,370.0,505.75
111,157.5,144.0,135.0,333.0,377.2,544.0
112,157.5,144.0,135.0,333.0,377.2,582.25
113,157.5,144.0,135.0,333.0,377.2,582.25
114,157.5,144.0,135.0,333.0,487.9,582.25
115,157.5,144.0,135.0,333.0,524.8,582.25
116,157.5,144.0,135.0,333.0,524.8,620.5
117,157.5,144.0,135.0,333.0,524.8,620.5
118,157.5,144.0,135.0,333.0,451.0,582.25
119,157.5,144.0,135.0,333.0,414.09999999999997,467.5
120,157.5,144.0,135.0,333.0,370.0,382.5
121,157.5,144.0,135.0,333.0,370.0,276.25
122,157.5,144.0,135.0,333.0,370.0,238.0
123,157.5,144.0,135.0,333.0,370.0,199.75
124,157.5,144.0,135.0,333.0,370.0,199.75
125,157.5,144.0,135.0,333.0,370.0,238.0
126,157.5,144.0,135.0,333.0,370.0,276.25
127,157.5,144.0,135.0,333.0,370.0,276.25
128,157.5,144.0,135.0,333.0,370.0,314.5
129,157.5,144.0,135.0,333.0,370.0,352.75
130,157.5,144.0,135.0,333.0,370.0,352.75
131,157.5,144.0,135.0,333.0,370.0,352.75
132,157.5,144.0,135.0,333.0,370.0,382.5
133,157.5,144.0,135.0,405.0,370.0,382.5
134,157.5,144.0,135.0,414.0,370.0,429.25
135,157.5,144.0,135.0,414.0,370.0,429.25
136,157.5,144.0,135.0,414.0,377.2,467.5
137,157.5,144.0,135.0,414.0,561.7,505.75
138,157.5,144.0,135.0,454.5,635.5,544.0
139,157.5,144.0,135.0,576.0,672.4,544.0
140,157.5,144.0,135.0,616.5,672.4,582.25
141,157.5,144.0,135.0,616.5,672.4,582.25
142,157.5,144.0,135.0,616.5,635.5,544.0
143,157.5,144.0,135.0,535.5,524.8,467.5
144,157.5,144.0,135.0,495.0,451.0,429.25
145,157.5,144.0,135.0,405.0,414.09999999999997,382.5
146,157.5,144.0,135.0,373.5,370.0,314.5
147,157.5,144.0,135.0,373.5,370.0,314.5
148,157.5,144.0,135.0,373.5,370.0,352.75
149,157.5,144.0,135.0,373.5,370.0,352.75
150,157.5,144.0,135.0,373.5,370.0,352.75
151,157.5,144.0,135.0,373.5,370.0,352.75
152,157.5,144.0,135.0,373.5,370.0,382.5
153,157.5,144.0,135.0,373.5,370.0,382.5
154,157.5,144.0,135.0,405.0,370.0,382.5
155,157.5,144.0,135.0,414.0,370.0,382.5
156,157.5,144.0,135.0,414.0,370.0,429.25
157,157.5,144.0,135.0,414.0,370.0,429.25
158,157.5,144.0,135.0,414.0,370.0,429.25
159,157.5,144.0,135.0,414.0,377.2,429.25
160,157.5,144.0,135.0,414.0,377.2,582.25
161,157.5,144.0,135.0,414.0,377.2,658.75
162,157.5,144.0,135.0,495.0,451.0,658.75
163,157.5,144.0,135.0,576.0,561.7,697.0
164,157.5,144.0,135.0,616.5,561.7,697.0
165,157.5,144.0,135.0,616.5,561.7,697.0
166,157.5,144.0,135.0,535.5,561.7,697.0
167,157.5,144.0,135.0,454.5,561.7,658.75
168,157.5,144.0,135.0,414.0,487.9,582.25
169,157.5,144.0,135.0,414.0,414.09999999999997,505.75
170,157.5,144.0,135.0,405.0,377.2,382.5
171,157.5,144.0,135.0,405.0,370.0,314.5
172,157.5,144.0,135.0,405.0,370.0,314.5
173,157.5,144.0,135.0,405.0,370.0,314.5
174,157.5,144.0,135.0,405.0,370.0,314.5
175,157.5,144.0,135.0,405.0,370.0,314.5
176,157.5,144.0,135.0,405.0,377.2,314.5
177,157.5,144.0,135.0,405.0,377.2,314.5
178,157.5,144.0,135.0,405.0,377.2,314.5
179,157.5,144.0,135.0,405.0,377.2,314.5
180,157.5,144.0,135.0,405.0,377.2,352.75
181,157.5,144.0,135.0,405.0,377.2,352.75
182,157.5,144.0,135.0,405.0,377.2,382.5
183,157.5,144.0,135.0,405.0,377.2,382.5
184,157.5,144.0,135.0,405.0,377.2,382.5
185,157.5,144.0,135.0,414.0,377.2,544.0
186,157.5,144.0,135.0,414.0,377.2,620.5
187,157.5,144.0,135.0,414.0,377.2,658.75
188,157.5,144.0,135.0,414.0,414.09999999999997,658.75
189,157.5,144.0,135.0,414.0,414.09999999999997,658.75
190,157.5,144.0,135.0,414.0,370.0,620.5
191,157.5,144.0,135.0,333.0,303.4,544.0
192,157.5,144.0,135.0,252.0,266.5,382.5
193,157.5,144.0,135.0,211.5,229.6,238.0
194,157.5,144.0,135.0,171.0,192.7,161.5
195,157.5,144.0,135.0,171.0,192.7,123.25
196,157.5,144.0,135.0,171.0,192.7,123.25
197,157.5,144.0,135.0,171.0,192.7,123.25
198,157.5,144.0,135.0,171.0,192.7,123.25
199,157.5,144.0,135.0,171.0,192.7,123.25
200,157.5,144.0,135.0,171.0,192.7,123.25
201,157.5,144.0,135.0,171.0,192.7,123.25
202,157.5,144.0,135.0,171.0,192.7,123.25
203,157.5,144.0,135.0,171.0,192.7,123.25
204,157.5,144.0,135.0,171.0,192.7,199.75
205,157.5,144.0,135.0,171.0,192.7,238.0
206,157.5,144.0,135.0,171.0,192.7,314.5
207,157.5,144.0,135.0,171.0,370.0,314.5
208,157.5,144.0,135.0,171.0,377.2,352.75
209,157.5,144.0,135.0,171.0,377.2,382.5
210,157.5,144.0,135.0,171.0,377.2,505.75
211,157.5,144.0,135.0,292.5,451.0,544.0
212,157.5,144.0,135.0,414.0,487.9,544.0
213,157.5,144.0,135.0,414.0,487.9,544.0
214,157.5,144.0,135.0,405.0,451.0,505.75
215,157.5,144.0,135.0,405.0,370.0,467.5
216,157.5,144.0,135.0,373.5,266.5,467.5
217,157.5,144.0,135.0,333.0,192.7,429.25
218,157.5,144.0,135.0,333.0,118.9,382.5
219,157.5,144.0,135.0,333.0,118.9,382.5
220,157.5,144.0,135.0,333.0,118.9,382.5
221,157.5,144.0,135.0,333.0,118.9,382.5
222,157.5,144.0,135.0,333.0,118.9,382.5
223,157.5,144.0,135.0,333.0,118.9,391.0
224,157.5,144.0,135.0,333.0,155.8,467.5
225,157.5,144.0,135.0,333.0,370.0,544.0
226,157.5,144.0,135.0,333.0,377.2,544.0
227,157.5,144.0,135.0,333.0,377.2,582.25
228,157.5,144.0,135.0,333.0,377.2,582.25
229,157.5,144.0,135.0,333.0,377.2,582.25
230,157.5,144.0,135.0,333.0,377.2,582.25
231,157.5,144.0,135.0,333.0,377.2,620.5
232,157.5,144.0,135.0,333.0,377.2,658.75
233,157.5,144.0,135.0,333.0,377.2,658.75
234,157.5,144.0,135.0,405.0,377.2,735.25
235,157.5,144.0,135.0,414.0,377.2,735.25
236,157.5,144.0,135.0,454.5,451.0,735.25
237,157.5,144.0,135.0,454.5,451.0,697.0
238,157.5,144.0,135.0,454.5,451.0,658.75
239,157.5,144.0,135.0,454.5,370.0,582.25
240,157.5,144.0,135.0,454.5,266.5,467.5
241,157.5,144.0,135.0,405.0,192.7,382.5
242,157.5,144.0,135.0,405.0,118.9,382.5
243,157.5,144.0,135.0,405.0,118.9,382.5
244,157.5,144.0,135.0,405.0,118.9,382.5
245,157.5,144.0,135.0,405.0,118.9,382.5
246,157.5,144.0,135.0,405.0,118.9,382.5
247,157.5,144.0,135.0,414.0,118.9,382.5
248,157.5,144.0,135.0,414.0,118.9,382.5
249,157.5,144.0,135.0,414.0,118.9,382.5
250,157.5,144.0,135.0,414.0,118.9,382.5
251,157.5,144.0,135.0,414.0,118.9,382.5
252,157.5,144.0,135.0,414.0,118.9,382.5
253,157.5,144.0,135.0,414.0,118.9,382.5
254,157.5,144.0,135.0,414.0,118.9,382.5
255,157.5,144.0,135.0,414.0,340.3,382.5
256,157.5,144.0,135.0,414.0,370.0,382.5
257,157.5,144.0,135.0,414.0,370.0,391.0
258,157.5,144.0,135.0,414.0,414.09999999999997,467.5
259,157.5,144.0,135.0,414.0,524.8,505.75
260,157.5,144.0,135.0,495.0,524.8,505.75
261,157.5,144.0,135.0,535.5,524.8,505.75
262,157.5,144.0,135.0,535.5,451.0,429.25
263,157.5,144.0,135.0,495.0,370.0,382.5
264,157.5,144.0,135.0,405.0,266.5,276.25
265,157.5,144.0,135.0,405.0,192.7,161.5
266,157.5,144.0,135.0,405.0,192.7,123.25
267,157.5,144.0,135.0,405.0,192.7,85.0
268,157.5,144.0,135.0,405.0,192.7,85.0
269,157.5,144.0,135.0,405.0,303.4,85.0
270,157.5,144.0,135.0,405.0,370.0,85.0
271,157.5,144.0,135.0,405.0,377.2,85.0
272,157.5,144.0,135.0,405.0,377.2,85.0
273,157.5,144.0,135.0,405.0,377.2,161.5
274,157.5,144.0,135.0,405.0,377.2,238.0
275,157.5,144.0,135.0,405.0,377.2,276.25
276,157.5,144.0,135.0,405.0,377.2,276.25
277,157.5,144.0,135.0,405.0,377.2,314.5
278,157.5,144.0,135.0,405.0,377.2,352.75
279,157.5,144.0,135.0,405.0,377.2,382.5
280,157.5,144.0,135.0,405.0,377.2,382.5
281,157.5,144.0,135.0,405.0,451.0,544.0
282,157.5,144.0,135.0,454.5,561.7,697.0
283,157.5,144.0,135.0,495.0,635.5,735.25
284,157.5,144.0,135.0,535.5,635.5,735.25
285,157.5,144.0,135.0,535.5,635.5,697.0
286,157.5,144.0,135.0,535.5,598.6,620.5
287,157.5,144.0,135.0,454.5,524.8,544.0
288,157.5,144.0,135.0,405.0,414.09999999999997,467.5
289,157.5,144.0,135.0,373.5,370.0,382.5
290,157.5,144.0,135.0,373.5,340.3,352.75
291,157.5,144.0,135.0,373.5,340.3,352.75
292,157.5,144.0,135.0,373.5,340.3,352.75
293,157.5,144.0,135.0,373.5,340.3,352.75
294,157.5,144.0,135.0,373.5,340.3,352.75
295,157.5,144.0,135.0,373.5,340.3,352.75
296,157.5,144.0,135.0,373.5,340.3,352.75
297,157.5,144.0,135.0,373.5,340.3,391.0
298,157.5,144.0,135.0,373.5,340.3,467.5
299,157.5,144.0,135.0,373.5,340.3,505.75
300,157.5,144.0,135.0,373.5,340.3,544.0
301,157.5,144.0,135.0,373.5,340.3,620.5
302,157.5,144.0,135.0,373.5,340.3,620.5
303,157.5,144.0,135.0,373.5,340.3,658.75
304,157.5,144.0,135.0,373.5,370.0,658.75
305,157.5,144.0,135.0,373.5,377.2,658.75
306,157.5,144.0,135.0,373.5,377.2,735.25
307,157.5,144.0,135.0,373.5,377.2,735.25
308,157.5,144.0,135.0,405.0,414.09999999999997,735.25
309,157.5,144.0,135.0,414.0,414.09999999999997,735.25
310,157.5,144.0,135.0,414.0,370.0,658.75
311,157.5,144.0,135.0,405.0,266.5,505.75
312,157.5,144.0,135.0,333.0,155.8,382.5
313,157.5,144.0,135.0,333.0,82.0,314.5
314,157.5,144.0,135.0,333.0,82.0,276.25
315,157.5,144.0,135.0,333.0,82.0,276.25
316,157.5,144.0,135.0,333.0,82.0,276.25
317,157.5,144.0,135.0,333.0,82.0,276.25
318,157.5,144.0,135.0,333.0,155.8,276.25
319,157.5,144.0,135.0,333.0,370.0,276.25
320,157.5,144.0,135.0,333.0,370.0,276.25
321,157.5,144.0,135.0,333.0,377.2,352.75
322,157.5,144.0,135.0,333.0,377.2,382.5
323,157.5,144.0,135.0,333.0,377.2,382.5
324,157.5,144.0,135.0,333.0,377.2,382.5
325,157.5,144.0,135.0,333.0,377.2,382.5
326,157.5,144.0,135.0,333.0,414.09999999999997,382.5
327,157.5,144.0,135.0,333.0,451.0,391.0
328,157.5,144.0,135.0,333.0,451.0,467.5
329,157.5,144.0,135.0,333.0,561.7,467.5
330,157.5,144.0,135.0,333.0,635.5,505.75
331,157.5,144.0,135.0,333.0,709.3,505.75
332,157.5,144.0,135.0,333.0,746.1999999999999,505.75
333,157.5,144.0,135.0,333.0,746.1999999999999,505.75
334,157.5,144.0,135.0,333.0,709.3,467.5
335,157.5,144.0,135.0,252.0,635.5,382.5
336,157.5,144.0,135.0,211.5,524.8,276.25
337,157.5,144.0,135.0,130.5,414.09999999999997,199.75
338,157.5,144.0,135.0,130.5,370.0,161.5
339,157.5,144.0,135.0,130.5,340.3,123.25
340,157.5,144.0,135.0,130.5,340.3,123.25
341,157.5,144.0,135.0,130.5,370.0,123.25
342,157.5,144.0,135.0,130.5,377.2,123.25
343,157.5,144.0,135.0,130.5,414.09999999999997,123.25
344,157.5,144.0,135.0,171.0,451.0,123.25
345,157.5,144.0,135.0,171.0,487.9,123.25
346,157.5,144.0,135.0,211.5,487.9,123.25
347,157.5,144.0,135.0,211.5,487.9,123.25
348,157.5,144.0,135.0,252.0,487.9,161.5
349,157.5,144.0,135.0,292.5,487.9,199.75
350,157.5,144.0,135.0,292.5,487.9,199.75
351,157.5,144.0,135.0,333.0,524.8,199.75
352,157.5,144.0,135.0,373.5,524.8,276.25
353,157.5,144.0,135.0,373.5,598.6,276.25
354,157.5,144.0,135.0,405.0,709.3,276.25
355,157.5,144.0,135.0,454.5,783.1,314.5
356,157.5,144.0,135.0,454.5,783.1,352.75
357,157.5,144.0,135.0,454.5,746.1999999999999,382.5
358,157.5,144.0,135.0,454.5,709.3,391.0
359,157.5,144.0,135.0,405.0,598.6,382.5
360,157.5,144.0,135.0,373.5,524.8,382.5
361,157.5,144.0,135.0,373.5,377.2,382.5
362,157.5,144.0,135.0,373.5,370.0,352.75
363,157.5,144.0,135.0,373.5,370.0,352.75
364,157.5,144.0,135.0,373.5,370.0,352.75
365,157.5,144.0,135.0,373.5,370.0,352.75
366,157.5,144.0,135.0,373.5,370.0,352.75
367,157.5,144.0,135.0,373.5,370.0,352.75
368,157.5,144.0,135.0,373.5,370.0,352.75
369,157.5,144.0,135.0,373.5,370.0,352.75
370,157.5,144.0,135.0,373.5,370.0,352.75
371,157.5,144.0,135.0,373.5,370.0,352.75
372,157.5,144.0,135.0,373.5,414.09999999999997,352.75
373,157.5,144.0,135.0,373.5,414.09999999999997,352.75
374,157.5,144.0,135.0,373.5,451.0,352.75
375,157.5,144.0,135.0,373.5,487.9,352.75
376,157.5,144.0,135.0,373.5,524.8,352.75
377,157.5,144.0,135.0,373.5,561.7,382.5
378,157.5,144.0,135.0,373.5,561.7,382.5
379,157.5,144.0,135.0,373.5,561.7,382.5
380,157.5,144.0,135.0,373.5,561.7,382.5
381,157.5,144.0,135.0,373.5,561.7,391.0
382,157.5,144.0,135.0,414.0,524.8,382.5
383,157.5,144.0,135.0,414.0,487.9,382.5
384,157.5,144.0,135.0,405.0,370.0,314.5
385,157.5,144.0,135.0,405.0,266.5,276.25
386,157.5,144.0,135.0,405.0,229.6,276.25
387,157.5,144.0,135.0,405.0,229.6,276.25
388,157.5,144.0,135.0,405.0,229.6,276.25
389,157.5,144.0,135.0,405.0,229.6,276.25
390,157.5,144.0,135.0,405.0,229.6,276.25
391,157.5,144.0,135.0,405.0,266.5,276.25
392,157.5,144.0,135.0,405.0,266.5,276.25
393,157.5,144.0,135.0,405.0,266.5,276.25
394,157.5,144.0,135.0,405.0,266.5,276.25
395,157.5,144.0,135.0,405.0,266.5,276.25
396,157.5,144.0,135.0,405.0,303.4,352.75
397,157.5,144.0,135.0,405.0,340.3,382.5
398,157.5,144.0,135.0,405.0,340.3,429.25
399,157.5,144.0,135.0,405.0,340.3,505.75
400,157.5,144.0,135.0,405.0,370.0,735.25
401,157.5,144.0,135.0,414.0,370.0,850.0
402,157.5,144.0,135.0,414.0,370.0,850.0
403,157.5,144.0,135.0,454.5,414.09999999999997,850.0
404,157.5,144.0,135.0,495.0,451.0,850.0
405,157.5,144.0,135.0,495.0,451.0,773.5
406,157.5,144.0,135.0,495.0,451.0,697.0
407,157.5,144.0,135.0,454.5,370.0,620.5
408,157.5,144.0,135.0,405.0,303.4,544.0
409,157.5,144.0,135.0,373.5,266.5,467.5
410,157.5,144.0,135.0,333.0,192.7,382.5
411,157.5,144.0,135.0,333.0,192.7,382.5
412,157.5,144.0,135.0,333.0,192.7,382.5
413,157.5,144.0,135.0,333.0,192.7,382.5
414,157.5,144.0,135.0,333.0,192.7,382.5
415,157.5,144.0,135.0,333.0,303.4,382.5
416,157.5,144.0,135.0,333.0,340.3,382.5
417,157.5,144.0,135.0,333.0,370.0,382.5
418,157.5,144.0,135.0,333.0,370.0,382.5
419,157.5,144.0,135.0,333.0,370.0,382.5
420,157.5,144.0,135.0,333.0,370.0,382.5
421,157.5,144.0,135.0,333.0,370.0,382.5
422,157.5,144.0,135.0,333.0,370.0,382.5
423,157.5,144.0,135.0,333.0,414.09999999999997,382.5
424,157.5,144.0,135.0,373.5,414.09999999999997,382.5
425,157.5,144.0,135.0,373.5,487.9,382.5
426,157.5,144.0,135.0,405.0,598.6,382.5
427,157.5,144.0,135.0,405.0,598.6,382.5
428,157.5,144.0,135.0,405.0,598.6,391.0
429,157.5,144.0,135.0,405.0,561.7,429.25
430,157.5,144.0,135.0,414.0,487.9,382.5
431,157.5,144.0,135.0,414.0,451.0,314.5
432,157.5,144.0,135.0,414.0,414.09999999999997,199.75
433,157.5,144.0,135.0,405.0,377.2,161.5
434,157.5,144.0,135.0,405.0,370.0,123.25
435,157.5,144.0,135.0,405.0,370.0,123.25
436,157.5,144.0,135.0,405.0,370.0,123.25
437,157.5,144.0,135.0,405.0,370.0,123.25
438,157.5,144.0,135.0,405.0,370.0,123.25
439,157.5,144.0,135.0,405.0,370.0,123.25
440,157.5,144.0,135.0,405.0,370.0,123.25
441,157.5,144.0,135.0,405.0,377.2,123.25
442,157.5,144.0,135.0,405.0,377.2,123.25
443,157.5,144.0,135.0,405.0,414.09999999999997,123.25
444,157.5,144.0,135.0,405.0,414.09999999999997,199.75
445,157.5,144.0,135.0,405.0,414.09999999999997,276.25
446,157.5,144.0,135.0,405.0,414.09999999999997,467.5
447,157.5,144.0,135.0,405.0,451.0,467.5
448,157.5,144.0,135.0,405.0,451.0,582.25
449,157.5,144.0,135.0,405.0,451.0,582.25
450,157.5,144.0,135.0,405.0,524.8,620.5
451,157.5,144.0,135.0,405.0,561.7,697.0
452,157.5,144.0,135.0,414.0,561.7,697.0
453,157.5,144.0,135.0,414.0,561.7,697.0
454,157.5,144.0,135.0,405.0,561.7,658.75
455,157.5,144.0,135.0,405.0,524.8,582.25
456,157.5,144.0,135.0,405.0,487.9,505.75
457,157.5,144.0,135.0,373.5,370.0,429.25
458,157.5,144.0,135.0,333.0,303.4,391.0
459,157.5,144.0,135.0,333.0,303.4,382.5
460,157.5,144.0,135.0,333.0,303.4,382.5
461,157.5,144.0,135.0,333.0,303.4,382.5
462,157.5,144.0,135.0,333.0,303.4,382.5
463,157.5,144.0,135.0,333.0,303.4,382.5
464,157.5,144.0,135.0,333.0,303.4,382.5
465,157.5,144.0,135.0,333.0,303.4,382.5
466,157.5,144.0,135.0,333.0,303.4,382.5
467,157.5,144.0,135.0,333.0,303.4,382.5
468,157.5,144.0,135.0,333.0,303.4,382.5
469,157.5,144.0,135.0,333.0,303.4,382.5
470,157.5,144.0,135.0,333.0,303.4,382.5
471,157.5,144.0,135.0,333.0,303.4,382.5
472,157.5,144.0,135.0,333.0,340.3,382.5
473,157.5,144.0,135.0,333.0,370.0,382.5
474,157.5,144.0,135.0,333.0,370.0,429.25
475,157.5,144.0,135.0,373.5,370.0,544.0
476,157.5,144.0,135.0,405.0,370.0,582.25
477,157.5,144.0,135.0,405.0,370.0,620.5
478,157.5,144.0,135.0,333.0,340.3,582.25
479,157.5,144.0,135.0,292.5,266.5,467.5
480,157.5,144.0,135.0,292.5,229.6,429.25
481,157.5,144.0,135.0,292.5,192.7,391.0
482,157.5,144.0,135.0,292.5,192.7,391.0
483,157.5,144.0,135.0,292.5,155.8,382.5
484,157.5,144.0,135.0,292.5,155.8,382.5
485,157.5,144.0,135.0,333.0,155.8,382.5
486,157.5,144.0,135.0,333.0,192.7,382.5
487,157.5,144.0,135.0,333.0,192.7,382.5
488,157.5,144.0,135.0,333.0,229.6,382.5
489,157.5,144.0,135.0,333.0,266.5,382.5
490,157.5,144.0,135.0,333.0,303.4,382.5
491,157.5,144.0,135.0,333.0,340.3,382.5
492,157.5,144.0,135.0,333.0,340.3,382.5
493,157.5,144.0,135.0,333.0,370.0,382.5
494,157.5,144.0,135.0,333.0,414.09999999999997,382.5
495,157.5,144.0,135.0,333.0,451.0,382.5
496,157.5,144.0,135.0,333.0,451.0,382.5
497,157.5,144.0,135.0,373.5,487.9,382.5
498,157.5,144.0,135.0,405.0,487.9,382.5
499,157.5,144.0,135.0,454.5,524.8,382.5
500,157.5,144.0,135.0,454.5,524.8,382.5
501,157.5,144.0,135.0,454.5,524.8,391.0
502,157.5,144.0,135.0,405.0,487.9,382.5
503,157.5,144.0,135.0,414.0,370.0,352.75
504,157.5,144.0,135.0,405.0,266.5,314.5
505,157.5,144.0,135.0,405.0,229.6,314.5
506,157.5,144.0,135.0,405.0,229.6,314.5
507,157.5,144.0,135.0,405.0,229.6,314.5
508,157.5,144.0,135.0,405.0,229.6,314.5
509,157.5,144.0,135.0,405.0,229.6,314.5
510,157.5,144.0,135.0,405.0,266.5,314.5
511,157.5,144.0,135.0,405.0,303.4,314.5
512,157.5,144.0,135.0,405.0,340.3,314.5
513,157.5,144.0,135.0,405.0,370.0,314.5
514,157.5,144.0,135.0,405.0,414.09999999999997,314.5
515,157.5,144.0,135.0,405.0,414.09999999999997,314.5
516,157.5,144.0,135.0,405.0,451.0,314.5
517,157.5,144.0,135.0,405.0,451.0,314.5
518,157.5,144.0,135.0,405.0,451.0,352.75
519,157.5,144.0,135.0,405.0,451.0,382.5
520,157.5,144.0,135.0,405.0,487.9,382.5
521,157.5,144.0,135.0,405.0,487.9,382.5
522,157.5,144.0,135.0,405.0,487.9,382.5
523,157.5,144.0,135.0,405.0,487.9,382.5
524,157.5,144.0,135.0,414.0,487.9,382.5
525,157.5,144.0,135.0,414.0,487.9,391.0
526,157.5,144.0,135.0,405.0,451.0,382.5
527,157.5,144.0,135.0,333.0,370.0,314.5
528,157.5,144.0,135.0,333.0,266.5,276.25
529,157.5,144.0,135.0,333.0,155.8,199.75
530,157.5,144.0,135.0,333.0,118.9,199.75
531,157.5,144.0,135.0,333.0,118.9,161.5
532,157.5,144.0,135.0,333.0,118.9,161.5
533,157.5,144.0,135.0,333.0,155.8,161.5
534,157.5,144.0,135.0,333.0,192.7,161.5
535,157.5,144.0,135.0,333.0,192.7,161.5
536,157.5,144.0,135.0,333.0,229.6,161.5
537,157.5,144.0,135.0,333.0,266.5,161.5
538,157.5,144.0,135.0,333.0,266.5,161.5
539,157.5,144.0,135.0,333.0,266.5,161.5
540,157.5,144.0,135.0,333.0,303.4,161.5
541,157.5,144.0,135.0,333.0,340.3,352.75
542,157.5,144.0,135.0,333.0,340.3,352.75
543,157.5,144.0,135.0,333.0,340.3,382.5
544,157.5,144.0,135.0,333.0,370.0,505.75
545,157.5,144.0,135.0,373.5,370.0,582.25
546,157.5,144.0,135.0,373.5,561.7,697.0
547,157.5,144.0,135.0,414.0,709.3,735.25
548,157.5,144.0,135.0,454.5,709.3,735.25
549,157.5,144.0,135.0,495.0,709.3,735.25
550,157.5,144.0,135.0,495.0,672.4,658.75
551,157.5,144.0,135.0,454.5,598.6,544.0
552,157.5,144.0,135.0,414.0,487.9,467.5
553,157.5,144.0,135.0,405.0,370.0,382.5
554,157.5,144.0,135.0,405.0,303.4,276.25
555,157.5,144.0,135.0,405.0,229.6,276.25
556,157.5,144.0,135.0,405.0,266.5,276.25
557,157.5,144.0,135.0,405.0,266.5,276.25
558,157.5,144.0,135.0,405.0,266.5,276.25
559,157.5,144.0,135.0,414.0,266.5,276.25
560,157.5,144.0,135.0,454.5,266.5,276.25
561,157.5,144.0,135.0,495.0,266.5,276.25
562,157.5,144.0,135.0,495.0,266.5,276.25
563,157.5,144.0,135.0,495.0,266.5,276.25
564,157.5,144.0,135.0,535.5,303.4,276.25
565,157.5,144.0,135.0,535.5,340.3,276.25
566,157.5,144.0,135.0,535.5,340.3,276.25
567,157.5,144.0,135.0,576.0,340.3,276.25
568,157.5,144.0,135.0,616.5,340.3,352.75
569,157.5,144.0,135.0,657.0,377.2,429.25
570,157.5,144.0,135.0,697.5,414.09999999999997,544.0
571,157.5,144.0,135.0,738.0,451.0,620.5
572,157.5,144.0,135.0,738.0,451.0,658.75
573,157.5,144.0,135.0,738.0,451.0,658.75
574,157.5,144.0,135.0,697.5,451.0,658.75
575,157.5,144.0,135.0,657.0,370.0,620.5
576,157.5,144.0,135.0,576.0,266.5,544.0
577,157.5,144.0,135.0,495.0,192.7,505.75
578,157.5,144.0,135.0,414.0,155.8,382.5
579,157.5,144.0,135.0,405.0,155.8,314.5
580,157.5,144.0,135.0,405.0,155.8,314.5
581,157.5,144.0,135.0,405.0,192.7,314.5
582,157.5,144.0,135.0,405.0,229.6,314.5
583,157.5,144.0,135.0,405.0,229.6,314.5
584,157.5,144.0,135.0,405.0,266.5,314.5
585,157.5,144.0,135.0,405.0,303.4,314.5
586,157.5,144.0,135.0,405.0,303.4,314.5
587,157.5,144.0,135.0,405.0,303.4,314.5
588,157.5,144.0,135.0,405.0,303.4,314.5
589,157.5,144.0,135.0,405.0,303.4,314.5
590,157.5,144.0,135.0,405.0,340.3,352.75
591,157.5,144.0,135.0,405.0,370.0,352.75
592,157.5,144.0,135.0,405.0,414.09999999999997,382.5
593,157.5,144.0,135.0,405.0,414.09999999999997,467.5
594,157.5,144.0,135.0,405.0,487.9,544.0
595,157.5,144.0,135.0,414.0,598.6,544.0
596,157.5,144.0,135.0,414.0,635.5,544.0
597,157.5,144.0,135.0,414.0,635.5,544.0
598,157.5,144.0,135.0,414.0,561.7,505.75
599,157.5,144.0,135.0,414.0,524.8,429.25
600,157.5,144.0,135.0,405.0,451.0,382.5
601,157.5,144.0,135.0,405.0,370.0,382.5
602,157.5,144.0,135.0,405.0,303.4,382.5
603,157.5,144.0,135.0,405.0,303.4,382.5
604,157.5,144.0,135.0,405.0,303.4,382.5
605,157.5,144.0,135.0,405.0,303.4,382.5
606,157.5,144.0,135.0,405.0,303.4,382.5
607,157.5,144.0,135.0,405.0,303.4,382.5
608,157.5,144.0,135.0,405.0,303.4,382.5
609,157.5,144.0,135.0,405.0,303.4,382.5
610,157.5,144.0,135.0,405.0,303.4,382.5
611,157.5,144.0,135.0,405.0,340.3,382.5
612,157.5,144.0,135.0,405.0,340.3,382.5
613,157.5,144.0,135.0,405.0,370.0,429.25
614,157.5,144.0,135.0,405.0,414.09999999999997,505.75
615,157.5,144.0,135.0,405.0,414.09999999999997,505.75
616,157.5,144.0,135.0,405.0,414.09999999999997,582.25
617,157.5,144.0,135.0,405.0,414.09999999999997,658.75
618,157.5,144.0,135.0,405.0,414.09999999999997,658.75
619,157.5,144.0,135.0,405.0,414.09999999999997,735.25
620,157.5,144.0,135.0,414.0,414.09999999999997,735.25
621,157.5,144.0,135.0,414.0,370.0,697.0
622,157.5,144.0,135.0,405.0,303.4,658.75
623,157.5,144.0,135.0,373.5,266.5,544.0
624,157.5,144.0,135.0,373.5,229.6,467.5
625,157.5,144.0,135.0,373.5,155.8,429.25
626,157.5,144.0,135.0,373.5,155.8,382.5
627,157.5,144.0,135.0,373.5,192.7,382.5
628,157.5,144.0,135.0,373.5,229.6,382.5
629,157.5,144.0,135.0,373.5,266.5,382.5
630,157.5,144.0,135.0,373.5,266.5,382.5
631,157.5,144.0,135.0,373.5,303.4,382.5
632,157.5,144.0,135.0,373.5,303.4,382.5
633,157.5,144.0,135.0,373.5,303.4,382.5
634,157.5,144.0,135.0,373.5,303.4,382.5
635,157.5,144.0,135.0,373.5,303.4,382.5
636,157.5,144.0,135.0,373.5,303.4,382.5
637,157.5,144.0,135.0,373.5,370.0,382.5
638,157.5,144.0,135.0,373.5,377.2,467.5
639,157.5,144.0,135.0,373.5,377.2,620.5
640,157.5,144.0,135.0,373.5,414.09999999999997,620.5
641,157.5,144.0,135.0,373.5,635.5,658.75
642,157.5,144.0,135.0,373.5,635.5,658.75
643,157.5,144.0,135.0,405.0,672.4,697.0
644,157.5,144.0,135.0,414.0,672.4,697.0
645,157.5,144.0,135.0,414.0,672.4,697.0
646,157.5,144.0,135.0,405.0,598.6,658.75
647,157.5,144.0,135.0,333.0,524.8,582.25
648,157.5,144.0,135.0,292.5,451.0,467.5
649,157.5,144.0,135.0,252.0,414.09999999999997,429.25
650,157.5,144.0,135.0,252.0,370.0,382.5
651,157.5,144.0,135.0,252.0,370.0,382.5
652,157.5,144.0,135.0,252.0,370.0,382.5
653,157.5,144.0,135.0,252.0,370.0,382.5
654,157.5,144.0,135.0,252.0,370.0,382.5
655,157.5,144.0,135.0,252.0,377.2,382.5
656,157.5,144.0,135.0,252.0,377.2,382.5
657,157.5,144.0,135.0,252.0,414.09999999999997,382.5
658,157.5,144.0,135.0,252.0,414.09999999999997,382.5
659,157.5,144.0,135.0,252.0,487.9,382.5
660,157.5,144.0,135.0,252.0,561.7,382.5
661,157.5,144.0,135.0,252.0,561.7,382.5
662,157.5,144.0,135.0,252.0,561.7,382.5
663,157.5,144.0,135.0,252.0,635.5,382.5
664,157.5,144.0,135.0,333.0,672.4,382.5
665,157.5,144.0,135.0,405.0,672.4,467.5
666,157.5,144.0,135.0,405.0,672.4,505.75
667,157.5,144.0,135.0,414.0,709.3,544.0
668,157.5,144.0,135.0,454.5,709.3,544.0
669,157.5,144.0,135.0,454.5,709.3,544.0
670,157.5,144.0,135.0,454.5,672.4,467.5
671,157.5,144.0,135.0,405.0,598.6,382.5
672,157.5,144.0,135.0,333.0,487.9,314.5
673,157.5,144.0,135.0,252.0,370.0,199.75
674,157.5,144.0,135.0,252.0,303.4,123.25
675,157.5,144.0,135.0,252.0,303.4,123.25
676,157.5,144.0,135.0,252.0,303.4,123.25
677,157.5,144.0,135.0,252.0,303.4,123.25
678,157.5,144.0,135.0,252.0,303.4,123.25
679,157.5,144.0,135.0,252.0,303.4,123.25
680,157.5,144.0,135.0,252.0,303.4,123.25
681,157.5,144.0,135.0,252.0,303.4,123.25
682,157.5,144.0,135.0,252.0,340.3,123.25
683,157.5,144.0,135.0,252.0,340.3,123.25
684,157.5,144.0,135.0,252.0,340.3,123.25
685,157.5,144.0,135.0,252.0,340.3,123.25
686,157.5,144.0,135.0,252.0,340.3,123.25
687,157.5,144.0,135.0,252.0,340.3,123.25
688,157.5,144.0,135.0,292.5,340.3,238.0
689,157.5,144.0,135.0,333.0,340.3,382.5
690,157.5,144.0,135.0,333.0,340.3,467.5
691,157.5,144.0,135.0,373.5,340.3,467.5
692,157.5,144.0,135.0,405.0,340.3,467.5
693,157.5,144.0,135.0,414.0,370.0,467.5
694,157.5,144.0,135.0,405.0,340.3,467.5
695,157.5,144.0,135.0,373.5,340.3,467.5
696,157.5,144.0,135.0,333.0,266.5,429.25
697,157.5,144.0,135.0,292.5,192.7,382.5
698,157.5,144.0,135.0,292.5,155.8,382.5
699,157.5,144.0,135.0,292.5,118.9,382.5
700,157.5,144.0,135.0,292.5,118.9,382.5
701,157.5,144.0,135.0,333.0,118.9,382.5
702,157.5,144.0,135.0,405.0,155.8,382.5
703,157.5,144.0,135.0,405.0,229.6,382.5
704,157.5,144.0,135.0,405.0,229.6,382.5
705,157.5,144.0,135.0,405.0,229.6,382.5
706,157.5,144.0,135.0,405.0,266.5,382.5
707,157.5,144.0,135.0,405.0,266.5,382.5
708,157.5,144.0,135.0,414.0,340.3,382.5
709,157.5,144.0,135.0,414.0,340.3,382.5
710,157.5,144.0,135.0,414.0,340.3,382.5
711,157.5,144.0,135.0,414.0,370.0,382.5
712,157.5,144.0,135.0,414.0,370.0,429.25
713,157.5,144.0,135.0,414.0,370.0,544.0
714,157.5,144.0,135.0,414.0,370.0,658.75
715,157.5,144.0,135.0,454.5,414.09999999999997,735.25
716,157.5,144.0,135.0,495.0,451.0,735.25
717,157.5,144.0,135.0,495.0,451.0,735.25
718,157.5,144.0,135.0,495.0,451.0,697.0
719,157.5,144.0,135.0,495.0,370.0,582.25
720,157.5,144.0,135.0,454.5,303.4,467.5
721,157.5,144.0,135.0,405.0,229.6,382.5
722,157.5,144.0,135.0,373.5,192.7,314.5
723,157.5,144.0,135.0,373.5,192.7,314.5
724,157.5,144.0,135.0,373.5,229.6,314.5
725,157.5,144.0,135.0,373.5,229.6,314.5
726,157.5,144.0,135.0,373.5,266.5,314.5
727,157.5,144.0,135.0,373.5,266.5,314.5
728,157.5,144.0,135.0,373.5,266.5,314.5
729,157.5,144.0,135.0,373.5,266.5,314.5
730,157.5,144.0,135.0,373.5,266.5,314.5
731,157.5,144.0,135.0,373.5,266.5,314.5
732,157.5,144.0,135.0,373.5,266.5,314.5
733,157.5,144.0,135.0,373.5,266.5,314.5
734,157.5,144.0,135.0,373.5,303.4,314.5
735,157.5,144.0,135.0,373.5,303.4,314.5
736,157.5,144.0,135.0,373.5,303.4,314.5
737,157.5,144.0,135.0,373.5,303.4,314.5
738,157.5,144.0,135.0,405.0,303.4,352.75
739,157.5,144.0,135.0,414.0,370.0,382.5
740,157.5,144.0,135.0,414.0,414.09999999999997,382.5
741,157.5,144.0,135.0,414.0,414.09999999999997,391.0
742,157.5,144.0,135.0,414.0,370.0,382.5
743,157.5,144.0,135.0,405.0,370.0,352.75
744,157.5,144.0,135.0,405.0,370.0,314.5
745,157.5,144.0,135.0,405.0,340.3,276.25
746,157.5,144.0,135.0,405.0,340.3,238.0
747,157.5,144.0,135.0,405.0,340.3,238.0
748,157.5,144.0,135.0,405.0,340.3,238.0
749,157.5,144.0,135.0,405.0,340.3,238.0
750,157.5,144.0,135.0,405.0,340.3,238.0
751,157.5,144.0,135.0,405.0,340.3,238.0
752,157.5,144.0,135.0,405.0,370.0,238.0
753,157.5,144.0,135.0,405.0,370.0,238.0
754,157.5,144.0,135.0,405.0,451.0,238.0
755,157.5,144.0,135.0,405.0,451.0,238.0
756,157.5,144.0,135.0,405.0,524.8,238.0
757,157.5,144.0,135.0,405.0,524.8,238.0
758,157.5,144.0,135.0,405.0,524.8,238.0
759,157.5,144.0,135.0,405.0,524.8,276.25
760,157.5,144.0,135.0,405.0,524.8,276.25
761,157.5,144.0,135.0,405.0,561.7,314.5
762,157.5,144.0,135.0,405.0,561.7,352.75
763,157.5,144.0,135.0,405.0,561.7,382.5
764,157.5,144.0,135.0,405.0,561.7,391.0
765,157.5,144.0,135.0,414.0,524.8,391.0
766,157.5,144.0,135.0,405.0,524.8,382.5
767,157.5,144.0,135.0,373.5,451.0,352.75
768,157.5,144.0,135.0,292.5,370.0,276.25
769,157.5,144.0,135.0,211.5,266.5,199.75
770,157.5,144.0,135.0,211.5,155.8,199.75
771,157.5,144.0,135.0,211.5,118.9,161.5
772,157.5,144.0,135.0,211.5,118.9,161.5
773,157.5,144.0,135.0,211.5,118.9,161.5
774,157.5,144.0,135.0,211.5,192.7,161.5
775,157.5,144.0,135.0,211.5,192.7,161.5
776,157.5,144.0,135.0,211.5,192.7,161.5
777,157.5,144.0,135.0,211.5,192.7,199.75
778,157.5,144.0,135.0,211.5,192.7,238.0
779,157.5,144.0,135.0,211.5,192.7,276.25
780,157.5,144.0,135.0,211.5,266.5,276.25
781,157.5,144.0,135.0,252.0,266.5,314.5
782,157.5,144.0,135.0,292.5,340.3,352.75
783,157.5,144.0,135.0,333.0,340.3,352.75
784,157.5,144.0,135.0,405.0,340.3,391.0
785,157.5,144.0,135.0,405.0,370.0,429.25
786,157.5,144.0,135.0,405.0,370.0,467.5
787,157.5,144.0,135.0,414.0,370.0,505.75
788,157.5,144.0,135.0,414.0,377.2,505.75
789,157.5,144.0,135.0,414.0,370.0,505.75
790,157.5,144.0,135.0,414.0,340.3,467.5
791,157.5,144.0,135.0,405.0,340.3,429.25
792,157.5,144.0,135.0,373.5,266.5,382.5
793,157.5,144.0,135.0,292.5,229.6,382.5
794,157.5,144.0,135.0,292.5,155.8,352.75
795,157.5,144.0,135.0,292.5,118.9,352.75
796,157.5,144.0,135.0,292.5,118.9,391.0
797,157.5,144.0,135.0,292.5,118.9,429.25
798,157.5,144.0,135.0,292.5,118.9,467.5
799,157.5,144.0,135.0,292.5,155.8,467.5
800,157.5,144.0,135.0,292.5,229.6,467.5
801,157.5,144.0,135.0,292.5,303.4,505.75
802,157.5,144.0,135.0,292.5,370.0,505.75
803,157.5,144.0,135.0,292.5,451.0,544.0
804,157.5,144.0,135.0,292.5,487.9,582.25
805,157.5,144.0,135.0,292.5,487.9,620.5
806,157.5,144.0,135.0,292.5,487.9,620.5
807,157.5,144.0,135.0,333.0,487.9,620.5
808,157.5,144.0,135.0,405.0,487.9,620.5
809,157.5,144.0,135.0,414.0,561.7,620.5
810,157.5,144.0,135.0,414.0,598.6,697.0
811,157.5,144.0,135.0,414.0,598.6,697.0
812,157.5,144.0,135.0,454.5,635.5,735.25
813,157.5,144.0,135.0,454.5,672.4,735.25
814,157.5,144.0,135.0,454.5,672.4,735.25
815,157.5,144.0,135.0,405.0,598.6,658.75
816,157.5,144.0,135.0,292.5,524.8,544.0
817,157.5,144.0,135.0,211.5,451.0,429.25
818,157.5,144.0,135.0,211.5,377.2,391.0
819,157.5,144.0,135.0,211.5,370.0,382.5
820,157.5,144.0,135.0,211.5,370.0,429.25
821,157.5,144.0,135.0,211.5,370.0,429.25
822,157.5,144.0,135.0,211.5,370.0,467.5
823,157.5,144.0,135.0,211.5,370.0,467.5
824,157.5,144.0,135.0,211.5,370.0,467.5
825,157.5,144.0,135.0,211.5,370.0,467.5
826,157.5,144.0,135.0,211.5,370.0,505.75
827,157.5,144.0,135.0,211.5,370.0,544.0
828,157.5,144.0,135.0,211.5,370.0,582.25
829,157.5,144.0,135.0,211.5,370.0,620.5
830,157.5,144.0,135.0,252.0,370.0,620.5
831,157.5,144.0,135.0,333.0,370.0,620.5
832,157.5,144.0,135.0,373.5,370.0,620.5
833,157.5,144.0,135.0,405.0,414.09999999999997,620.5
834,157.5,144.0,135.0,405.0,414.09999999999997,620.5
835,157.5,144.0,135.0,414.0,414.09999999999997,620.5
836,157.5,144.0,135.0,414.0,414.09999999999997,620.5
837,157.5,144.0,135.0,414.0,414.09999999999997,620.5
838,157.5,144.0,135.0,414.0,370.0,582.25
839,157.5,144.0,135.0,414.0,303.4,505.75
840,157.5,144.0,135.0,405.0,192.7,429.25
841,157.5,144.0,135.0,405.0,118.9,391.0
842,157.5,144.0,135.0,405.0,118.9,382.5
843,157.5,144.0,135.0,405.0,118.9,382.5
844,157.5,144.0,135.0,405.0,118.9,382.5
845,157.5,144.0,135.0,405.0,118.9,391.0
846,157.5,144.0,135.0,405.0,118.9,429.25
847,157.5,144.0,135.0,405.0,118.9,429.25
848,157.5,144.0,135.0,405.0,118.9,429.25
849,157.5,144.0,135.0,405.0,118.9,467.5
850,157.5,144.0,135.0,405.0,118.9,467.5
851,157.5,144.0,135.0,405.0,118.9,467.5
852,157.5,144.0,135.0,405.0,118.9,505.75
853,157.5,144.0,135.0,414.0,229.6,544.0
854,157.5,144.0,135.0,414.0,229.6,582.25
855,157.5,144.0,135.0,414.0,229.6,620.5
856,157.5,144.0,135.0,414.0,340.3,620.5
857,157.5,144.0,135.0,414.0,370.0,620.5
858,157.5,144.0,135.0,414.0,451.0,658.75
859,157.5,144.0,135.0,495.0,524.8,735.25
860,157.5,144.0,135.0,535.5,524.8,735.25
861,157.5,144.0,135.0,535.5,524.8,735.25
862,157.5,144.0,135.0,535.5,487.9,697.0
863,157.5,144.0,135.0,535.5,370.0,620.5
864,157.5,144.0,135.0,454.5,266.5,544.0
865,157.5,144.0,135.0,414.0,192.7,467.5
866,157.5,144.0,135.0,405.0,155.8,429.25
867,157.5,144.0,135.0,405.0,155.8,382.5
868,157.5,144.0,135.0,405.0,155.8,382.5
869,157.5,144.0,135.0,405.0,192.7,382.5
870,157.5,144.0,135.0,405.0,192.7,382.5
871,157.5,144.0,135.0,405.0,303.4,382.5
872,157.5,144.0,135.0,405.0,340.3,382.5
873,157.5,144.0,135.0,405.0,340.3,382.5
874,157.5,144.0,135.0,405.0,370.0,382.5
875,157.5,144.0,135.0,405.0,370.0,382.5
876,157.5,144.0,135.0,405.0,370.0,382.5
877,157.5,144.0,135.0,405.0,451.0,429.25
878,157.5,144.0,135.0,405.0,451.0,429.25
879,157.5,144.0,135.0,405.0,451.0,467.5
880,157.5,144.0,135.0,405.0,487.9,505.75
881,157.5,144.0,135.0,405.0,561.7,505.75
882,157.5,144.0,135.0,414.0,635.5,505.75
883,157.5,144.0,135.0,414.0,672.4,582.25
884,157.5,144.0,135.0,495.0,672.4,582.25
885,157.5,144.0,135.0,495.0,672.4,582.25
886,157.5,144.0,135.0,454.5,635.5,582.25
887,157.5,144.0,135.0,405.0,561.7,582.25
888,157.5,144.0,135.0,333.0,451.0,505.75
889,157.5,144.0,135.0,333.0,370.0,467.5
890,157.5,144.0,135.0,292.5,370.0,382.5
891,157.5,144.0,135.0,292.5,370.0,352.75
892,157.5,144.0,135.0,292.5,370.0,352.75
893,157.5,144.0,135.0,292.5,370.0,352.75
894,157.5,144.0,135.0,292.5,451.0,352.75
895,157.5,144.0,135.0,292.5,451.0,352.75
896,157.5,144.0,135.0,292.5,487.9,352.75
897,157.5,144.0,135.0,292.5,561.7,352.75
898,157.5,144.0,135.0,292.5,598.6,352.75
899,157.5,144.0,135.0,292.5,635.5,352.75
900,157.5,144.0,135.0,292.5,635.5,382.5
901,157.5,144.0,135.0,292.5,635.5,382.5
902,157.5,144.0,135.0,373.5,635.5,382.5
903,157.5,144.0,135.0,405.0,635.5,429.25
904,157.5,144.0,135.0,405.0,746.1999999999999,429.25
905,157.5,144.0,135.0,414.0,746.1999999999999,467.5
906,157.5,144.0,135.0,454.5,783.1,467.5
907,157.5,144.0,135.0,454.5,820.0,467.5
908,157.5,144.0,135.0,454.5,820.0,467.5
909,157.5,144.0,135.0,454.5,820.0,467.5
910,157.5,144.0,135.0,405.0,783.1,467.5
911,157.5,144.0,135.0,333.0,709.3,429.25
912,157.5,144.0,135.0,292.5,598.6,382.5
913,157.5,144.0,135.0,292.5,487.9,352.75
914,157.5,144.0,135.0,292.5,414.09999999999997,352.75
915,157.5,144.0,135.0,292.5,370.0,314.5
916,157.5,144.0,135.0,292.5,370.0,314.5
917,157.5,144.0,135.0,292.5,414.09999999999997,314.5
918,157.5,144.0,135.0,292.5,414.09999999999997,314.5
919,157.5,144.0,135.0,292.5,414.09999999999997,314.5
920,157.5,144.0,135.0,292.5,414.09999999999997,314.5
921,157.5,144.0,135.0,292.5,414.09999999999997,314.5
922,157.5,144.0,135.0,292.5,414.09999999999997,314.5
923,157.5,144.0,135.0,292.5,414.09999999999997,314.5
924,157.5,144.0,135.0,333.0,414.09999999999997,314.5
925,157.5,144.0,135.0,405.0,414.09999999999997,314.5
926,157.5,144.0,135.0,405.0,414.09999999999997,314.5
927,157.5,144.0,135.0,405.0,414.09999999999997,314.5
928,157.5,144.0,135.0,405.0,414.09999999999997,314.5
929,157.5,144.0,135.0,405.0,451.0,314.5
930,157.5,144.0,135.0,414.0,524.8,352.75
931,157.5,144.0,135.0,454.5,524.8,352.75
932,157.5,144.0,135.0,454.5,524.8,391.0
933,157.5,144.0,135.0,454.5,524.8,382.5
934,157.5,144.0,135.0,454.5,524.8,314.5
935,157.5,144.0,135.0,454.5,451.0,276.25
936,157.5,144.0,135.0,454.5,370.0,238.0
937,157.5,144.0,135.0,405.0,266.5,199.75
938,157.5,144.0,135.0,405.0,229.6,199.75
939,157.5,144.0,135.0,405.0,229.6,199.75
940,157.5,144.0,135.0,405.0,229.6,238.0
941,157.5,144.0,135.0,405.0,229.6,238.0
942,157.5,144.0,135.0,405.0,266.5,276.25
943,157.5,144.0,135.0,405.0,266.5,276.25
944,157.5,144.0,135.0,405.0,303.4,314.5
945,157.5,144.0,135.0,405.0,303.4,314.5
946,157.5,144.0,135.0,405.0,340.3,314.5
947,157.5,144.0,135.0,405.0,414.09999999999997,352.75
948,157.5,144.0,135.0,405.0,451.0,352.75
949,157.5,144.0,135.0,405.0,451.0,382.5
950,157.5,144.0,135.0,405.0,451.0,382.5
951,157.5,144.0,135.0,405.0,451.0,382.5
952,157.5,144.0,135.0,405.0,487.9,544.0
953,157.5,144.0,135.0,405.0,487.9,544.0
954,157.5,144.0,135.0,405.0,524.8,620.5
955,157.5,144.0,135.0,405.0,598.6,620.5
956,157.5,144.0,135.0,405.0,598.6,620.5
957,157.5,144.0,135.0,414.0,598.6,620.5
958,157.5,144.0,135.0,405.0,487.9,582.25
959,157.5,144.0,135.0,373.5,370.0,544.0
960,157.5,144.0,135.0,292.5,266.5,544.0
961,157.5,144.0,135.0,211.5,192.7,467.5
962,157.5,144.0,135.0,171.0,155.8,429.25
963,157.5,144.0,135.0,171.0,118.9,382.5
964,157.5,144.0,135.0,171.0,118.9,382.5
965,157.5,144.0,135.0,171.0,118.9,382.5
966,157.5,144.0,135.0,171.0,118.9,382.5
967,157.5,144.0,135.0,171.0,155.8,382.5
968,157.5,144.0,135.0,171.0,192.7,382.5
969,157.5,144.0,135.0,171.0,266.5,429.25
970,157.5,144.0,135.0,171.0,303.4,429.25
971,157.5,144.0,135.0,292.5,370.0,467.5
972,157.5,144.0,135.0,292.5,451.0,467.5
973,157.5,144.0,135.0,292.5,451.0,467.5
974,157.5,144.0,135.0,373.5,451.0,467.5
975,157.5,144.0,135.0,405.0,487.9,467.5
976,157.5,144.0,135.0,414.0,487.9,467.5
977,157.5,144.0,135.0,414.0,487.9,467.5
978,157.5,144.0,135.0,414.0,487.9,467.5
979,157.5,144.0,135.0,454.5,524.8,467.5
980,157.5,144.0,135.0,454.5,524.8,505.75
981,157.5,144.0,135.0,495.0,524.8,505.75
982,157.5,144.0,135.0,495.0,487.9,467.5
983,157.5,144.0,135.0,495.0,370.0,382.5
984,157.5,144.0,135.0,405.0,266.5,314.5
985,157.5,144.0,135.0,373.5,192.7,238.0
986,157.5,144.0,135.0,333.0,118.9,199.75
987,157.5,144.0,135.0,333.0,118.9,199.75
988,157.5,144.0,135.0,333.0,118.9,199.75
989,157.5,144.0,135.0,333.0,118.9,199.75
990,157.5,144.0,135.0,333.0,118.9,199.75
991,157.5,144.0,135.0,333.0,118.9,199.75
992,157.5,144.0,135.0,333.0,118.9,199.75
993,157.5,144.0,135.0,333.0,192.7,199.75
994,157.5,144.0,135.0,333.0,229.6,199.75
995,157.5,144.0,135.0,333.0,229.6,238.0
996,157.5,144.0,135.0,333.0,303.4,238.0
997,157.5,144.0,135.0,405.0,340.3,276.25
998,157.5,144.0,135.0,414.0,340.3,276.25
999,157.5,144.0,135.0,414.0,340.3,314.5
1000,157.5,144.0,135.0,414.0,340.3,352.75
1001,157.5,144.0,135.0,414.0,340.3,352.75
1002,157.5,144.0,135.0,414.0,340.3,352.75
1003,157.5,144.0,135.0,495.0,340.3,352.75
1004,157.5,144.0,135.0,535.5,370.0,391.0
1005,157.5,144.0,135.0,535.5,377.2,391.0
1006,157.5,144.0,135.0,535.5,370.0,382.5
1007,157.5,144.0,135.0,495.0,303.4,276.25
1008,157.5,144.0,135.0,454.5,266.5,199.75
1009,157.5,144.0,135.0,405.0,155.8,123.25
1010,157.5,144.0,135.0,405.0,118.9,85.0
1011,157.5,144.0,135.0,405.0,118.9,85.0
1012,157.5,144.0,135.0,405.0,118.9,85.0
1013,157.5,144.0,135.0,405.0,118.9,123.25
1014,157.5,144.0,135.0,405.0,118.9,123.25
1015,157.5,144.0,135.0,405.0,118.9,123.25
1016,157.5,144.0,135.0,405.0,155.8,123.25
1017,157.5,144.0,135.0,405.0,229.6,123.25
1018,157.5,144.0,135.0,405.0,303.4,161.5
1019,157.5,144.0,135.0,405.0,340.3,199.75
1020,157.5,144.0,135.0,405.0,340.3,199.75
1021,157.5,144.0,135.0,405.0,340.3,238.0
1022,157.5,144.0,135.0,405.0,377.2,238.0
1023,157.5,144.0,135.0,405.0,451.0,276.25
1024,157.5,144.0,135.0,405.0,451.0,276.25
1025,157.5,144.0,135.0,405.0,451.0,314.5
1026,157.5,144.0,135.0,405.0,451.0,429.25
1027,157.5,144.0,135.0,405.0,524.8,467.5
1028,157.5,144.0,135.0,405.0,561.7,505.75
1029,157.5,144.0,135.0,405.0,561.7,505.75
1030,157.5,144.0,135.0,414.0,561.7,505.75
1031,157.5,144.0,135.0,405.0,524.8,467.5
1032,157.5,144.0,135.0,405.0,487.9,382.5
1033,157.5,144.0,135.0,414.0,414.09999999999997,314.5
1034,157.5,144.0,135.0,405.0,370.0,199.75
1035,157.5,144.0,135.0,405.0,340.3,123.25
1036,157.5,144.0,135.0,405.0,340.3,123.25
1037,157.5,144.0,135.0,405.0,340.3,123.25
1038,157.5,144.0,135.0,405.0,370.0,123.25
1039,157.5,144.0,135.0,405.0,414.09999999999997,161.5
1040,157.5,144.0,135.0,405.0,414.09999999999997,161.5
1041,157.5,144.0,135.0,405.0,414.09999999999997,199.75
1042,157.5,144.0,135.0,405.0,451.0,199.75
1043,157.5,144.0,135.0,405.0,451.0,199.75
1044,157.5,144.0,135.0,405.0,451.0,276.25
1045,157.5,144.0,135.0,414.0,451.0,314.5
1046,157.5,144.0,135.0,414.0,451.0,505.75
1047,157.5,144.0,135.0,414.0,487.9,505.75
1048,157.5,144.0,135.0,414.0,487.9,544.0
1049,157.5,144.0,135.0,414.0,487.9,697.0
1050,157.5,144.0,135.0,414.0,487.9,735.25
1051,157.5,144.0,135.0,454.5,487.9,735.25
1052,157.5,144.0,135.0,495.0,487.9,735.25
1053,157.5,144.0,135.0,495.0,487.9,735.25
1054,157.5,144.0,135.0,495.0,487.9,697.0
1055,157.5,144.0,135.0,454.5,451.0,658.75
1056,157.5,144.0,135.0,414.0,451.0,544.0
1057,157.5,144.0,135.0,414.0,414.09999999999997,467.5
1058,157.5,144.0,135.0,405.0,377.2,429.25
1059,157.5,144.0,135.0,405.0,370.0,382.5
1060,157.5,144.0,135.0,405.0,370.0,382.5
1061,157.5,144.0,135.0,405.0,370.0,382.5
1062,157.5,144.0,135.0,405.0,370.0,382.5
1063,157.5,144.0,135.0,405.0,370.0,429.25
1064,157.5,144.0,135.0,405.0,370.0,467.5
1065,157.5,144.0,135.0,405.0,414.09999999999997,467.5
1066,157.5,144.0,135.0,405.0,414.09999999999997,467.5
1067,157.5,144.0,135.0,405.0,451.0,505.75
1068,157.5,144.0,135.0,405.0,451.0,544.0
1069,157.5,144.0,135.0,405.0,451.0,544.0
1070,157.5,144.0,135.0,405.0,451.0,544.0
1071,157.5,144.0,135.0,414.0,451.0,582.25
1072,157.5,144.0,135.0,414.0,487.9,582.25
1073,157.5,144.0,135.0,414.0,524.8,620.5
1074,157.5,144.0,135.0,414.0,561.7,620.5
1075,157.5,144.0,135.0,454.5,561.7,697.0
1076,157.5,144.0,135.0,454.5,561.7,697.0
1077,157.5,144.0,135.0,454.5,561.7,697.0
1078,157.5,144.0,135.0,454.5,561.7,658.75
1079,157.5,144.0,135.0,454.5,561.7,582.25
1080,157.5,144.0,135.0,454.5,524.8,505.75
1081,157.5,144.0,135.0,414.0,451.0,429.25
1082,157.5,144.0,135.0,405.0,370.0,382.5
1083,157.5,144.0,135.0,405.0,370.0,382.5
1084,157.5,144.0,135.0,405.0,370.0,382.5
1085,157.5,144.0,135.0,405.0,370.0,382.5
1086,157.5,144.0,135.0,405.0,487.9,382.5
1087,157.5,144.0,135.0,405.0,598.6,382.5
1088,157.5,144.0,135.0,405.0,598.6,382.5
1089,157.5,144.0,135.0,405.0,598.6,382.5
1090,157.5,144.0,135.0,405.0,635.5,382.5
1091,157.5,144.0,135.0,405.0,635.5,382.5
1092,157.5,144.0,135.0,405.0,746.1999999999999,382.5
1093,157.5,144.0,135.0,405.0,746.1999999999999,382.5
1094,157.5,144.0,135.0,405.0,746.1999999999999,382.5
1095,157.5,144.0,135.0,405.0,746.1999999999999,382.5
1096,157.5,144.0,135.0,414.0,783.1,382.5
1097,157.5,144.0,135.0,414.0,783.1,382.5
1098,157.5,144.0,135.0,414.0,783.1,382.5
1099,157.5,144.0,135.0,495.0,783.1,382.5
1100,157.5,144.0,135.0,535.5,820.0,382.5
1101,157.5,144.0,135.0,535.5,820.0,391.0
1102,157.5,144.0,135.0,535.5,820.0,382.5
1103,157.5,144.0,135.0,495.0,746.1999999999999,314.5
1104,157.5,144.0,135.0,454.5,672.4,276.25
1105,157.5,144.0,135.0,405.0,487.9,238.0
1106,157.5,144.0,135.0,405.0,414.09999999999997,238.0
1107,157.5,144.0,135.0,405.0,370.0,238.0
1108,157.5,144.0,135.0,405.0,370.0,238.0
1109,157.5,144.0,135.0,405.0,370.0,276.25
1110,157.5,144.0,135.0,405.0,414.09999999999997,352.75
1111,157.5,144.0,135.0,405.0,414.09999999999997,382.5
1112,157.5,144.0,135.0,405.0,414.09999999999997,382.5
1113,157.5,144.0,135.0,405.0,414.09999999999997,429.25
1114,157.5,144.0,135.0,405.0,451.0,467.5
1115,157.5,144.0,135.0,405.0,524.8,467.5
1116,157.5,144.0,135.0,405.0,524.8,505.75
1117,157.5,144.0,135.0,405.0,561.7,505.75
1118,157.5,144.0,135.0,405.0,561.7,505.75
1119,157.5,144.0,135.0,405.0,561.7,544.0
1120,157.5,144.0,135.0,405.0,561.7,620.5
1121,157.5,144.0,135.0,405.0,598.6,697.0
1122,157.5,144.0,135.0,405.0,672.4,697.0
1123,157.5,144.0,135.0,405.0,672.4,697.0
1124,157.5,144.0,135.0,454.5,709.3,735.25
1125,157.5,144.0,135.0,454.5,709.3,735.25
1126,157.5,144.0,135.0,454.5,709.3,697.0
1127,157.5,144.0,135.0,405.0,635.5,658.75
1128,157.5,144.0,135.0,414.0,524.8,544.0
1129,157.5,144.0,135.0,414.0,451.0,467.5
1130,157.5,144.0,135.0,405.0,370.0,429.25
1131,157.5,144.0,135.0,405.0,370.0,382.5
1132,157.5,144.0,135.0,405.0,370.0,382.5
1133,157.5,144.0,135.0,405.0,414.09999999999997,429.25
1134,157.5,144.0,135.0,405.0,414.09999999999997,429.25
1135,157.5,144.0,135.0,405.0,414.09999999999997,467.5
1136,157.5,144.0,135.0,405.0,414.09999999999997,467.5
1137,157.5,144.0,135.0,405.0,414.09999999999997,467.5
1138,157.5,144.0,135.0,405.0,414.09999999999997,467.5
1139,157.5,144.0,135.0,405.0,414.09999999999997,467.5
1140,157.5,144.0,135.0,405.0,414.09999999999997,467.5
1141,157.5,144.0,135.0,405.0,414.09999999999997,505.75
1142,157.5,144.0,135.0,405.0,451.0,505.75
1143,157.5,144.0,135.0,414.0,451.0,505.75
1144,157.5,144.0,135.0,414.0,451.0,544.0
1145,157.5,144.0,135.0,414.0,451.0,544.0
1146,157.5,144.0,135.0,495.0,451.0,582.25
1147,157.5,144.0,135.0,535.5,451.0,582.25
1148,157.5,144.0,135.0,535.5,487.9,582.25
1149,157.5,144.0,135.0,535.5,487.9,582.25
1150,157.5,144.0,135.0,535.5,451.0,544.0
1151,157.5,144.0,135.0,535.5,370.0,505.75
1152,157.5,144.0,135.0,495.0,266.5,382.5
1153,157.5,144.0,135.0,454.5,192.7,276.25
1154,157.5,144.0,135.0,405.0,192.7,199.75
1155,157.5,144.0,135.0,405.0,192.7,199.75
1156,157.5,144.0,135.0,405.0,192.7,199.75
1157,157.5,144.0,135.0,405.0,192.7,238.0
1158,157.5,144.0,135.0,405.0,192.7,276.25
1159,157.5,144.0,135.0,405.0,192.7,276.25
1160,157.5,144.0,135.0,405.0,229.6,276.25
1161,157.5,144.0,135.0,405.0,229.6,276.25
1162,157.5,144.0,135.0,405.0,229.6,276.25
1163,157.5,144.0,135.0,405.0,229.6,276.25
1164,157.5,144.0,135.0,405.0,229.6,276.25
1165,157.5,144.0,135.0,405.0,229.6,276.25
1166,157.5,144.0,135.0,405.0,229.6,276.25
1167,157.5,144.0,135.0,405.0,229.6,276.25
1168,157.5,144.0,135.0,405.0,340.3,314.5
1169,157.5,144.0,135.0,405.0,370.0,352.75
1170,157.5,144.0,135.0,405.0,487.9,382.5
1171,157.5,144.0,135.0,405.0,561.7,429.25
1172,157.5,144.0,135.0,405.0,561.7,429.25
1173,157.5,144.0,135.0,414.0,561.7,429.25
1174,157.5,144.0,135.0,414.0,561.7,391.0
1175,157.5,144.0,135.0,405.0,487.9,382.5
1176,157.5,144.0,135.0,405.0,451.0,382.5
1177,157.5,144.0,135.0,405.0,414.09999999999997,314.5
1178,157.5,144.0,135.0,405.0,370.0,314.5
1179,157.5,144.0,135.0,405.0,370.0,314.5
1180,157.5,144.0,135.0,405.0,370.0,314.5
1181,157.5,144.0,135.0,405.0,370.0,314.5
1182,157.5,144.0,135.0,405.0,370.0,352.75
1183,157.5,144.0,135.0,405.0,370.0,391.0
1184,157.5,144.0,135.0,405.0,451.0,429.25
1185,157.5,144.0,135.0,405.0,451.0,429.25
1186,157.5,144.0,135.0,405.0,487.9,467.5
1187,157.5,144.0,135.0,405.0,524.8,505.75
1188,157.5,144.0,135.0,405.0,524.8,505.75
1189,157.5,144.0,135.0,405.0,524.8,505.75
1190,157.5,144.0,135.0,405.0,524.8,505.75
1191,157.5,144.0,135.0,405.0,561.7,505.75
1192,157.5,144.0,135.0,405.0,598.6,505.75
1193,157.5,144.0,135.0,414.0,672.4,544.0
1194,157.5,144.0,135.0,495.0,672.4,544.0
1195,157.5,144.0,135.0,535.5,672.4,582.25
1196,157.5,144.0,135.0,535.5,672.4,582.25
1197,157.5,144.0,135.0,535.5,672.4,582.25
1198,157.5,144.0,135.0,535.5,635.5,582.25
1199,157.5,144.0,135.0,535.5,524.8,544.0
1200,157.5,144.0,135.0,454.5,451.0,467.5
1201,157.5,144.0,135.0,405.0,370.0,429.25
1202,157.5,144.0,135.0,405.0,340.3,391.0
1203,157.5,144.0,135.0,405.0,340.3,382.5
1204,157.5,144.0,135.0,405.0,340.3,382.5
1205,157.5,144.0,135.0,405.0,370.0,382.5
1206,157.5,144.0,135.0,405.0,370.0,382.5
1207,157.5,144.0,135.0,405.0,370.0,382.5
1208,157.5,144.0,135.0,405.0,370.0,382.5
1209,157.5,144.0,135.0,405.0,370.0,382.5
1210,157.5,144.0,135.0,405.0,370.0,382.5
1211,157.5,144.0,135.0,405.0,370.0,382.5
1212,157.5,144.0,135.0,405.0,370.0,382.5
1213,157.5,144.0,135.0,405.0,414.09999999999997,382.5
1214,157.5,144.0,135.0,405.0,414.09999999999997,391.0
1215,157.5,144.0,135.0,405.0,414.09999999999997,429.25
1216,157.5,144.0,135.0,405.0,414.09999999999997,467.5
1217,157.5,144.0,135.0,405.0,414.09999999999997,467.5
1218,157.5,144.0,135.0,405.0,414.09999999999997,467.5
1219,157.5,144.0,135.0,405.0,414.09999999999997,467.5
1220,157.5,144.0,135.0,414.0,414.09999999999997,467.5
1221,157.5,144.0,135.0,414.0,414.09999999999997,467.5
1222,157.5,144.0,135.0,414.0,414.09999999999997,429.25
1223,157.5,144.0,135.0,414.0,414.09999999999997,382.5
1224,157.5,144.0,135.0,414.0,414.09999999999997,238.0
1225,157.5,144.0,135.0,405.0,370.0,199.75
1226,157.5,144.0,135.0,373.5,303.4,161.5
1227,157.5,144.0,135.0,373.5,303.4,123.25
1228,157.5,144.0,135.0,373.5,303.4,123.25
1229,157.5,144.0,135.0,373.5,303.4,123.25
1230,157.5,144.0,135.0,373.5,303.4,161.5
1231,157.5,144.0,135.0,373.5,303.4,199.75
1232,157.5,144.0,135.0,373.5,303.4,238.0
1233,157.5,144.0,135.0,373.5,303.4,238.0
1234,157.5,144.0,135.0,405.0,303.4,238.0
1235,157.5,144.0,135.0,405.0,303.4,238.0
1236,157.5,144.0,135.0,405.0,303.4,314.5
1237,157.5,144.0,135.0,405.0,303.4,352.75
1238,157.5,144.0,135.0,405.0,303.4,467.5
1239,157.5,144.0,135.0,405.0,303.4,544.0
1240,157.5,144.0,135.0,405.0,340.3,620.5
1241,157.5,144.0,135.0,414.0,370.0,735.25
1242,157.5,144.0,135.0,414.0,370.0,773.5
1243,157.5,144.0,135.0,414.0,370.0,811.75
1244,157.5,144.0,135.0,454.5,377.2,811.75
1245,157.5,144.0,135.0,495.0,370.0,811.75
1246,157.5,144.0,135.0,495.0,370.0,735.25
1247,157.5,144.0,135.0,495.0,303.4,658.75
1248,157.5,144.0,135.0,454.5,229.6,582.25
1249,157.5,144.0,135.0,405.0,155.8,505.75
1250,157.5,144.0,135.0,405.0,155.8,429.25
1251,157.5,144.0,135.0,405.0,155.8,382.5
1252,157.5,144.0,135.0,405.0,155.8,382.5
1253,157.5,144.0,135.0,405.0,155.8,382.5
1254,157.5,144.0,135.0,405.0,192.7,382.5
1255,157.5,144.0,135.0,405.0,229.6,429.25
1256,157.5,144.0,135.0,405.0,303.4,429.25
1257,157.5,144.0,135.0,405.0,340.3,429.25
1258,157.5,144.0,135.0,405.0,340.3,429.25
1259,157.5,144.0,135.0,405.0,340.3,429.25
1260,157.5,144.0,135.0,405.0,340.3,429.25
1261,157.5,144.0,135.0,405.0,370.0,467.5
1262,157.5,144.0,135.0,405.0,414.09999999999997,467.5
1263,157.5,144.0,135.0,405.0,414.09999999999997,467.5
1264,157.5,144.0,135.0,414.0,451.0,505.75
1265,157.5,144.0,135.0,454.5,487.9,505.75
1266,157.5,144.0,135.0,454.5,487.9,505.75
1267,157.5,144.0,135.0,535.5,487.9,544.0
1268,157.5,144.0,135.0,535.5,524.8,544.0
1269,157.5,144.0,135.0,535.5,524.8,544.0
1270,157.5,144.0,135.0,535.5,487.9,544.0
1271,157.5,144.0,135.0,495.0,451.0,467.5
1272,157.5,144.0,135.0,454.5,370.0,382.5
1273,157.5,144.0,135.0,414.0,303.4,276.25
1274,157.5,144.0,135.0,405.0,192.7,238.0
1275,157.5,144.0,135.0,405.0,118.9,199.75
1276,157.5,144.0,135.0,405.0,118.9,199.75
1277,157.5,144.0,135.0,405.0,118.9,199.75
1278,157.5,144.0,135.0,405.0,155.8,238.0
1279,157.5,144.0,135.0,405.0,155.8,276.25
1280,157.5,144.0,135.0,405.0,192.7,276.25
1281,157.5,144.0,135.0,405.0,192.7,314.5
1282,157.5,144.0,135.0,405.0,192.7,314.5
1283,157.5,144.0,135.0,405.0,192.7,352.75
1284,157.5,144.0,135.0,405.0,192.7,391.0
1285,157.5,144.0,135.0,405.0,192.7,391.0
1286,157.5,144.0,135.0,405.0,229.6,429.25
1287,157.5,144.0,135.0,405.0,229.6,429.25
1288,157.5,144.0,135.0,405.0,303.4,467.5
1289,157.5,144.0,135.0,405.0,303.4,620.5
1290,157.5,144.0,135.0,454.5,414.09999999999997,697.0
1291,157.5,144.0,135.0,495.0,451.0,773.5
1292,157.5,144.0,135.0,495.0,451.0,773.5
1293,157.5,144.0,135.0,495.0,451.0,773.5
1294,157.5,144.0,135.0,495.0,370.0,735.25
1295,157.5,144.0,135.0,495.0,303.4,620.5
1296,157.5,144.0,135.0,454.5,303.4,505.75
1297,157.5,144.0,135.0,405.0,229.6,391.0
1298,157.5,144.0,135.0,405.0,155.8,382.5
1299,157.5,144.0,135.0,405.0,155.8,382.5
1300,157.5,144.0,135.0,405.0,155.8,382.5
1301,157.5,144.0,135.0,405.0,155.8,382.5
1302,157.5,144.0,135.0,405.0,155.8,382.5
1303,157.5,144.0,135.0,405.0,229.6,382.5
1304,157.5,144.0,135.0,405.0,266.5,382.5
1305,157.5,144.0,135.0,405.0,303.4,382.5
1306,157.5,144.0,135.0,405.0,303.4,382.5
1307,157.5,144.0,135.0,405.0,340.3,382.5
1308,157.5,144.0,135.0,405.0,340.3,382.5
1309,157.5,144.0,135.0,405.0,377.2,382.5
1310,157.5,144.0,135.0,405.0,377.2,382.5
1311,157.5,144.0,135.0,405.0,377.2,382.5
1312,157.5,144.0,135.0,405.0,414.09999999999997,382.5
1313,157.5,144.0,135.0,405.0,414.09999999999997,382.5
1314,157.5,144.0,135.0,405.0,451.0,382.5
1315,157.5,144.0,135.0,414.0,524.8,382.5
1316,157.5,144.0,135.0,414.0,524.8,391.0
1317,157.5,144.0,135.0,414.0,524.8,429.25
1318,157.5,144.0,135.0,414.0,524.8,429.25
1319,157.5,144.0,135.0,405.0,451.0,382.5
1320,157.5,144.0,135.0,405.0,451.0,276.25
1321,157.5,144.0,135.0,405.0,370.0,199.75
1322,157.5,144.0,135.0,405.0,340.3,199.75
1323,157.5,144.0,135.0,405.0,340.3,161.5
1324,157.5,144.0,135.0,405.0,340.3,161.5
1325,157.5,144.0,135.0,405.0,340.3,199.75
1326,157.5,144.0,135.0,405.0,340.3,199.75
1327,157.5,144.0,135.0,405.0,340.3,199.75
1328,157.5,144.0,135.0,405.0,340.3,199.75
1329,157.5,144.0,135.0,405.0,340.3,199.75
1330,157.5,144.0,135.0,405.0,340.3,238.0
1331,157.5,144.0,135.0,405.0,414.09999999999997,238.0
1332,157.5,144.0,135.0,405.0,414.09999999999997,276.25
1333,157.5,144.0,135.0,405.0,414.09999999999997,276.25
1334,157.5,144.0,135.0,405.0,451.0,276.25
1335,157.5,144.0,135.0,405.0,487.9,314.5
1336,157.5,144.0,135.0,405.0,561.7,352.75
1337,157.5,144.0,135.0,405.0,598.6,352.75
1338,157.5,144.0,135.0,405.0,635.5,429.25
1339,157.5,144.0,135.0,405.0,709.3,467.5
1340,157.5,144.0,135.0,405.0,709.3,467.5
1341,157.5,144.0,135.0,454.5,746.1999999999999,467.5
1342,157.5,144.0,135.0,454.5,635.5,467.5
1343,157.5,144.0,135.0,405.0,561.7,429.25
1344,157.5,144.0,135.0,405.0,487.9,382.5
1345,157.5,144.0,135.0,405.0,414.09999999999997,314.5
1346,157.5,144.0,135.0,405.0,370.0,276.25
1347,157.5,144.0,135.0,405.0,370.0,276.25
1348,157.5,144.0,135.0,405.0,370.0,276.25
1349,157.5,144.0,135.0,405.0,370.0,276.25
1350,157.5,144.0,135.0,405.0,370.0,276.25
1351,157.5,144.0,135.0,405.0,370.0,276.25
1352,157.5,144.0,135.0,405.0,370.0,276.25
1353,157.5,144.0,135.0,405.0,414.09999999999997,276.25
1354,157.5,144.0,135.0,405.0,487.9,276.25
1355,157.5,144.0,135.0,405.0,524.8,276.25
1356,157.5,144.0,135.0,405.0,524.8,276.25
1357,157.5,144.0,135.0,405.0,524.8,314.5
1358,157.5,144.0,135.0,405.0,598.6,314.5
1359,157.5,144.0,135.0,405.0,672.4,352.75
1360,157.5,144.0,135.0,405.0,672.4,382.5
1361,157.5,144.0,135.0,405.0,672.4,429.25
1362,157.5,144.0,135.0,454.5,672.4,467.5
1363,157.5,144.0,135.0,495.0,672.4,467.5
1364,157.5,144.0,135.0,495.0,709.3,467.5
1365,157.5,144.0,135.0,495.0,709.3,467.5
1366,157.5,144.0,135.0,495.0,635.5,467.5
1367,157.5,144.0,135.0,495.0,524.8,467.5
1368,157.5,144.0,135.0,405.0,451.0,429.25
1369,157.5,144.0,135.0,333.0,370.0,382.5
1370,157.5,144.0,135.0,333.0,370.0,352.75
1371,157.5,144.0,135.0,333.0,370.0,352.75
1372,157.5,144.0,135.0,333.0,370.0,352.75
1373,157.5,144.0,135.0,333.0,370.0,391.0
1374,157.5,144.0,135.0,333.0,377.2,429.25
1375,157.5,144.0,135.0,333.0,451.0,429.25
1376,157.5,144.0,135.0,333.0,487.9,467.5
1377,157.5,144.0,135.0,333.0,561.7,505.75
1378,157.5,144.0,135.0,333.0,598.6,505.75
1379,157.5,144.0,135.0,333.0,598.6,505.75
1380,157.5,144.0,135.0,333.0,598.6,505.75
1381,157.5,144.0,135.0,333.0,598.6,505.75
1382,157.5,144.0,135.0,333.0,598.6,505.75
1383,157.5,144.0,135.0,333.0,635.5,505.75
1384,157.5,144.0,135.0,373.5,709.3,505.75
1385,157.5,144.0,135.0,405.0,746.1999999999999,505.75
1386,157.5,144.0,135.0,454.5,746.1999999999999,544.0
1387,157.5,144.0,135.0,535.5,746.1999999999999,582.25
1388,157.5,144.0,135.0,576.0,783.1,582.25
1389,157.5,144.0,135.0,576.0,746.1999999999999,582.25
1390,157.5,144.0,135.0,576.0,709.3,544.0
1391,157.5,144.0,135.0,535.5,635.5,505.75
1392,157.5,144.0,135.0,454.5,561.7,467.5
1393,157.5,144.0,135.0,405.0,487.9,429.25
1394,157.5,144.0,135.0,405.0,414.09999999999997,382.5
1395,157.5,144.0,135.0,405.0,370.0,382.5
1396,157.5,144.0,135.0,405.0,370.0,382.5
1397,157.5,144.0,135.0,405.0,370.0,382.5
1398,157.5,144.0,135.0,405.0,370.0,382.5
1399,157.5,144.0,135.0,405.0,370.0,382.5
1400,157.5,144.0,135.0,405.0,370.0,382.5
1401,157.5,144.0,135.0,405.0,370.0,382.5
1402,157.5,144.0,135.0,405.0,370.0,382.5
1403,157.5,144.0,135.0,405.0,370.0,382.5
1404,157.5,144.0,135.0,405.0,370.0,382.5
1405,157.5,144.0,135.0,405.0,370.0,382.5
1406,157.5,144.0,135.0,405.0,370.0,382.5
1407,157.5,144.0,135.0,405.0,370.0,382.5
1408,157.5,144.0,135.0,405.0,370.0,382.5
1409,157.5,144.0,135.0,405.0,377.2,382.5
1410,157.5,144.0,135.0,405.0,377.2,382.5
1411,157.5,144.0,135.0,405.0,414.09999999999997,382.5
1412,157.5,144.0,135.0,405.0,451.0,382.5
1413,157.5,144.0,135.0,405.0,451.0,382.5
1414,157.5,144.0,135.0,405.0,451.0,314.5
1415,157.5,144.0,135.0,405.0,370.0,238.0
1416,157.5,144.0,135.0,373.5,229.6,161.5
1417,157.5,144.0,135.0,373.5,155.8,85.0
1418,157.5,144.0,135.0,373.5,82.0,85.0
1419,157.5,144.0,135.0,373.5,82.0,85.0
1420,157.5,144.0,135.0,373.5,82.0,85.0
1421,157.5,144.0,135.0,373.5,82.0,85.0
1422,157.5,144.0,135.0,373.5,118.9,85.0
1423,157.5,144.0,135.0,373.5,118.9,85.0
1424,157.5,144.0,135.0,373.5,155.8,85.0
1425,157.5,144.0,135.0,373.5,155.8,85.0
1426,157.5,144.0,135.0,373.5,192.7,85.0
1427,157.5,144.0,135.0,373.5,266.5,123.25
1428,157.5,144.0,135.0,373.5,266.5,161.5
1429,157.5,144.0,135.0,373.5,303.4,161.5
1430,157.5,144.0,135.0,405.0,303.4,161.5
1431,157.5,144.0,135.0,405.0,303.4,199.75
1432,157.5,144.0,135.0,405.0,303.4,276.25
1433,157.5,144.0,135.0,405.0,340.3,382.5
1434,157.5,144.0,135.0,405.0,414.09999999999997,429.25
1435,157.5,144.0,135.0,495.0,451.0,505.75
1436,157.5,144.0,135.0,495.0,451.0,544.0
1437,157.5,144.0,135.0,454.5,451.0,544.0
1438,157.5,144.0,135.0,454.5,414.09999999999997,505.75
1439,157.5,144.0,135.0,405.0,370.0,382.5
1440,157.5,144.0,135.0,333.0,303.4,276.25
1441,157.5,144.0,135.0,292.5,229.6,199.75
1442,157.5,144.0,135.0,252.0,155.8,161.5
1443,157.5,144.0,135.0,252.0,82.0,123.25
1444,157.5,144.0,135.0,252.0,82.0,123.25
1445,157.5,144.0,135.0,252.0,82.0,123.25
1446,157.5,144.0,135.0,252.0,82.0,161.5
1447,157.5,144.0,135.0,252.0,82.0,238.0
1448,157.5,144.0,135.0,252.0,118.9,238.0
1449,157.5,144.0,135.0,252.0,155.8,238.0
1450,157.5,144.0,135.0,252.0,192.7,238.0
1451,157.5,144.0,135.0,333.0,229.6,238.0
1452,157.5,144.0,135.0,405.0,266.5,352.75
1453,157.5,144.0,135.0,405.0,340.3,352.75
1454,157.5,144.0,135.0,405.0,377.2,467.5
1455,157.5,144.0,135.0,405.0,451.0,467.5
1456,157.5,144.0,135.0,405.0,524.8,544.0
1457,157.5,144.0,135.0,405.0,524.8,544.0
1458,157.5,144.0,135.0,414.0,524.8,582.25
1459,157.5,144.0,135.0,414.0,598.6,620.5
1460,157.5,144.0,135.0,414.0,635.5,620.5
1461,157.5,144.0,135.0,405.0,635.5,620.5
1462,157.5,144.0,135.0,373.5,635.5,582.25
1463,157.5,144.0,135.0,373.5,561.7,582.25
1464,157.5,144.0,135.0,333.0,451.0,505.75
1465,157.5,144.0,135.0,252.0,414.09999999999997,429.25
1466,157.5,144.0,135.0,252.0,370.0,382.5
1467,157.5,144.0,135.0,252.0,370.0,382.5
1468,157.5,144.0,135.0,252.0,370.0,382.5
1469,157.5,144.0,135.0,252.0,370.0,382.5
1470,157.5,144.0,135.0,252.0,370.0,382.5
1471,157.5,144.0,135.0,252.0,370.0,382.5
1472,157.5,144.0,135.0,252.0,370.0,382.5
1473,157.5,144.0,135.0,252.0,370.0,429.25
1474,157.5,144.0,135.0,252.0,370.0,429.25
1475,157.5,144.0,135.0,252.0,370.0,429.25
1476,157.5,144.0,135.0,252.0,370.0,429.25
1477,157.5,144.0,135.0,252.0,370.0,429.25
1478,157.5,144.0,135.0,333.0,370.0,429.25
1479,157.5,144.0,135.0,405.0,370.0,429.25
1480,157.5,144.0,135.0,405.0,370.0,429.25
1481,157.5,144.0,135.0,405.0,370.0,467.5
1482,157.5,144.0,135.0,405.0,370.0,467.5
1483,157.5,144.0,135.0,414.0,414.09999999999997,467.5
1484,157.5,144.0,135.0,414.0,414.09999999999997,505.75
1485,157.5,144.0,135.0,414.0,414.09999999999997,505.75
1486,157.5,144.0,135.0,414.0,377.2,467.5
1487,157.5,144.0,135.0,405.0,370.0,382.5
1488,157.5,144.0,135.0,405.0,266.5,314.5
1489,157.5,144.0,135.0,373.5,229.6,238.0
1490,157.5,144.0,135.0,333.0,229.6,161.5
1491,157.5,144.0,135.0,333.0,229.6,85.0
1492,157.5,144.0,135.0,333.0,229.6,85.0
1493,157.5,144.0,135.0,333.0,229.6,123.25
1494,157.5,144.0,135.0,333.0,229.6,123.25
1495,157.5,144.0,135.0,333.0,229.6,123.25
1496,157.5,144.0,135.0,333.0,229.6,123.25
1497,157.5,144.0,135.0,333.0,229.6,161.5
1498,157.5,144.0,135.0,333.0,229.6,161.5
1499,157.5,144.0,135.0,333.0,303.4,161.5
1500,157.5,144.0,135.0,333.0,340.3,199.75
1501,157.5,144.0,135.0,333.0,370.0,199.75
1502,157.5,144.0,135.0,333.0,370.0,199.75
1503,157.5,144.0,135.0,333.0,370.0,199.75
1504,157.5,144.0,135.0,333.0,370.0,199.75
1505,157.5,144.0,135.0,333.0,370.0,276.25
1506,157.5,144.0,135.0,333.0,370.0,352.75
1507,157.5,144.0,135.0,333.0,377.2,352.75
1508,157.5,144.0,135.0,333.0,377.2,382.5
1509,157.5,144.0,135.0,333.0,370.0,314.5
1510,157.5,144.0,135.0,333.0,303.4,276.25
1511,157.5,144.0,135.0,333.0,303.4,238.0
1512,157.5,144.0,135.0,333.0,266.5,199.75
1513,157.5,144.0,135.0,333.0,229.6,161.5
1514,157.5,144.0,135.0,333.0,192.7,123.25
1515,157.5,144.0,135.0,333.0,192.7,123.25
1516,157.5,144.0,135.0,333.0,229.6,123.25
1517,157.5,144.0,135.0,333.0,266.5,123.25
1518,157.5,144.0,135.0,333.0,303.4,161.5
1519,157.5,144.0,135.0,333.0,370.0,199.75
1520,157.5,144.0,135.0,333.0,414.09999999999997,199.75
1521,157.5,144.0,135.0,333.0,451.0,199.75
1522,157.5,144.0,135.0,333.0,451.0,199.75
1523,157.5,144.0,135.0,333.0,451.0,199.75
1524,157.5,144.0,135.0,333.0,487.9,199.75
1525,157.5,144.0,135.0,333.0,524.8,238.0
1526,157.5,144.0,135.0,333.0,598.6,238.0
1527,157.5,144.0,135.0,333.0,672.4,276.25
1528,157.5,144.0,135.0,333.0,672.4,276.25
1529,157.5,144.0,135.0,405.0,709.3,382.5
1530,157.5,144.0,135.0,405.0,709.3,382.5
1531,157.5,144.0,135.0,414.0,709.3,382.5
1532,157.5,144.0,135.0,495.0,709.3,391.0
1533,157.5,144.0,135.0,495.0,709.3,382.5
1534,157.5,144.0,135.0,495.0,672.4,382.5
1535,157.5,144.0,135.0,495.0,635.5,276.25
1536,157.5,144.0,135.0,454.5,561.7,238.0
1537,157.5,144.0,135.0,454.5,524.8,161.5
1538,157.5,144.0,135.0,405.0,451.0,123.25
1539,157.5,144.0,135.0,405.0,370.0,123.25
1540,157.5,144.0,135.0,405.0,370.0,123.25
1541,157.5,144.0,135.0,405.0,370.0,123.25
1542,157.5,144.0,135.0,405.0,370.0,123.25
1543,157.5,144.0,135.0,405.0,370.0,123.25
1544,157.5,144.0,135.0,405.0,370.0,161.5
1545,157.5,144.0,135.0,405.0,370.0,161.5
1546,157.5,144.0,135.0,405.0,370.0,161.5
1547,157.5,144.0,135.0,405.0,370.0,199.75
1548,157.5,144.0,135.0,405.0,370.0,276.25
1549,157.5,144.0,135.0,405.0,370.0,276.25
1550,157.5,144.0,135.0,405.0,370.0,352.75
1551,157.5,144.0,135.0,405.0,370.0,352.75
1552,157.5,144.0,135.0,405.0,370.0,352.75
1553,157.5,144.0,135.0,405.0,370.0,352.75
1554,157.5,144.0,135.0,405.0,370.0,382.5
1555,157.5,144.0,135.0,454.5,370.0,382.5
1556,157.5,144.0,135.0,454.5,377.2,429.25
1557,157.5,144.0,135.0,454.5,377.2,429.25
1558,157.5,144.0,135.0,454.5,370.0,429.25
1559,157.5,144.0,135.0,454.5,303.4,382.5
1560,157.5,144.0,135.0,405.0,266.5,314.5
1561,157.5,144.0,135.0,405.0,266.5,238.0
1562,157.5,144.0,135.0,405.0,266.5,238.0
1563,157.5,144.0,135.0,405.0,266.5,238.0
1564,157.5,144.0,135.0,405.0,266.5,238.0
1565,157.5,144.0,135.0,405.0,266.5,238.0
1566,157.5,144.0,135.0,405.0,266.5,276.25
1567,157.5,144.0,135.0,405.0,266.5,276.25
1568,157.5,144.0,135.0,405.0,266.5,276.25
1569,157.5,144.0,135.0,405.0,266.5,352.75
1570,157.5,144.0,135.0,405.0,303.4,382.5
1571,157.5,144.0,135.0,405.0,303.4,429.25
1572,157.5,144.0,135.0,405.0,340.3,467.5
1573,157.5,144.0,135.0,405.0,340.3,544.0
1574,157.5,144.0,135.0,405.0,340.3,544.0
1575,157.5,144.0,135.0,405.0,340.3,544.0
1576,157.5,144.0,135.0,405.0,377.2,544.0
1577,157.5,144.0,135.0,405.0,377.2,620.5
1578,157.5,144.0,135.0,454.5,414.09999999999997,620.5
1579,157.5,144.0,135.0,495.0,487.9,658.75
1580,157.5,144.0,135.0,535.5,487.9,658.75
1581,157.5,144.0,135.0,576.0,487.9,658.75
1582,157.5,144.0,135.0,576.0,451.0,544.0
1583,157.5,144.0,135.0,535.5,414.09999999999997,382.5
1584,157.5,144.0,135.0,454.5,370.0,238.0
1585,157.5,144.0,135.0,405.0,303.4,123.25
1586,157.5,144.0,135.0,405.0,266.5,85.0
1587,157.5,144.0,135.0,405.0,266.5,85.0
1588,157.5,144.0,135.0,405.0,266.5,85.0
1589,157.5,144.0,135.0,405.0,266.5,85.0
1590,157.5,144.0,135.0,405.0,266.5,85.0
1591,157.5,144.0,135.0,405.0,266.5,161.5
1592,157.5,144.0,135.0,414.0,266.5,199.75
1593,157.5,144.0,135.0,414.0,303.4,276.25
1594,157.5,144.0,135.0,414.0,340.3,276.25
1595,157.5,144.0,135.0,414.0,340.3,314.5
1596,157.5,144.0,135.0,414.0,414.09999999999997,314.5
1597,157.5,144.0,135.0,414.0,414.09999999999997,314.5
1598,157.5,144.0,135.0,414.0,451.0,314.5
1599,157.5,144.0,135.0,414.0,487.9,314.5
1600,157.5,144.0,135.0,414.0,487.9,382.5
1601,157.5,144.0,135.0,414.0,524.8,429.25
1602,157.5,144.0,135.0,454.5,598.6,429.25
1603,157.5,144.0,135.0,454.5,635.5,429.25
1604,157.5,144.0,135.0,454.5,635.5,429.25
1605,157.5,144.0,135.0,454.5,635.5,429.25
1606,157.5,144.0,135.0,454.5,598.6,429.25
1607,157.5,144.0,135.0,405.0,561.7,382.5
1608,157.5,144.0,135.0,405.0,487.9,314.5
1609,157.5,144.0,135.0,405.0,370.0,238.0
1610,157.5,144.0,135.0,405.0,370.0,199.75
1611,157.5,144.0,135.0,405.0,377.2,199.75
1612,157.5,144.0,135.0,405.0,370.0,199.75
1613,157.5,144.0,135.0,405.0,370.0,276.25
1614,157.5,144.0,135.0,405.0,370.0,276.25
1615,157.5,144.0,135.0,405.0,370.0,276.25
1616,157.5,144.0,135.0,405.0,377.2,314.5
1617,157.5,144.0,135.0,405.0,377.2,314.5
1618,157.5,144.0,135.0,405.0,414.09999999999997,314.5
1619,157.5,144.0,135.0,405.0,451.0,314.5
1620,157.5,144.0,135.0,405.0,524.8,314.5
1621,157.5,144.0,135.0,405.0,561.7,352.75
1622,157.5,144.0,135.0,405.0,635.5,352.75
1623,157.5,144.0,135.0,405.0,635.5,352.75
1624,157.5,144.0,135.0,405.0,635.5,352.75
1625,157.5,144.0,135.0,405.0,672.4,352.75
1626,157.5,144.0,135.0,405.0,672.4,352.75
1627,157.5,144.0,135.0,454.5,672.4,382.5
1628,157.5,144.0,135.0,454.5,709.3,382.5
1629,157.5,144.0,135.0,454.5,709.3,382.5
1630,157.5,144.0,135.0,454.5,709.3,382.5
1631,157.5,144.0,135.0,414.0,635.5,314.5
1632,157.5,144.0,135.0,414.0,524.8,238.0
1633,157.5,144.0,135.0,405.0,414.09999999999997,123.25
1634,157.5,144.0,135.0,405.0,370.0,123.25
1635,157.5,144.0,135.0,405.0,370.0,123.25
1636,157.5,144.0,135.0,405.0,370.0,123.25
1637,157.5,144.0,135.0,405.0,370.0,123.25
1638,157.5,144.0,135.0,405.0,370.0,161.5
1639,157.5,144.0,135.0,405.0,370.0,161.5
1640,157.5,144.0,135.0,405.0,370.0,161.5
1641,157.5,144.0,135.0,405.0,370.0,238.0
1642,157.5,144.0,135.0,405.0,370.0,238.0
1643,157.5,144.0,135.0,405.0,370.0,238.0
1644,157.5,144.0,135.0,405.0,370.0,238.0
1645,157.5,144.0,135.0,405.0,370.0,238.0
1646,157.5,144.0,135.0,405.0,370.0,238.0
1647,157.5,144.0,135.0,405.0,370.0,238.0
1648,157.5,144.0,135.0,414.0,370.0,314.5
1649,157.5,144.0,135.0,414.0,370.0,352.75
1650,157.5,144.0,135.0,454.5,370.0,352.75
1651,157.5,144.0,135.0,495.0,370.0,429.25
1652,157.5,144.0,135.0,495.0,370.0,429.25
1653,157.5,144.0,135.0,495.0,370.0,429.25
1654,157.5,144.0,135.0,454.5,340.3,429.25
1655,157.5,144.0,135.0,405.0,303.4,382.5
1656,157.5,144.0,135.0,292.5,303.4,352.75
1657,157.5,144.0,135.0,252.0,303.4,352.75
1658,157.5,144.0,135.0,252.0,266.5,352.75
1659,157.5,144.0,135.0,252.0,266.5,352.75
1660,157.5,144.0,135.0,252.0,266.5,352.75
1661,157.5,144.0,135.0,252.0,266.5,352.75
1662,157.5,144.0,135.0,292.5,266.5,352.75
1663,157.5,144.0,135.0,373.5,266.5,382.5
1664,157.5,144.0,135.0,405.0,266.5,382.5
1665,157.5,144.0,135.0,405.0,266.5,382.5
1666,157.5,144.0,135.0,405.0,303.4,382.5
1667,157.5,144.0,135.0,405.0,340.3,382.5
1668,157.5,144.0,135.0,405.0,370.0,382.5
1669,157.5,144.0,135.0,405.0,370.0,382.5
1670,157.5,144.0,135.0,414.0,370.0,382.5
1671,157.5,144.0,135.0,414.0,370.0,382.5
1672,157.5,144.0,135.0,414.0,370.0,382.5
1673,157.5,144.0,135.0,414.0,370.0,429.25
1674,157.5,144.0,135.0,414.0,370.0,467.5
1675,157.5,144.0,135.0,414.0,370.0,505.75
1676,157.5,144.0,135.0,414.0,377.2,505.75
1677,157.5,144.0,135.0,454.5,370.0,505.75
1678,157.5,144.0,135.0,454.5,340.3,467.5
1679,157.5,144.0,135.0,405.0,303.4,382.5
1680,157.5,144.0,135.0,373.5,229.6,238.0
1681,157.5,144.0,135.0,373.5,192.7,199.75
1682,157.5,144.0,135.0,373.5,155.8,161.5
1683,157.5,144.0,135.0,373.5,155.8,161.5
1684,157.5,144.0,135.0,373.5,155.8,161.5
1685,157.5,144.0,135.0,373.5,155.8,161.5
1686,157.5,144.0,135.0,373.5,155.8,161.5
1687,157.5,144.0,135.0,373.5,155.8,238.0
1688,157.5,144.0,135.0,373.5,155.8,314.5
1689,157.5,144.0,135.0,373.5,229.6,352.75
1690,157.5,144.0,135.0,373.5,266.5,352.75
1691,157.5,144.0,135.0,373.5,340.3,352.75
1692,157.5,144.0,135.0,373.5,340.3,352.75
1693,157.5,144.0,135.0,373.5,370.0,429.25
1694,157.5,144.0,135.0,373.5,370.0,429.25
1695,157.5,144.0,135.0,405.0,370.0,429.25
1696,157.5,144.0,135.0,405.0,370.0,467.5
1697,157.5,144.0,135.0,405.0,370.0,467.5
1698,157.5,144.0,135.0,405.0,370.0,544.0
1699,157.5,144.0,135.0,414.0,377.2,620.5
1700,157.5,144.0,135.0,414.0,377.2,620.5
1701,157.5,144.0,135.0,414.0,370.0,620.5
1702,157.5,144.0,135.0,414.0,303.4,582.25
1703,157.5,144.0,135.0,414.0,266.5,505.75
1704,157.5,144.0,135.0,414.0,192.7,382.5
1705,157.5,144.0,135.0,405.0,118.9,276.25
1706,157.5,144.0,135.0,405.0,118.9,161.5
1707,157.5,144.0,135.0,405.0,118.9,161.5
1708,157.5,144.0,135.0,405.0,118.9,161.5
1709,157.5,144.0,135.0,405.0,118.9,161.5
1710,157.5,144.0,135.0,405.0,118.9,161.5
1711,157.5,144.0,135.0,405.0,155.8,199.75
1712,157.5,144.0,135.0,405.0,192.7,199.75
1713,157.5,144.0,135.0,405.0,266.5,314.5
1714,157.5,144.0,135.0,405.0,266.5,314.5
1715,157.5,144.0,135.0,405.0,266.5,314.5
1716,157.5,144.0,135.0,405.0,303.4,352.75
1717,157.5,144.0,135.0,405.0,377.2,429.25
1718,157.5,144.0,135.0,405.0,377.2,429.25
1719,157.5,144.0,135.0,405.0,377.2,429.25
1720,157.5,144.0,135.0,405.0,377.2,429.25
1721,157.5,144.0,135.0,414.0,414.09999999999997,505.75
1722,157.5,144.0,135.0,414.0,414.09999999999997,505.75
1723,157.5,144.0,135.0,495.0,414.09999999999997,505.75
1724,157.5,144.0,135.0,495.0,414.09999999999997,505.75
1725,157.5,144.0,135.0,495.0,414.09999999999997,505.75
1726,157.5,144.0,135.0,495.0,370.0,467.5
1727,157.5,144.0,135.0,454.5,370.0,467.5
1728,157.5,144.0,135.0,454.5,340.3,467.5
1729,157.5,144.0,135.0,405.0,303.4,429.25
1730,157.5,144.0,135.0,405.0,303.4,382.5
1731,157.5,144.0,135.0,405.0,303.4,382.5
1732,157.5,144.0,135.0,405.0,303.4,382.5
1733,157.5,144.0,135.0,405.0,303.4,382.5
1734,157.5,144.0,135.0,405.0,340.3,382.5
1735,157.5,144.0,135.0,405.0,340.3,382.5
1736,157.5,144.0,135.0,405.0,370.0,429.25
1737,157.5,144.0,135.0,405.0,370.0,429.25
1738,157.5,144.0,135.0,405.0,370.0,429.25
1739,157.5,144.0,135.0,405.0,370.0,429.25
1740,157.5,144.0,135.0,405.0,377.2,467.5
1741,157.5,144.0,135.0,405.0,414.09999999999997,467.5
1742,157.5,144.0,135.0,405.0,414.09999999999997,467.5
1743,157.5,144.0,135.0,405.0,451.0,467.5
1744,157.5,144.0,135.0,405.0,524.8,467.5
1745,157.5,144.0,135.0,405.0,524.8,467.5
1746,157.5,144.0,135.0,495.0,561.7,467.5
1747,157.5,144.0,135.0,495.0,598.6,467.5
1748,157.5,144.0,135.0,535.5,598.6,467.5
1749,157.5,144.0,135.0,535.5,598.6,467.5
1750,157.5,144.0,135.0,495.0,598.6,429.25
1751,157.5,144.0,135.0,495.0,598.6,382.5
1752,157.5,144.0,135.0,414.0,524.8,352.75
1753,157.5,144.0,135.0,405.0,451.0,276.25
1754,157.5,144.0,135.0,405.0,414.09999999999997,199.75
1755,157.5,144.0,135.0,405.0,370.0,161.5
1756,157.5,144.0,135.0,405.0,370.0,161.5
1757,157.5,144.0,135.0,405.0,377.2,238.0
1758,157.5,144.0,135.0,405.0,377.2,238.0
1759,157.5,144.0,135.0,405.0,414.09999999999997,238.0
1760,157.5,144.0,135.0,405.0,451.0,276.25
1761,157.5,144.0,135.0,405.0,487.9,352.75
1762,157.5,144.0,135.0,405.0,561.7,352.75
1763,157.5,144.0,135.0,405.0,561.7,352.75
1764,157.5,144.0,135.0,405.0,561.7,429.25
1765,157.5,144.0,135.0,405.0,598.6,505.75
1766,157.5,144.0,135.0,405.0,635.5,505.75
1767,157.5,144.0,135.0,405.0,635.5,620.5
1768,157.5,144.0,135.0,405.0,635.5,620.5
1769,157.5,144.0,135.0,405.0,672.4,658.75
1770,157.5,144.0,135.0,405.0,672.4,697.0
1771,157.5,144.0,135.0,495.0,672.4,697.0
1772,157.5,144.0,135.0,495.0,709.3,697.0
1773,157.5,144.0,135.0,495.0,709.3,697.0
1774,157.5,144.0,135.0,495.0,672.4,658.75
1775,157.5,144.0,135.0,454.5,561.7,620.5
1776,157.5,144.0,135.0,405.0,487.9,544.0
1777,157.5,144.0,135.0,405.0,451.0,467.5
1778,157.5,144.0,135.0,373.5,370.0,382.5
1779,157.5,144.0,135.0,373.5,370.0,382.5
1780,157.5,144.0,135.0,373.5,370.0,382.5
1781,157.5,144.0,135.0,373.5,370.0,382.5
1782,157.5,144.0,135.0,373.5,414.09999999999997,382.5
1783,157.5,144.0,135.0,373.5,414.09999999999997,382.5
1784,157.5,144.0,135.0,373.5,414.09999999999997,382.5
1785,157.5,144.0,135.0,373.5,487.9,382.5
1786,157.5,144.0,135.0,373.5,524.8,382.5
1787,157.5,144.0,135.0,373.5,524.8,382.5
1788,157.5,144.0,135.0,373.5,524.8,382.5
1789,157.5,144.0,135.0,373.5,524.8,382.5
1790,157.5,144.0,135.0,373.5,524.8,467.5
1791,157.5,144.0,135.0,373.5,561.7,544.0
1792,157.5,144.0,135.0,373.5,561.7,544.0
1793,157.5,144.0,135.0,405.0,635.5,544.0
1794,157.5,144.0,135.0,405.0,672.4,582.25
1795,157.5,144.0,135.0,405.0,709.3,658.75
1796,157.5,144.0,135.0,405.0,709.3,697.0
1797,157.5,144.0,135.0,405.0,672.4,697.0
1798,157.5,144.0,135.0,414.0,635.5,697.0
1799,157.5,144.0,135.0,414.0,598.6,620.5
1800,157.5,144.0,135.0,414.0,524.8,505.75
1801,157.5,144.0,135.0,405.0,451.0,429.25
1802,157.5,144.0,135.0,405.0,370.0,382.5
1803,157.5,144.0,135.0,405.0,370.0,382.5
1804,157.5,144.0,135.0,405.0,370.0,382.5
1805,157.5,144.0,135.0,405.0,370.0,391.0
1806,157.5,144.0,135.0,405.0,370.0,429.25
1807,157.5,144.0,135.0,405.0,370.0,429.25
1808,157.5,144.0,135.0,405.0,370.0,429.25
1809,157.5,144.0,135.0,405.0,370.0,429.25
1810,157.5,144.0,135.0,405.0,370.0,467.5
1811,157.5,144.0,135.0,405.0,370.0,467.5
1812,157.5,144.0,135.0,405.0,370.0,467.5
1813,157.5,144.0,135.0,405.0,370.0,467.5
1814,157.5,144.0,135.0,405.0,370.0,467.5
1815,157.5,144.0,135.0,405.0,377.2,505.75
1816,157.5,144.0,135.0,405.0,377.2,544.0
1817,157.5,144.0,135.0,414.0,414.09999999999997,544.0
1818,157.5,144.0,135.0,414.0,451.0,544.0
1819,157.5,144.0,135.0,454.5,524.8,544.0
1820,157.5,144.0,135.0,535.5,524.8,582.25
1821,157.5,144.0,135.0,576.0,524.8,582.25
1822,157.5,144.0,135.0,576.0,487.9,544.0
1823,157.5,144.0,135.0,576.0,487.9,505.75
1824,157.5,144.0,135.0,535.5,414.09999999999997,429.25
1825,157.5,144.0,135.0,414.0,414.09999999999997,391.0
1826,157.5,144.0,135.0,414.0,370.0,382.5
1827,157.5,144.0,135.0,405.0,340.3,352.75
1828,157.5,144.0,135.0,405.0,340.3,352.75
1829,157.5,144.0,135.0,405.0,340.3,352.75
1830,157.5,144.0,135.0,405.0,340.3,352.75
1831,157.5,144.0,135.0,405.0,340.3,382.5
1832,157.5,144.0,135.0,405.0,370.0,382.5
1833,157.5,144.0,135.0,405.0,370.0,391.0
1834,157.5,144.0,135.0,405.0,370.0,429.25
1835,157.5,144.0,135.0,405.0,370.0,429.25
1836,157.5,144.0,135.0,405.0,370.0,429.25
1837,157.5,144.0,135.0,405.0,370.0,429.25
1838,157.5,144.0,135.0,405.0,370.0,429.25
1839,157.5,144.0,135.0,405.0,414.09999999999997,429.25
1840,157.5,144.0,135.0,405.0,487.9,429.25
1841,157.5,144.0,135.0,405.0,487.9,429.25
1842,157.5,144.0,135.0,414.0,524.8,429.25
1843,157.5,144.0,135.0,454.5,561.7,467.5
1844,157.5,144.0,135.0,495.0,561.7,467.5
1845,157.5,144.0,135.0,495.0,561.7,467.5
1846,157.5,144.0,135.0,495.0,561.7,467.5
1847,157.5,144.0,135.0,495.0,524.8,429.25
1848,157.5,144.0,135.0,405.0,487.9,429.25
1849,157.5,144.0,135.0,414.0,414.09999999999997,391.0
1850,157.5,144.0,135.0,405.0,377.2,382.5
1851,157.5,144.0,135.0,405.0,370.0,382.5
1852,157.5,144.0,135.0,405.0,370.0,382.5
1853,157.5,144.0,135.0,405.0,370.0,382.5
1854,157.5,144.0,135.0,405.0,370.0,382.5
1855,157.5,144.0,135.0,405.0,370.0,382.5
1856,157.5,144.0,135.0,405.0,370.0,382.5
1857,157.5,144.0,135.0,405.0,370.0,382.5
1858,157.5,144.0,135.0,405.0,370.0,429.25
1859,157.5,144.0,135.0,405.0,370.0,505.75
1860,157.5,144.0,135.0,405.0,370.0,544.0
1861,157.5,144.0,135.0,405.0,370.0,544.0
1862,157.5,144.0,135.0,405.0,370.0,620.5
1863,157.5,144.0,135.0,405.0,370.0,658.75
1864,157.5,144.0,135.0,405.0,370.0,658.75
1865,157.5,144.0,135.0,405.0,414.09999999999997,697.0
1866,157.5,144.0,135.0,414.0,414.09999999999997,697.0
1867,157.5,144.0,135.0,454.5,487.9,735.25
1868,157.5,144.0,135.0,454.5,524.8,735.25
1869,157.5,144.0,135.0,454.5,524.8,735.25
1870,157.5,144.0,135.0,454.5,524.8,658.75
1871,157.5,144.0,135.0,405.0,487.9,544.0
1872,157.5,144.0,135.0,333.0,451.0,429.25
1873,157.5,144.0,135.0,292.5,414.09999999999997,382.5
1874,157.5,144.0,135.0,252.0,370.0,352.75
1875,157.5,144.0,135.0,252.0,370.0,352.75
1876,157.5,144.0,135.0,252.0,370.0,352.75
1877,157.5,144.0,135.0,252.0,370.0,352.75
1878,157.5,144.0,135.0,252.0,370.0,352.75
1879,157.5,144.0,135.0,252.0,370.0,352.75
1880,157.5,144.0,135.0,252.0,370.0,382.5
1881,157.5,144.0,135.0,252.0,370.0,382.5
1882,157.5,144.0,135.0,252.0,370.0,382.5
1883,157.5,144.0,135.0,252.0,370.0,391.0
1884,157.5,144.0,135.0,252.0,370.0,429.25
1885,157.5,144.0,135.0,252.0,370.0,429.25
1886,157.5,144.0,135.0,252.0,370.0,429.25
1887,157.5,144.0,135.0,252.0,370.0,429.25
1888,157.5,144.0,135.0,333.0,377.2,429.25
1889,157.5,144.0,135.0,405.0,377.2,429.25
1890,157.5,144.0,135.0,405.0,377.2,429.25
1891,157.5,144.0,135.0,414.0,451.0,429.25
1892,157.5,144.0,135.0,454.5,451.0,429.25
1893,157.5,144.0,135.0,454.5,451.0,429.25
1894,157.5,144.0,135.0,454.5,451.0,382.5
1895,157.5,144.0,135.0,405.0,370.0,314.5
1896,157.5,144.0,135.0,333.0,340.3,199.75
1897,157.5,144.0,135.0,292.5,303.4,123.25
1898,157.5,144.0,135.0,292.5,266.5,85.0
1899,157.5,144.0,135.0,292.5,266.5,85.0
1900,157.5,144.0,135.0,292.5,266.5,85.0
1901,157.5,144.0,135.0,292.5,266.5,123.25
1902,157.5,144.0,135.0,292.5,266.5,123.25
1903,157.5,144.0,135.0,292.5,266.5,199.75
1904,157.5,144.0,135.0,292.5,266.5,199.75
1905,157.5,144.0,135.0,292.5,266.5,276.25
1906,157.5,144.0,135.0,292.5,266.5,276.25
1907,157.5,144.0,135.0,292.5,266.5,352.75
1908,157.5,144.0,135.0,292.5,266.5,382.5
1909,157.5,144.0,135.0,292.5,266.5,382.5
1910,157.5,144.0,135.0,333.0,340.3,382.5
1911,157.5,144.0,135.0,405.0,377.2,467.5
1912,157.5,144.0,135.0,405.0,377.2,582.25
1913,157.5,144.0,135.0,405.0,451.0,582.25
1914,157.5,144.0,135.0,405.0,524.8,697.0
1915,157.5,144.0,135.0,405.0,561.7,735.25
1916,157.5,144.0,135.0,414.0,561.7,735.25
1917,157.5,144.0,135.0,405.0,561.7,735.25
1918,157.5,144.0,135.0,405.0,524.8,658.75
1919,157.5,144.0,135.0,405.0,487.9,544.0
1920,157.5,144.0,135.0,373.5,414.09999999999997,382.5
1921,157.5,144.0,135.0,333.0,377.2,238.0
1922,157.5,144.0,135.0,333.0,370.0,161.5
1923,157.5,144.0,135.0,333.0,370.0,161.5
1924,157.5,144.0,135.0,333.0,370.0,161.5
1925,157.5,144.0,135.0,333.0,370.0,199.75
1926,157.5,144.0,135.0,333.0,370.0,276.25
1927,157.5,144.0,135.0,333.0,370.0,314.5
1928,157.5,144.0,135.0,333.0,370.0,382.5
1929,157.5,144.0,135.0,333.0,370.0,467.5
1930,157.5,144.0,135.0,333.0,370.0,544.0
1931,157.5,144.0,135.0,333.0,370.0,544.0
1932,157.5,144.0,135.0,333.0,370.0,544.0
1933,157.5,144.0,135.0,333.0,370.0,544.0
1934,157.5,144.0,135.0,405.0,370.0,544.0
1935,157.5,144.0,135.0,405.0,370.0,544.0
1936,157.5,144.0,135.0,405.0,370.0,544.0
1937,157.5,144.0,135.0,405.0,414.09999999999997,544.0
1938,157.5,144.0,135.0,405.0,414.09999999999997,544.0
1939,157.5,144.0,135.0,405.0,451.0,620.5
1940,157.5,144.0,135.0,405.0,451.0,620.5
1941,157.5,144.0,135.0,405.0,451.0,620.5
1942,157.5,144.0,135.0,405.0,451.0,582.25
1943,157.5,144.0,135.0,405.0,451.0,505.75
1944,157.5,144.0,135.0,405.0,414.09999999999997,382.5
1945,157.5,144.0,135.0,373.5,414.09999999999997,276.25
1946,157.5,144.0,135.0,373.5,370.0,238.0
1947,157.5,144.0,135.0,373.5,370.0,238.0
1948,157.5,144.0,135.0,373.5,370.0,276.25
1949,157.5,144.0,135.0,373.5,370.0,276.25
1950,157.5,144.0,135.0,373.5,370.0,276.25
1951,157.5,144.0,135.0,373.5,370.0,276.25
1952,157.5,144.0,135.0,373.5,370.0,276.25
1953,157.5,144.0,135.0,373.5,370.0,314.5
1954,157.5,144.0,135.0,373.5,370.0,314.5
1955,157.5,144.0,135.0,373.5,370.0,352.75
1956,157.5,144.0,135.0,373.5,370.0,352.75
1957,157.5,144.0,135.0,373.5,377.2,352.75
1958,157.5,144.0,135.0,373.5,377.2,352.75
1959,157.5,144.0,135.0,405.0,377.2,382.5
1960,157.5,144.0,135.0,405.0,377.2,382.5
1961,157.5,144.0,135.0,405.0,377.2,382.5
1962,157.5,144.0,135.0,405.0,414.09999999999997,382.5
1963,157.5,144.0,135.0,405.0,487.9,429.25
1964,157.5,144.0,135.0,405.0,524.8,429.25
1965,157.5,144.0,135.0,454.5,524.8,429.25
1966,157.5,144.0,135.0,454.5,451.0,382.5
1967,157.5,144.0,135.0,454.5,370.0,314.5
1968,157.5,144.0,135.0,454.5,266.5,276.25
1969,157.5,144.0,135.0,454.5,192.7,238.0
1970,157.5,144.0,135.0,414.0,118.9,199.75
1971,157.5,144.0,135.0,405.0,82.0,161.5
1972,157.5,144.0,135.0,405.0,82.0,161.5
1973,157.5,144.0,135.0,405.0,82.0,161.5
1974,157.5,144.0,135.0,405.0,82.0,161.5
1975,157.5,144.0,135.0,405.0,118.9,161.5
1976,157.5,144.0,135.0,405.0,155.8,161.5
1977,157.5,144.0,135.0,405.0,155.8,238.0
1978,157.5,144.0,135.0,405.0,155.8,314.5
1979,157.5,144.0,135.0,405.0,229.6,314.5
1980,157.5,144.0,135.0,405.0,266.5,314.5
1981,157.5,144.0,135.0,405.0,266.5,314.5
1982,157.5,144.0,135.0,405.0,266.5,352.75
1983,157.5,144.0,135.0,405.0,340.3,382.5
1984,157.5,144.0,135.0,405.0,377.2,505.75
1985,157.5,144.0,135.0,405.0,377.2,582.25
1986,157.5,144.0,135.0,405.0,414.09999999999997,697.0
1987,157.5,144.0,135.0,405.0,451.0,735.25
1988,157.5,144.0,135.0,405.0,451.0,735.25
1989,157.5,144.0,135.0,405.0,451.0,697.0
1990,157.5,144.0,135.0,405.0,451.0,620.5
1991,157.5,144.0,135.0,405.0,370.0,505.75
1992,157.5,144.0,135.0,405.0,266.5,382.5
1993,157.5,144.0,135.0,405.0,229.6,238.0
1994,157.5,144.0,135.0,405.0,192.7,161.5
1995,157.5,144.0,135.0,405.0,192.7,161.5
1996,157.5,144.0,135.0,405.0,192.7,161.5
1997,157.5,144.0,135.0,405.0,266.5,199.75
1998,157.5,144.0,135.0,405.0,266.5,199.75
1999,157.5,144.0,135.0,405.0,340.3,199.75
2000,157.5,144.0,135.0,405.0,370.0,199.75
2001,157.5,144.0,135.0,405.0,377.2,238.0
2002,157.5,144.0,135.0,405.0,377.2,276.25
2003,157.5,144.0,135.0,405.0,377.2,314.5
2004,157.5,144.0,135.0,405.0,377.2,352.75
2005,157.5,144.0,135.0,405.0,414.09999999999997,352.75
2006,157.5,144.0,135.0,405.0,414.09999999999997,382.5
2007,157.5,144.0,135.0,405.0,414.09999999999997,391.0
2008,157.5,144.0,135.0,405.0,414.09999999999997,467.5
2009,157.5,144.0,135.0,405.0,451.0,544.0
2010,157.5,144.0,135.0,405.0,524.8,582.25
2011,157.5,144.0,135.0,405.0,672.4,658.75
2012,157.5,144.0,135.0,405.0,672.4,658.75
2013,157.5,144.0,135.0,405.0,672.4,658.75
2014,157.5,144.0,135.0,405.0,635.5,658.75
2015,157.5,144.0,135.0,373.5,598.6,582.25
2016,157.5,144.0,135.0,292.5,487.9,544.0
2017,157.5,144.0,135.0,252.0,414.09999999999997,467.5
2018,157.5,144.0,135.0,252.0,377.2,391.0
2019,157.5,144.0,135.0,252.0,370.0,382.5
2020,157.5,144.0,135.0,252.0,370.0,382.5
2021,157.5,144.0,135.0,252.0,370.0,382.5
2022,157.5,144.0,135.0,252.0,370.0,382.5
2023,157.5,144.0,135.0,252.0,370.0,382.5
2024,157.5,144.0,135.0,252.0,370.0,382.5
2025,157.5,144.0,135.0,252.0,377.2,382.5
2026,157.5,144.0,135.0,252.0,377.2,382.5
2027,157.5,144.0,135.0,252.0,414.09999999999997,382.5
2028,157.5,144.0,135.0,252.0,451.0,382.5
2029,157.5,144.0,135.0,252.0,524.8,429.25
2030,157.5,144.0,135.0,333.0,561.7,429.25
2031,157.5,144.0,135.0,405.0,598.6,429.25
2032,157.5,144.0,135.0,405.0,672.4,429.25
2033,157.5,144.0,135.0,405.0,709.3,429.25
2034,157.5,144.0,135.0,405.0,746.1999999999999,429.25
2035,157.5,144.0,135.0,405.0,783.1,429.25
2036,157.5,144.0,135.0,405.0,783.1,467.5
2037,157.5,144.0,135.0,405.0,783.1,467.5
2038,157.5,144.0,135.0,414.0,672.4,429.25
2039,157.5,144.0,135.0,414.0,598.6,382.5
2040,157.5,144.0,135.0,405.0,524.8,314.5
2041,157.5,144.0,135.0,405.0,487.9,314.5
2042,157.5,144.0,135.0,405.0,414.09999999999997,314.5
2043,157.5,144.0,135.0,405.0,370.0,314.5
2044,157.5,144.0,135.0,405.0,370.0,314.5
2045,157.5,144.0,135.0,405.0,370.0,314.5
2046,157.5,144.0,135.0,405.0,370.0,314.5
2047,157.5,144.0,135.0,405.0,370.0,314.5
2048,157.5,144.0,135.0,405.0,377.2,314.5
2049,157.5,144.0,135.0,405.0,414.09999999999997,314.5
2050,157.5,144.0,135.0,405.0,414.09999999999997,314.5
2051,157.5,144.0,135.0,405.0,451.0,314.5
2052,157.5,144.0,135.0,405.0,487.9,314.5
2053,157.5,144.0,135.0,405.0,524.8,314.5
2054,157.5,144.0,135.0,405.0,561.7,314.5
2055,157.5,144.0,135.0,405.0,635.5,314.5
2056,157.5,144.0,135.0,405.0,672.4,314.5
2057,157.5,144.0,135.0,405.0,672.4,314.5
2058,157.5,144.0,135.0,405.0,709.3,352.75
2059,157.5,144.0,135.0,405.0,746.1999999999999,382.5
2060,157.5,144.0,135.0,414.0,746.1999999999999,391.0
2061,157.5,144.0,135.0,414.0,746.1999999999999,391.0
2062,157.5,144.0,135.0,405.0,672.4,382.5
2063,157.5,144.0,135.0,414.0,561.7,314.5
2064,157.5,144.0,135.0,373.5,451.0,238.0
2065,157.5,144.0,135.0,333.0,370.0,161.5
2066,157.5,144.0,135.0,333.0,303.4,123.25
2067,157.5,144.0,135.0,333.0,303.4,85.0
2068,157.5,144.0,135.0,333.0,303.4,85.0
2069,157.5,144.0,135.0,333.0,303.4,85.0
2070,157.5,144.0,135.0,333.0,303.4,85.0
2071,157.5,144.0,135.0,333.0,303.4,161.5
2072,157.5,144.0,135.0,333.0,303.4,199.75
2073,157.5,144.0,135.0,333.0,303.4,199.75
2074,157.5,144.0,135.0,333.0,303.4,199.75
2075,157.5,144.0,135.0,333.0,303.4,276.25
2076,157.5,144.0,135.0,333.0,303.4,352.75
2077,157.5,144.0,135.0,333.0,303.4,352.75
2078,157.5,144.0,135.0,333.0,303.4,352.75
2079,157.5,144.0,135.0,333.0,303.4,467.5
2080,157.5,144.0,135.0,333.0,303.4,467.5
2081,157.5,144.0,135.0,333.0,303.4,467.5
2082,157.5,144.0,135.0,405.0,303.4,544.0
2083,157.5,144.0,135.0,405.0,340.3,620.5
2084,157.5,144.0,135.0,405.0,370.0,620.5
2085,157.5,144.0,135.0,414.0,377.2,620.5
2086,157.5,144.0,135.0,414.0,377.2,620.5
2087,157.5,144.0,135.0,405.0,370.0,544.0
2088,157.5,144.0,135.0,405.0,340.3,467.5
2089,157.5,144.0,135.0,405.0,340.3,429.25
2090,157.5,144.0,135.0,405.0,340.3,382.5
2091,157.5,144.0,135.0,405.0,340.3,382.5
2092,157.5,144.0,135.0,405.0,340.3,382.5
2093,157.5,144.0,135.0,405.0,340.3,382.5
2094,157.5,144.0,135.0,405.0,340.3,382.5
2095,157.5,144.0,135.0,405.0,340.3,382.5
2096,157.5,144.0,135.0,405.0,340.3,382.5
2097,157.5,144.0,135.0,405.0,340.3,382.5
2098,157.5,144.0,135.0,405.0,340.3,382.5
2099,157.5,144.0,135.0,405.0,340.3,382.5
2100,157.5,144.0,135.0,405.0,340.3,382.5
2101,157.5,144.0,135.0,405.0,340.3,391.0
2102,157.5,144.0,135.0,405.0,370.0,429.25
2103,157.5,144.0,135.0,405.0,370.0,467.5
2104,157.5,144.0,135.0,414.0,414.09999999999997,505.75
2105,157.5,144.0,135.0,414.0,487.9,544.0
2106,157.5,144.0,135.0,535.5,598.6,544.0
2107,157.5,144.0,135.0,576.0,672.4,544.0
2108,157.5,144.0,135.0,576.0,672.4,544.0
2109,157.5,144.0,135.0,576.0,672.4,505.75
2110,157.5,144.0,135.0,535.5,672.4,429.25
2111,157.5,144.0,135.0,535.5,598.6,382.5
2112,157.5,144.0,135.0,495.0,487.9,352.75
2113,157.5,144.0,135.0,454.5,414.09999999999997,276.25
2114,157.5,144.0,135.0,405.0,370.0,276.25
2115,157.5,144.0,135.0,405.0,370.0,276.25
2116,157.5,144.0,135.0,405.0,370.0,276.25
2117,157.5,144.0,135.0,405.0,370.0,276.25
2118,157.5,144.0,135.0,405.0,370.0,352.75
2119,157.5,144.0,135.0,405.0,370.0,382.5
2120,157.5,144.0,135.0,405.0,377.2,429.25
2121,157.5,144.0,135.0,405.0,377.2,429.25
2122,157.5,144.0,135.0,405.0,414.09999999999997,429.25
2123,157.5,144.0,135.0,405.0,414.09999999999997,467.5
2124,157.5,144.0,135.0,405.0,487.9,467.5
2125,157.5,144.0,135.0,405.0,524.8,467.5
2126,157.5,144.0,135.0,405.0,561.7,505.75
2127,157.5,144.0,135.0,405.0,561.7,544.0
2128,157.5,144.0,135.0,405.0,561.7,544.0
2129,157.5,144.0,135.0,405.0,561.7,544.0
2130,157.5,144.0,135.0,405.0,598.6,544.0
2131,157.5,144.0,135.0,414.0,598.6,544.0
2132,157.5,144.0,135.0,454.5,598.6,544.0
2133,157.5,144.0,135.0,454.5,598.6,544.0
2134,157.5,144.0,135.0,454.5,598.6,467.5
2135,157.5,144.0,135.0,454.5,524.8,382.5
2136,157.5,144.0,135.0,414.0,487.9,276.25
2137,157.5,144.0,135.0,405.0,370.0,199.75
2138,157.5,144.0,135.0,405.0,303.4,123.25
2139,157.5,144.0,135.0,405.0,303.4,123.25
2140,157.5,144.0,135.0,405.0,303.4,123.25
2141,157.5,144.0,135.0,405.0,303.4,123.25
2142,157.5,144.0,135.0,405.0,303.4,161.5
2143,157.5,144.0,135.0,405.0,303.4,238.0
2144,157.5,144.0,135.0,405.0,303.4,238.0
2145,157.5,144.0,135.0,405.0,303.4,276.25
2146,157.5,144.0,135.0,405.0,303.4,391.0
2147,157.5,144.0,135.0,405.0,303.4,467.5
2148,157.5,144.0,135.0,405.0,303.4,544.0
2149,157.5,144.0,135.0,405.0,303.4,544.0
2150,157.5,144.0,135.0,405.0,303.4,544.0
2151,157.5,144.0,135.0,405.0,377.2,620.5
2152,157.5,144.0,135.0,405.0,414.09999999999997,697.0
2153,157.5,144.0,135.0,405.0,414.09999999999997,697.0
2154,157.5,144.0,135.0,454.5,451.0,697.0
2155,157.5,144.0,135.0,495.0,524.8,735.25
2156,157.5,144.0,135.0,495.0,561.7,773.5
2157,157.5,144.0,135.0,495.0,561.7,773.5
2158,157.5,144.0,135.0,495.0,524.8,773.5
2159,157.5,144.0,135.0,495.0,451.0,658.75
2160,157.5,144.0,135.0,454.5,370.0,582.25
2161,157.5,144.0,135.0,405.0,266.5,505.75
2162,157.5,144.0,135.0,373.5,192.7,467.5
2163,157.5,144.0,135.0,373.5,155.8,382.5
2164,157.5,144.0,135.0,373.5,155.8,382.5
2165,157.5,144.0,135.0,373.5,155.8,382.5
2166,157.5,144.0,135.0,373.5,155.8,382.5
2167,157.5,144.0,135.0,373.5,155.8,382.5
2168,157.5,144.0,135.0,373.5,229.6,382.5
2169,157.5,144.0,135.0,373.5,229.6,382.5
2170,157.5,144.0,135.0,373.5,229.6,382.5
2171,157.5,144.0,135.0,373.5,266.5,382.5
2172,157.5,144.0,135.0,373.5,303.4,382.5
2173,157.5,144.0,135.0,373.5,377.2,382.5
2174,157.5,144.0,135.0,373.5,377.2,382.5
2175,157.5,144.0,135.0,373.5,377.2,429.25
2176,157.5,144.0,135.0,373.5,377.2,429.25
2177,157.5,144.0,135.0,405.0,377.2,429.25
2178,157.5,144.0,135.0,414.0,377.2,429.25
2179,157.5,144.0,135.0,454.5,414.09999999999997,429.25
2180,157.5,144.0,135.0,454.5,414.09999999999997,429.25
2181,157.5,144.0,135.0,454.5,414.09999999999997,429.25
2182,157.5,144.0,135.0,454.5,414.09999999999997,429.25
2183,157.5,144.0,135.0,414.0,414.09999999999997,352.75
2184,157.5,144.0,135.0,405.0,370.0,276.25
2185,157.5,144.0,135.0,405.0,340.3,238.0
2186,157.5,144.0,135.0,405.0,266.5,238.0
2187,157.5,144.0,135.0,405.0,266.5,238.0
2188,157.5,144.0,135.0,405.0,266.5,276.25
2189,157.5,144.0,135.0,405.0,266.5,276.25
2190,157.5,144.0,135.0,405.0,266.5,314.5
2191,157.5,144.0,135.0,405.0,266.5,314.5
2192,157.5,144.0,135.0,405.0,266.5,391.0
2193,157.5,144.0,135.0,405.0,266.5,467.5
2194,157.5,144.0,135.0,405.0,266.5,467.5
2195,157.5,144.0,135.0,405.0,266.5,467.5
2196,157.5,144.0,135.0,405.0,266.5,467.5
2197,157.5,144.0,135.0,405.0,340.3,467.5
2198,157.5,144.0,135.0,405.0,340.3,467.5
2199,157.5,144.0,135.0,405.0,370.0,467.5
2200,157.5,144.0,135.0,405.0,370.0,544.0
2201,157.5,144.0,135.0,405.0,370.0,544.0
2202,157.5,144.0,135.0,405.0,370.0,544.0
2203,157.5,144.0,135.0,405.0,377.2,620.5
2204,157.5,144.0,135.0,405.0,377.2,620.5
2205,157.5,144.0,135.0,405.0,370.0,620.5
2206,157.5,144.0,135.0,333.0,303.4,620.5
2207,157.5,144.0,135.0,292.5,266.5,582.25
2208,157.5,144.0,135.0,252.0,192.7,505.75
2209,157.5,144.0,135.0,252.0,82.0,429.25
2210,157.5,144.0,135.0,252.0,82.0,382.5
2211,157.5,144.0,135.0,252.0,82.0,352.75
2212,157.5,144.0,135.0,252.0,82.0,352.75
2213,157.5,144.0,135.0,252.0,118.9,352.75
2214,157.5,144.0,135.0,252.0,118.9,352.75
2215,157.5,144.0,135.0,252.0,118.9,352.75
2216,157.5,144.0,135.0,252.0,118.9,352.75
2217,157.5,144.0,135.0,252.0,192.7,352.75
2218,157.5,144.0,135.0,252.0,192.7,352.75
2219,157.5,144.0,135.0,252.0,229.6,352.75
2220,157.5,144.0,135.0,252.0,266.5,352.75
2221,157.5,144.0,135.0,252.0,303.4,352.75
2222,157.5,144.0,135.0,373.5,303.4,382.5
2223,157.5,144.0,135.0,405.0,303.4,382.5
2224,157.5,144.0,135.0,405.0,487.9,429.25
2225,157.5,144.0,135.0,405.0,524.8,429.25
2226,157.5,144.0,135.0,454.5,672.4,429.25
2227,157.5,144.0,135.0,495.0,672.4,429.25
2228,157.5,144.0,135.0,535.5,672.4,467.5
2229,157.5,144.0,135.0,535.5,672.4,467.5
2230,157.5,144.0,135.0,535.5,598.6,467.5
2231,157.5,144.0,135.0,495.0,487.9,391.0
2232,157.5,144.0,135.0,454.5,370.0,382.5
2233,157.5,144.0,135.0,414.0,266.5,314.5
2234,157.5,144.0,135.0,405.0,266.5,276.25
2235,157.5,144.0,135.0,405.0,266.5,276.25
2236,157.5,144.0,135.0,405.0,266.5,276.25
2237,157.5,144.0,135.0,405.0,303.4,276.25
2238,157.5,144.0,135.0,405.0,303.4,276.25
2239,157.5,144.0,135.0,405.0,377.2,276.25
2240,157.5,144.0,135.0,405.0,377.2,276.25
2241,157.5,144.0,135.0,405.0,414.09999999999997,314.5
2242,157.5,144.0,135.0,405.0,451.0,352.75
2243,157.5,144.0,135.0,405.0,487.9,352.75
2244,157.5,144.0,135.0,405.0,487.9,352.75
2245,157.5,144.0,135.0,405.0,487.9,352.75
2246,157.5,144.0,135.0,405.0,487.9,352.75
2247,157.5,144.0,135.0,405.0,561.7,391.0
2248,157.5,144.0,135.0,405.0,561.7,429.25
2249,157.5,144.0,135.0,414.0,598.6,429.25
2250,157.5,144.0,135.0,414.0,598.6,429.25
2251,157.5,144.0,135.0,454.5,598.6,429.25
2252,157.5,144.0,135.0,454.5,598.6,467.5
2253,157.5,144.0,135.0,454.5,598.6,467.5
2254,157.5,144.0,135.0,405.0,487.9,382.5
2255,157.5,144.0,135.0,405.0,370.0,314.5
2256,157.5,144.0,135.0,373.5,229.6,238.0
2257,157.5,144.0,135.0,333.0,155.8,123.25
2258,157.5,144.0,135.0,252.0,82.0,123.25
2259,157.5,144.0,135.0,252.0,82.0,85.0
2260,157.5,144.0,135.0,252.0,82.0,85.0
2261,157.5,144.0,135.0,252.0,82.0,85.0
2262,157.5,144.0,135.0,252.0,82.0,85.0
2263,157.5,144.0,135.0,252.0,155.8,123.25
2264,157.5,144.0,135.0,252.0,155.8,123.25
2265,157.5,144.0,135.0,252.0,192.7,199.75
2266,157.5,144.0,135.0,252.0,229.6,238.0
2267,157.5,144.0,135.0,252.0,266.5,238.0
2268,157.5,144.0,135.0,252.0,266.5,276.25
2269,157.5,144.0,135.0,252.0,266.5,352.75
2270,157.5,144.0,135.0,252.0,266.5,382.5
2271,157.5,144.0,135.0,373.5,303.4,391.0
2272,157.5,144.0,135.0,405.0,340.3,467.5
2273,157.5,144.0,135.0,405.0,377.2,467.5
2274,157.5,144.0,135.0,414.0,414.09999999999997,467.5
2275,157.5,144.0,135.0,414.0,451.0,467.5
2276,157.5,144.0,135.0,454.5,487.9,467.5
2277,157.5,144.0,135.0,454.5,487.9,467.5
2278,157.5,144.0,135.0,454.5,414.09999999999997,429.25
2279,157.5,144.0,135.0,454.5,370.0,382.5
2280,157.5,144.0,135.0,454.5,340.3,382.5
2281,157.5,144.0,135.0,454.5,303.4,382.5
2282,157.5,144.0,135.0,414.0,303.4,382.5
2283,157.5,144.0,135.0,405.0,303.4,382.5
2284,157.5,144.0,135.0,405.0,303.4,382.5
2285,157.5,144.0,135.0,405.0,303.4,382.5
2286,157.5,144.0,135.0,405.0,303.4,382.5
2287,157.5,144.0,135.0,405.0,303.4,429.25
2288,157.5,144.0,135.0,405.0,303.4,467.5
2289,157.5,144.0,135.0,405.0,303.4,467.5
2290,157.5,144.0,135.0,405.0,303.4,467.5
2291,157.5,144.0,135.0,405.0,303.4,467.5
2292,157.5,144.0,135.0,405.0,303.4,467.5
2293,157.5,144.0,135.0,405.0,303.4,582.25
2294,157.5,144.0,135.0,405.0,340.3,582.25
2295,157.5,144.0,135.0,405.0,370.0,658.75
2296,157.5,144.0,135.0,405.0,370.0,697.0
2297,157.5,144.0,135.0,405.0,370.0,697.0
2298,157.5,144.0,135.0,405.0,377.2,773.5
2299,157.5,144.0,135.0,454.5,487.9,773.5
2300,157.5,144.0,135.0,495.0,524.8,773.5
2301,157.5,144.0,135.0,495.0,524.8,773.5
2302,157.5,144.0,135.0,495.0,524.8,773.5
2303,157.5,144.0,135.0,454.5,451.0,735.25
2304,157.5,144.0,135.0,414.0,370.0,658.75
2305,157.5,144.0,135.0,405.0,266.5,544.0
2306,157.5,144.0,135.0,373.5,266.5,429.25
2307,157.5,144.0,135.0,373.5,266.5,382.5
2308,157.5,144.0,135.0,373.5,266.5,382.5
2309,157.5,144.0,135.0,373.5,266.5,467.5
2310,157.5,144.0,135.0,373.5,266.5,467.5
2311,157.5,144.0,135.0,373.5,266.5,467.5
2312,157.5,144.0,135.0,373.5,266.5,467.5
2313,157.5,144.0,135.0,373.5,266.5,505.75
2314,157.5,144.0,135.0,373.5,266.5,505.75
2315,157.5,144.0,135.0,373.5,266.5,505.75
2316,157.5,144.0,135.0,373.5,266.5,544.0
2317,157.5,144.0,135.0,373.5,266.5,544.0
2318,157.5,144.0,135.0,373.5,266.5,620.5
2319,157.5,144.0,135.0,373.5,303.4,620.5
2320,157.5,144.0,135.0,373.5,303.4,620.5
2321,157.5,144.0,135.0,373.5,377.2,658.75
2322,157.5,144.0,135.0,373.5,377.2,697.0
2323,157.5,144.0,135.0,373.5,377.2,735.25
2324,157.5,144.0,135.0,373.5,377.2,735.25
2325,157.5,144.0,135.0,373.5,370.0,735.25
2326,157.5,144.0,135.0,373.5,370.0,697.0
2327,157.5,144.0,135.0,373.5,303.4,620.5
2328,157.5,144.0,135.0,373.5,266.5,544.0
2329,157.5,144.0,135.0,373.5,229.6,467.5
2330,157.5,144.0,135.0,373.5,192.7,429.25
2331,157.5,144.0,135.0,373.5,192.7,382.5
2332,157.5,144.0,135.0,373.5,192.7,382.5
2333,157.5,144.0,135.0,373.5,192.7,382.5
2334,157.5,144.0,135.0,373.5,192.7,382.5
2335,157.5,144.0,135.0,373.5,192.7,382.5
2336,157.5,144.0,135.0,373.5,192.7,382.5
2337,157.5,144.0,135.0,373.5,192.7,429.25
2338,157.5,144.0,135.0,405.0,192.7,429.25
2339,157.5,144.0,135.0,405.0,192.7,505.75
2340,157.5,144.0,135.0,405.0,192.7,582.25
2341,157.5,144.0,135.0,405.0,192.7,620.5
2342,157.5,144.0,135.0,405.0,192.7,620.5
2343,157.5,144.0,135.0,405.0,229.6,620.5
2344,157.5,144.0,135.0,405.0,229.6,658.75
2345,157.5,144.0,135.0,414.0,266.5,658.75
2346,157.5,144.0,135.0,414.0,303.4,658.75
2347,157.5,144.0,135.0,414.0,370.0,735.25
2348,157.5,144.0,135.0,454.5,377.2,773.5
2349,157.5,144.0,135.0,454.5,377.2,773.5
2350,157.5,144.0,135.0,454.5,377.2,735.25
2351,157.5,144.0,135.0,414.0,370.0,658.75
2352,157.5,144.0,135.0,414.0,340.3,544.0
2353,157.5,144.0,135.0,414.0,266.5,467.5
2354,157.5,144.0,135.0,405.0,155.8,429.25
2355,157.5,144.0,135.0,405.0,155.8,382.5
2356,157.5,144.0,135.0,405.0,155.8,382.5
2357,157.5,144.0,135.0,405.0,155.8,382.5
2358,157.5,144.0,135.0,405.0,155.8,382.5
2359,157.5,144.0,135.0,405.0,155.8,382.5
2360,157.5,144.0,135.0,405.0,192.7,382.5
2361,157.5,144.0,135.0,405.0,229.6,382.5
2362,157.5,144.0,135.0,405.0,303.4,382.5
2363,157.5,144.0,135.0,405.0,340.3,382.5
2364,157.5,144.0,135.0,405.0,370.0,382.5
2365,157.5,144.0,135.0,405.0,370.0,382.5
2366,157.5,144.0,135.0,405.0,377.2,382.5
2367,157.5,144.0,135.0,405.0,377.2,382.5
2368,157.5,144.0,135.0,405.0,377.2,382.5
2369,157.5,144.0,135.0,405.0,377.2,382.5
2370,157.5,144.0,135.0,405.0,377.2,382.5
2371,157.5,144.0,135.0,405.0,451.0,382.5
2372,157.5,144.0,135.0,405.0,451.0,382.5
2373,157.5,144.0,135.0,405.0,451.0,391.0
2374,157.5,144.0,135.0,454.5,451.0,382.5
2375,157.5,144.0,135.0,454.5,451.0,276.25
2376,157.5,144.0,135.0,414.0,377.2,199.75
2377,157.5,144.0,135.0,414.0,370.0,161.5
2378,157.5,144.0,135.0,405.0,370.0,161.5
2379,157.5,144.0,135.0,405.0,370.0,161.5
2380,157.5,144.0,135.0,405.0,370.0,199.75
2381,157.5,144.0,135.0,405.0,414.09999999999997,199.75
2382,157.5,144.0,135.0,405.0,414.09999999999997,238.0
2383,157.5,144.0,135.0,405.0,451.0,276.25
2384,157.5,144.0,135.0,405.0,524.8,382.5
2385,157.5,144.0,135.0,405.0,561.7,382.5
2386,157.5,144.0,135.0,405.0,598.6,505.75
2387,157.5,144.0,135.0,405.0,598.6,505.75
2388,157.5,144.0,135.0,405.0,635.5,505.75
2389,157.5,144.0,135.0,405.0,709.3,620.5
2390,157.5,144.0,135.0,405.0,709.3,620.5
2391,157.5,144.0,135.0,414.0,709.3,697.0
2392,157.5,144.0,135.0,414.0,709.3,735.25
2393,157.5,144.0,135.0,454.5,709.3,735.25
2394,157.5,144.0,135.0,535.5,709.3,735.25
2395,157.5,144.0,135.0,616.5,820.0,735.25
2396,157.5,144.0,135.0,657.0,820.0,735.25
2397,157.5,144.0,135.0,657.0,820.0,735.25
2398,157.5,144.0,135.0,616.5,783.1,697.0
2399,157.5,144.0,135.0,535.5,709.3,582.25
2400,157.5,144.0,135.0,454.5,561.7,352.75
2401,157.5,144.0,135.0,405.0,377.2,238.0
2402,157.5,144.0,135.0,373.5,229.6,199.75
2403,157.5,144.0,135.0,373.5,118.9,199.75
2404,157.5,144.0,135.0,373.5,118.9,199.75
2405,157.5,144.0,135.0,373.5,192.7,199.75
2406,157.5,144.0,135.0,405.0,370.0,382.5
