case,sample_categories,Scheme,PassID,CandidateID,BaseCandidateID,TaskID,Duration,CandidateStart,incremental_reason,accepted,full_task_feasible,full_grid_feasible,rejection_consistent,capacity_pressure_ratio,grid_import_pressure_ratio,abs_residual_cost_CNY,abs_residual_carbon_tCO2,abs_residual_renewable_used_MWh,abs_residual_service_objective,abs_residual_used_gpu_instant,abs_residual_used_it_power_instant_mw,abs_residual_ai_energy_mwh,abs_residual_facility_average_power_mw,max_absolute_residual,max_relative_residual,worst_quantity,audit_mode
fractional_duration,fractional_duration|high_gpu_demand_task|high_power_task|no_change|random_fixed_seed,cost_min,1,Q2C000001,Q2C000001,1,4.666666666666686,456.0,no_change,False,True,True,True,0.6230115736111111,0.0,0.0,0.0,0.0,0.0,0.0,0.0,0.0,0.0,0.0,0.0,cost_CNY,
random_feasible_move,duration_lt_1h|fractional_duration|no_change|random_feasible_move|random_fixed_seed,cost_min,1,Q2C000961,Q2C000961,961,0.6333333333334394,1462.0,no_change,False,True,True,True,0.41050555555555557,0.0,0.0,0.0,0.0,0.0,0.0,0.0,0.0,0.0,0.0,0.0,cost_CNY,
random_feasible_move,fractional_duration|no_change|random_feasible_move|random_fixed_seed,cost_min,1,Q2C009903,Q2C009903,9903,4.9500000000000455,1973.0,no_change,False,True,True,True,0.8795246907407409,0.0,0.0,0.0,0.0,0.0,0.0,0.0,0.0,0.0,0.0,0.0,cost_CNY,
random_feasible_move,fractional_duration|high_gpu_demand_task|high_power_task|no_change|random_feasible_move|random_fixed_seed,cost_min,1,Q2C017819,Q2C017819,17819,2.1666666666666856,508.0,no_change,False,True,True,True,0.9043309517857143,0.0,0.0,0.0,0.0,0.0,0.0,0.0,0.0,0.0,0.0,0.0,cost_CNY,
random_feasible_move,fractional_duration|no_change|random_feasible_move|random_fixed_seed,cost_min,1,Q2C034185,Q2C034185,34185,2.016666666666879,2339.0,no_change,False,True,True,True,0.7126358695652174,0.0,0.0,0.0,0.0,0.0,0.0,0.0,0.0,0.0,0.0,0.0,cost_CNY,
random_feasible_move,fractional_duration|no_change|random_feasible_move|random_fixed_seed,cost_min,1,Q2C046304,Q2C046304,46304,4.099999999999909,1339.0,no_change,False,True,True,True,0.8064198404761904,0.0,0.0,0.0,0.0,0.0,0.0,0.0,0.0,0.0,0.0,0.0,cost_CNY,
accepted,accepted|fractional_duration|high_gpu_demand_task|high_power_task|random_fixed_seed|region_migration,cost_min,1,Q2C050001,Q2C050001,1,4.666666666666686,2401.0,accepted,True,True,True,True,0.8188184517857142,0.0,1.4657416613772511e-08,0.0,3.666400516522117e-10,7.993605777301127e-14,0.0,1.4210854715202004e-14,1.4210854715202004e-14,1.1368683772161603e-13,1.4657416613772511e-08,2.943177588409582e-12,cost_CNY,
feasible_but_rejected,feasible_but_rejected|fractional_duration|random_fixed_seed|region_migration,cost_min,1,Q2C050002,Q2C050002,2,3.2999999999999545,1126.0,feasible,False,True,True,True,0.9780000000000002,0.0,0.0,0.0,6.875779945403337e-10,2.4056413328379933e-16,0.0,1.4210854715202004e-14,1.4210854715202004e-14,1.1368683772161603e-13,6.875779945403337e-10,6.875779945403337e-10,renewable_used_MWh,
capacity_rejected,capacity_rejected|fractional_duration|high_gpu_demand_task|high_power_task|random_fixed_seed|region_migration,cost_min,1,Q2C050005,Q2C050005,5,2.683333333333394,2239.0,it_capacity,False,False,True,True,1.0386577243902437,0.0,,,,,0.0,1.4210854715202004e-14,1.4210854715202004e-14,1.1368683772161603e-13,1.1368683772161603e-13,8.943764325387517e-18,facility_average_power_mw,
random_feasible_move,duration_lt_1h|feasible_but_rejected|fractional_duration|random_feasible_move|random_fixed_seed|region_migration,cost_min,1,Q2C053850,Q2C053850,3888,0.6666666666666288,1653.0,feasible,False,True,True,True,0.6793478260869565,0.0,1.3693352229893208e-08,0.0,1.290345608140342e-10,8.500145032286355e-15,0.0,5.684341886080802e-14,5.684341886080802e-14,2.2737367544323206e-13,1.3693352229893208e-08,4.695145978657956e-12,cost_CNY,
random_feasible_move,feasible_but_rejected|fractional_duration|random_feasible_move|random_fixed_seed|region_migration,cost_min,1,Q2C057311,Q2C057311,7375,5.61666666666666,95.0,feasible,False,True,True,True,0.9777119333333333,0.0,7.148628355935216e-09,0.0,4.042703949380666e-10,1.8045460958848736e-15,0.0,8.526512829121202e-14,8.526512829121202e-14,2.2737367544323206e-13,7.148628355935216e-09,3.2367898267926606e-12,cost_CNY,
random_feasible_move,accepted|fractional_duration|random_feasible_move|random_fixed_seed,cost_min,1,Q2C059748,Q2C059748,9843,5.050000000000011,206.0,accepted,True,True,True,True,0.8972332015810277,0.0,3.1865056371316314e-08,0.0,3.7283598430803977e-10,1.1813466871402056e-15,0.0,8.526512829121202e-14,5.684341886080802e-14,2.2737367544323206e-13,3.1865056371316314e-08,8.30175027395886e-12,cost_CNY,
random_feasible_move,feasible_but_rejected|fractional_duration|high_gpu_demand_task|high_power_task|random_feasible_move|random_fixed_seed|region_migration,cost_min,1,Q2C075858,Q2C075858,26113,3.466666666666697,1926.0,feasible,False,True,True,True,0.9877717391304348,0.0,0.0,0.0,1.3375256457948126e-10,3.3428121382073073e-15,0.0,8.526512829121202e-14,8.526512829121202e-14,2.2737367544323206e-13,1.3375256457948126e-10,3.219498543936065e-11,renewable_used_MWh,
random_feasible_move,feasible_but_rejected|fractional_duration|random_feasible_move|random_fixed_seed|region_migration,cost_min,1,Q2C110177,Q2C110177,11024,4.2666666666666515,546.0,feasible,False,True,True,True,0.8519668737060041,0.0,2.1354935597628355e-08,0.0,6.195932655828074e-12,1.5331919761552015e-14,0.0,8.526512829121202e-14,8.526512829121202e-14,3.410605131648481e-13,2.1354935597628355e-08,1.1886621538541596e-10,cost_CNY,
accepted,accepted|fractional_duration|high_gpu_demand_task|high_power_task|random_fixed_seed|region_migration|return_to_baseline,cost_min,2,Q2C000001,Q2C000001,1,4.666666666666686,456.0,accepted,True,True,True,True,0.9638821428571429,0.0,2.663364284671843e-08,8.881784197001252e-16,4.831690603168681e-10,3.730349362740526e-14,0.0,8.526512829121202e-14,8.526512829121202e-14,3.410605131648481e-13,2.663364284671843e-08,4.717272723988262e-12,cost_CNY,
fractional_duration,fractional_duration|no_change|random_fixed_seed,cost_min,2,Q2C000002,Q2C000002,2,3.2999999999999545,1126.0,no_change,False,True,True,True,0.9785853658536586,0.0,0.0,0.0,0.0,0.0,0.0,8.526512829121202e-14,8.526512829121202e-14,3.410605131648481e-13,3.410605131648481e-13,3.410605131648481e-13,facility_average_power_mw,
feasible_but_rejected,feasible_but_rejected|fractional_duration|high_gpu_demand_task|high_power_task|random_fixed_seed|region_migration|return_to_baseline,cost_min,2,Q2C000005,Q2C000005,5,2.683333333333394,2233.0,feasible,False,True,True,True,0.891614814814815,0.0,2.9765942599624395e-08,0.0,9.052882887772284e-10,3.661827785439442e-14,0.0,8.526512829121202e-14,8.526512829121202e-14,3.410605131648481e-13,2.9765942599624395e-08,2.5035591480847524e-12,cost_CNY,
capacity_rejected,capacity_rejected|fractional_duration|high_gpu_demand_task|high_power_task|random_fixed_seed|region_migration|return_to_baseline,cost_min,2,Q2C001380,Q2C001380,1380,4.4500000000000455,2009.0,gpu_capacity,False,False,True,True,1.006916996047431,0.0,,,,,0.0,8.526512829121202e-14,8.526512829121202e-14,3.410605131648481e-13,3.410605131648481e-13,1.7142236696180333e-17,facility_average_power_mw,
random_feasible_move,fractional_duration|high_gpu_demand_task|high_power_task|no_change|random_feasible_move|random_fixed_seed,cost_min,2,Q2C028185,Q2C028185,28185,4.4833333333333485,304.0,no_change,False,True,True,True,0.7287784679089027,0.0,0.0,0.0,0.0,0.0,0.0,8.526512829121202e-14,8.526512829121202e-14,3.410605131648481e-13,3.410605131648481e-13,3.410605131648481e-13,facility_average_power_mw,
random_feasible_move,feasible_but_rejected|fractional_cross_two_hours|fractional_duration|random_feasible_move|random_fixed_seed|region_migration|return_to_baseline,cost_min,2,Q2C040214,Q2C040214,40214,1.2000000000000455,1917.0,feasible,False,True,True,True,0.9619753086419754,0.0,4.0745362639427185e-10,0.0,2.219167072325945e-10,2.4312691616901194e-14,0.0,8.526512829121202e-14,8.526512829121202e-14,3.410605131648481e-13,4.0745362639427185e-10,4.2675880163953857e-13,cost_CNY,
random_feasible_move,fractional_duration|no_change|random_feasible_move|random_fixed_seed,cost_min,2,Q2C042831,Q2C042831,42831,6.349999999999909,1281.0,no_change,False,True,True,True,0.8403532608695652,0.0,0.0,0.0,0.0,0.0,0.0,8.526512829121202e-14,8.526512829121202e-14,3.410605131648481e-13,3.410605131648481e-13,3.410605131648481e-13,facility_average_power_mw,
random_feasible_move,fractional_duration|no_change|random_feasible_move|random_fixed_seed,cost_min,2,Q2C046408,Q2C046408,46408,6.349999999999909,1917.0,no_change,False,True,True,True,0.9914722214285715,0.0,0.0,0.0,0.0,0.0,0.0,8.526512829121202e-14,8.526512829121202e-14,3.410605131648481e-13,3.410605131648481e-13,3.410605131648481e-13,facility_average_power_mw,
random_feasible_move,feasible_but_rejected|fractional_duration|random_feasible_move|random_fixed_seed|region_migration,cost_min,2,Q2C067846,Q2C067846,18022,2.4500000000000455,1086.0,feasible,False,True,True,True,0.9800032913580248,0.0,0.0,0.0,7.599396667501424e-10,3.025921527233244e-14,0.0,8.526512829121202e-14,8.526512829121202e-14,3.410605131648481e-13,7.599396667501424e-10,7.599396667501424e-10,renewable_used_MWh,
random_feasible_move,feasible_but_rejected|fractional_duration|random_feasible_move|random_fixed_seed|region_migration,cost_min,2,Q2C071104,Q2C071104,21312,3.0666666666667197,932.0,feasible,False,True,True,True,0.8617268292682927,0.0,0.0,0.0,0.0,2.390067107443418e-14,0.0,8.526512829121202e-14,8.526512829121202e-14,3.410605131648481e-13,3.410605131648481e-13,3.410605131648481e-13,facility_average_power_mw,
random_feasible_move,feasible_but_rejected|fractional_duration|random_feasible_move|random_fixed_seed|region_migration,cost_min,2,Q2C088477,Q2C088477,38862,4.533333333333303,2099.0,feasible,False,True,True,True,0.9686864197530866,0.0,0.0,0.0,2.942783794424031e-10,1.3713585388791527e-14,0.0,8.526512829121202e-14,8.526512829121202e-14,3.410605131648481e-13,2.942783794424031e-10,2.942783794424031e-10,renewable_used_MWh,
random_feasible_move,feasible_but_rejected|fractional_duration|random_feasible_move|random_fixed_seed|region_migration,cost_min,2,Q2C101070,Q2C101070,1609,5.133333333333439,1572.0,feasible,False,True,True,True,0.8794841261904764,0.0,0.0,0.0,0.0,4.834662807899279e-14,0.0,1.1368683772161603e-13,8.526512829121202e-14,3.410605131648481e-13,3.410605131648481e-13,3.410605131648481e-13,facility_average_power_mw,
random_feasible_move,capacity_rejected|fractional_duration|high_gpu_demand_task|high_power_task|random_feasible_move|random_fixed_seed|region_migration,cost_min,2,Q2C115516,Q2C115516,16539,3.400000000000091,1592.0,it_capacity,False,False,True,True,1.0373925925925924,0.0,,,,,0.0,8.526512829121202e-14,8.526512829121202e-14,3.410605131648481e-13,3.410605131648481e-13,6.463396627084831e-14,facility_average_power_mw,
random_feasible_move,feasible_but_rejected|fractional_duration|random_feasible_move|random_fixed_seed|region_migration,cost_min,2,Q2C118190,Q2C118190,19301,4.683333333333337,444.0,feasible,False,True,True,True,1.0,0.0,0.0,0.0,0.0,2.3307148312029513e-14,0.0,8.526512829121202e-14,8.526512829121202e-14,3.410605131648481e-13,3.410605131648481e-13,3.410605131648481e-13,facility_average_power_mw,
fractional_duration,fractional_duration|high_gpu_demand_task|high_power_task|no_change|random_fixed_seed,cost_min,3,Q2C000001,Q2C000001,1,4.666666666666686,456.0,no_change,False,True,True,True,0.6222893513888889,0.0,0.0,0.0,0.0,0.0,0.0,8.526512829121202e-14,8.526512829121202e-14,3.410605131648481e-13,3.410605131648481e-13,3.410605131648481e-13,facility_average_power_mw,
feasible_but_rejected,feasible_but_rejected|fractional_duration|high_gpu_demand_task|high_power_task|random_fixed_seed|region_migration|return_to_baseline,cost_min,3,Q2C000005,Q2C000005,5,2.683333333333394,2233.0,feasible,False,True,True,True,0.891614814814815,0.0,2.0379957277327776e-08,0.0,1.7217871572938748e-09,3.661827785439442e-14,0.0,8.526512829121202e-14,8.526512829121202e-14,3.410605131648481e-13,2.0379957277327776e-08,1.6792171538222049e-12,cost_CNY,
capacity_rejected,capacity_rejected|fractional_duration|high_gpu_demand_task|high_power_task|random_fixed_seed|region_migration|return_to_baseline,cost_min,3,Q2C001380,Q2C001380,1380,4.4500000000000455,2009.0,gpu_capacity,False,False,True,True,1.006916996047431,0.0,,,,,0.0,8.526512829121202e-14,8.526512829121202e-14,3.410605131648481e-13,3.410605131648481e-13,2.5586625221142146e-17,facility_average_power_mw,
accepted,accepted|fractional_duration|random_fixed_seed|region_migration|return_to_baseline,cost_min,3,Q2C001841,Q2C001841,1841,5.466666666666697,956.0,accepted,True,True,True,True,0.8546195652173914,0.0,2.4483597371727228e-08,0.0,1.1849579095724039e-09,9.2148511043888e-15,0.0,8.526512829121202e-14,8.526512829121202e-14,3.410605131648481e-13,2.4483597371727228e-08,2.2081605302524473e-09,cost_CNY,
random_feasible_move,feasible_but_rejected|fractional_duration|random_feasible_move|random_fixed_seed|region_migration|return_to_baseline,cost_min,3,Q2C003561,Q2C003561,3561,6.449999999999818,2176.0,feasible,False,True,True,True,0.8457556935817805,0.0,4.361936589702964e-08,0.0,3.8886582842678763e-10,1.0816678499073196e-15,0.0,8.526512829121202e-14,8.526512829121202e-14,3.410605131648481e-13,4.361936589702964e-08,5.778365504095153e-10,cost_CNY,
random_feasible_move,fractional_duration|no_change|random_feasible_move|random_fixed_seed,cost_min,3,Q2C004610,Q2C004610,4610,5.7000000000000455,1617.0,no_change,False,True,True,True,0.989648033126294,0.0,0.0,0.0,0.0,0.0,0.0,8.526512829121202e-14,8.526512829121202e-14,3.410605131648481e-13,3.410605131648481e-13,3.410605131648481e-13,facility_average_power_mw,
random_feasible_move,fractional_duration|no_change|random_feasible_move|random_fixed_seed,cost_min,3,Q2C015717,Q2C015717,15717,3.3333333333333357,54.0,no_change,False,True,True,True,0.9837396833333335,0.0,0.0,0.0,0.0,0.0,0.0,8.526512829121202e-14,8.526512829121202e-14,3.410605131648481e-13,3.410605131648481e-13,3.410605131648481e-13,facility_average_power_mw,
random_feasible_move,hour_boundary|integer_duration|no_change|random_feasible_move|random_fixed_seed,cost_min,3,Q2C018093,Q2C018093,18093,1.0,689.0,no_change,False,True,True,True,0.5955827160493827,0.0,0.0,0.0,0.0,0.0,0.0,8.526512829121202e-14,8.526512829121202e-14,3.410605131648481e-13,3.410605131648481e-13,3.410605131648481e-13,facility_average_power_mw,
random_feasible_move,fractional_duration|no_change|random_feasible_move|random_fixed_seed,cost_min,3,Q2C033273,Q2C033273,33273,3.183333333333394,2218.0,no_change,False,True,True,True,0.9061264822134387,0.0,0.0,0.0,0.0,0.0,0.0,8.526512829121202e-14,8.526512829121202e-14,3.410605131648481e-13,3.410605131648481e-13,3.410605131648481e-13,facility_average_power_mw,
random_feasible_move,fractional_duration|no_change|random_feasible_move|random_fixed_seed,cost_min,3,Q2C033681,Q2C033681,33681,3.4333333333332803,879.0,no_change,False,True,True,True,0.8280632411067194,0.0,0.0,0.0,0.0,0.0,0.0,8.526512829121202e-14,8.526512829121202e-14,3.410605131648481e-13,3.410605131648481e-13,3.410605131648481e-13,facility_average_power_mw,
random_feasible_move,fractional_duration|no_change|random_feasible_move|random_fixed_seed,cost_min,3,Q2C049963,Q2C049963,49963,6.133333333333439,1519.0,no_change,False,True,True,True,0.8961049388888889,0.0,0.0,0.0,0.0,0.0,0.0,8.526512829121202e-14,8.526512829121202e-14,3.410605131648481e-13,3.410605131648481e-13,3.410605131648481e-13,facility_average_power_mw,
random_feasible_move,duration_lt_1h|fractional_duration|no_change|random_feasible_move|random_fixed_seed,cost_min,3,Q2C062152,Q2C062152,12263,0.4500000000000455,2186.0,no_change,False,True,True,True,0.9851238095238095,0.0,0.0,0.0,0.0,0.0,0.0,8.526512829121202e-14,8.526512829121202e-14,3.410605131648481e-13,3.410605131648481e-13,3.410605131648481e-13,facility_average_power_mw,
random_feasible_move,feasible_but_rejected|fractional_duration|random_feasible_move|random_fixed_seed|region_migration,cost_min,3,Q2C089741,Q2C089741,40139,3.3833333333333258,672.0,feasible,False,True,True,True,0.8120235780487806,0.0,2.521119313314557e-08,0.0,5.086349119665101e-10,3.9057732742486806e-14,0.0,8.526512829121202e-14,8.526512829121202e-14,3.410605131648481e-13,2.521119313314557e-08,1.3707855956321028e-11,cost_CNY,
random_feasible_move,feasible_but_rejected|fractional_duration|random_feasible_move|random_fixed_seed|region_migration,cost_min,3,Q2C095888,Q2C095888,46344,4.083333333333485,2198.0,feasible,False,True,True,True,0.792265873809524,0.0,0.0,0.0,0.0,1.838653063352194e-14,0.0,8.526512829121202e-14,8.526512829121202e-14,3.410605131648481e-13,3.410605131648481e-13,3.410605131648481e-13,facility_average_power_mw,
fractional_duration,fractional_duration|high_gpu_demand_task|high_power_task|no_change|random_fixed_seed,cost_min,4,Q2C000001,Q2C000001,1,4.666666666666686,456.0,no_change,False,True,True,True,0.6222893513888889,0.0,0.0,0.0,0.0,0.0,0.0,8.526512829121202e-14,8.526512829121202e-14,3.410605131648481e-13,3.410605131648481e-13,3.410605131648481e-13,facility_average_power_mw,
feasible_but_rejected,feasible_but_rejected|fractional_duration|high_gpu_demand_task|high_power_task|random_fixed_seed|region_migration|return_to_baseline,cost_min,4,Q2C000005,Q2C000005,5,2.683333333333394,2233.0,feasible,False,True,True,True,0.891614814814815,0.0,3.922468749806285e-08,0.0,1.4085799193708226e-10,8.196568423990414e-15,0.0,8.526512829121202e-14,8.526512829121202e-14,3.410605131648481e-13,3.922468749806285e-08,3.231938477793633e-12,cost_CNY,
accepted,accepted|duration_lt_1h|fractional_duration|random_fixed_seed|return_to_baseline,cost_min,4,Q2C000490,Q2C000490,490,0.6333333333334394,2014.0,accepted,True,True,True,True,0.6922098759259261,0.0,1.380612957291305e-08,0.0,2.4942892196122557e-10,4.128641872824801e-15,0.0,8.526512829121202e-14,8.526512829121202e-14,3.410605131648481e-13,1.380612957291305e-08,1.2963575486830418e-11,cost_CNY,
capacity_rejected,capacity_rejected|fractional_duration|high_gpu_demand_task|high_power_task|random_fixed_seed|region_migration|return_to_baseline,cost_min,4,Q2C001380,Q2C001380,1380,4.4500000000000455,2009.0,gpu_capacity,False,False,True,True,1.006916996047431,0.0,,,,,0.0,8.526512829121202e-14,8.526512829121202e-14,3.410605131648481e-13,3.410605131648481e-13,3.2737800857898775e-17,facility_average_power_mw,
random_feasible_move,fractional_duration|no_change|random_feasible_move|random_fixed_seed,cost_min,4,Q2C004380,Q2C004380,4380,5.283333333333331,84.0,no_change,False,True,True,True,0.937037037037037,0.0,0.0,0.0,0.0,0.0,0.0,8.526512829121202e-14,8.526512829121202e-14,3.410605131648481e-13,3.410605131648481e-13,3.410605131648481e-13,facility_average_power_mw,
random_feasible_move,fractional_cross_two_hours|fractional_duration|no_change|random_feasible_move|random_fixed_seed,cost_min,4,Q2C007284,Q2C007284,7284,1.883333333333212,2109.0,no_change,False,True,True,True,0.7711918707317074,0.0,0.0,0.0,0.0,0.0,0.0,8.526512829121202e-14,8.526512829121202e-14,3.410605131648481e-13,3.410605131648481e-13,3.410605131648481e-13,facility_average_power_mw,
random_feasible_move,fractional_duration|no_change|random_feasible_move|random_fixed_seed,cost_min,4,Q2C007296,Q2C007296,7296,2.400000000000091,1461.0,no_change,False,True,True,True,0.7502552853658537,0.0,0.0,0.0,0.0,0.0,0.0,8.526512829121202e-14,8.526512829121202e-14,3.410605131648481e-13,3.410605131648481e-13,3.410605131648481e-13,facility_average_power_mw,
random_feasible_move,fractional_duration|no_change|random_feasible_move|random_fixed_seed,cost_min,4,Q2C018080,Q2C018080,18080,3.53333333333336,348.0,no_change,False,True,True,True,0.9005382716049383,0.0,0.0,0.0,0.0,0.0,0.0,8.526512829121202e-14,8.526512829121202e-14,3.410605131648481e-13,3.410605131648481e-13,3.410605131648481e-13,facility_average_power_mw,
random_feasible_move,feasible_but_rejected|fractional_duration|random_feasible_move|random_fixed_seed|return_to_baseline,cost_min,4,Q2C044818,Q2C044818,44818,3.800000000000182,2352.0,feasible,False,True,True,True,0.7581521739130435,0.0,9.49512468650937e-09,0.0,1.1474412531242706e-09,2.257482395462418e-14,0.0,8.526512829121202e-14,8.526512829121202e-14,3.410605131648481e-13,9.49512468650937e-09,7.815878758318455e-12,cost_CNY,
random_feasible_move,fractional_duration|no_change|random_feasible_move|random_fixed_seed,cost_min,4,Q2C047554,Q2C047554,47554,5.866666666666561,1072.0,no_change,False,True,True,True,0.8438735177865613,0.0,0.0,0.0,0.0,0.0,0.0,8.526512829121202e-14,8.526512829121202e-14,3.410605131648481e-13,3.410605131648481e-13,3.410605131648481e-13,facility_average_power_mw,
random_feasible_move,feasible_but_rejected|fractional_duration|random_feasible_move|random_fixed_seed|region_migration,cost_min,4,Q2C052020,Q2C052020,2045,5.399999999999977,286.0,feasible,False,True,True,True,0.9754510296296296,0.0,0.0,0.0,6.780851435905788e-10,9.071302736751718e-15,0.0,8.526512829121202e-14,8.526512829121202e-14,3.410605131648481e-13,6.780851435905788e-10,6.780851435905788e-10,renewable_used_MWh,
random_feasible_move,duration_lt_1h|feasible_but_rejected|fractional_duration|random_feasible_move|random_fixed_seed|region_migration,cost_min,4,Q2C068211,Q2C068211,18391,0.4333333333333371,1355.0,feasible,False,True,True,True,0.9489142857142859,0.0,0.0,0.0,5.688320925401058e-10,1.513025815746971e-14,0.0,8.526512829121202e-14,8.526512829121202e-14,3.410605131648481e-13,5.688320925401058e-10,5.688320925401058e-10,renewable_used_MWh,
random_feasible_move,capacity_rejected|fractional_duration|random_feasible_move|random_fixed_seed|region_migration,cost_min,4,Q2C096725,Q2C096725,47188,5.816666666666606,2112.0,it_capacity,False,False,True,True,1.0027024390243904,0.0,,,,,0.0,8.526512829121202e-14,8.526512829121202e-14,3.410605131648481e-13,3.410605131648481e-13,1.9165373443630456e-16,facility_average_power_mw,
random_feasible_move,feasible_but_rejected|fractional_cross_two_hours|fractional_duration|random_feasible_move|random_fixed_seed|region_migration,cost_min,4,Q2C100394,Q2C100394,910,1.0166666666666515,580.0,feasible,False,True,True,True,0.9711374493827161,0.0,0.0,0.0,3.8835423765704036e-10,2.070972516740599e-14,0.0,8.526512829121202e-14,8.526512829121202e-14,3.410605131648481e-13,3.8835423765704036e-10,3.8835423765704036e-10,renewable_used_MWh,
fractional_duration,fractional_duration|high_gpu_demand_task|high_power_task|no_change|random_fixed_seed,cost_min,5,Q2C000001,Q2C000001,1,4.666666666666686,456.0,no_change,False,True,True,True,0.6222893513888889,0.0,0.0,0.0,0.0,0.0,0.0,8.526512829121202e-14,8.526512829121202e-14,3.410605131648481e-13,3.410605131648481e-13,3.410605131648481e-13,facility_average_power_mw,
feasible_but_rejected,feasible_but_rejected|fractional_duration|high_gpu_demand_task|high_power_task|random_fixed_seed|region_migration|return_to_baseline,cost_min,5,Q2C000005,Q2C000005,5,2.683333333333394,2233.0,feasible,False,True,True,True,0.891614814814815,0.0,2.0379957277327776e-08,0.0,1.4085799193708226e-10,2.0225141006413594e-14,0.0,8.526512829121202e-14,8.526512829121202e-14,3.410605131648481e-13,2.0379957277327776e-08,1.6792171538222049e-12,cost_CNY,
random_feasible_move,feasible_but_rejected|hour_boundary|integer_duration|random_feasible_move|random_fixed_seed|region_migration|return_to_baseline,cost_min,5,Q2C001243,Q2C001243,1243,1.0,1273.0,feasible,False,True,True,True,0.969147968292683,0.0,2.2890162654221058e-08,0.0,6.85417944623623e-10,8.53635738484737e-15,0.0,8.526512829121202e-14,8.526512829121202e-14,3.410605131648481e-13,2.2890162654221058e-08,7.623767151487591e-12,cost_CNY,
capacity_rejected,capacity_rejected|fractional_duration|high_gpu_demand_task|high_power_task|random_fixed_seed|region_migration|return_to_baseline,cost_min,5,Q2C001380,Q2C001380,1380,4.4500000000000455,2009.0,gpu_capacity,False,False,True,True,1.006916996047431,0.0,,,,,0.0,8.526512829121202e-14,8.526512829121202e-14,3.410605131648481e-13,3.410605131648481e-13,3.2737800857898775e-17,facility_average_power_mw,
accepted,accepted|fractional_duration|random_fixed_seed|return_to_baseline,cost_min,5,Q2C002073,Q2C002073,2073,6.616666666666674,402.0,accepted,True,True,True,True,0.9735054347826086,0.0,2.3708707885816693e-08,0.0,2.2646418074145913e-10,9.43689570931383e-15,0.0,8.526512829121202e-14,8.526512829121202e-14,3.410605131648481e-13,2.3708707885816693e-08,3.808100048925837e-11,cost_CNY,
random_feasible_move,fractional_duration|no_change|random_feasible_move|random_fixed_seed,cost_min,5,Q2C037916,Q2C037916,37916,4.633333333333439,1625.0,no_change,False,True,True,True,0.95,0.0,0.0,0.0,0.0,0.0,0.0,8.526512829121202e-14,8.526512829121202e-14,3.410605131648481e-13,3.410605131648481e-13,3.410605131648481e-13,facility_average_power_mw,
random_feasible_move,fractional_duration|no_change|random_feasible_move|random_fixed_seed,cost_min,5,Q2C046270,Q2C046270,46270,2.3000000000000114,450.0,no_change,False,True,True,True,0.4389233954451346,0.0,0.0,0.0,0.0,0.0,0.0,8.526512829121202e-14,8.526512829121202e-14,3.410605131648481e-13,3.410605131648481e-13,3.410605131648481e-13,facility_average_power_mw,
random_feasible_move,feasible_but_rejected|hour_boundary|integer_duration|random_feasible_move|random_fixed_seed|region_migration,cost_min,5,Q2C060100,Q2C060100,10198,1.0,1247.0,feasible,False,True,True,True,0.9090633753086419,0.0,0.0,0.0,1.0550138540565968e-09,2.2323907384659038e-14,0.0,8.526512829121202e-14,8.526512829121202e-14,3.410605131648481e-13,1.0550138540565968e-09,1.0550138540565968e-09,renewable_used_MWh,
random_feasible_move,feasible_but_rejected|fractional_duration|high_gpu_demand_task|high_power_task|random_feasible_move|random_fixed_seed,cost_min,5,Q2C063595,Q2C063595,13719,2.5,2321.0,feasible,False,True,True,True,0.8371630946428572,0.0,0.0,0.0,0.0,2.0240753517697385e-14,0.0,8.526512829121202e-14,8.526512829121202e-14,3.410605131648481e-13,3.410605131648481e-13,3.410605131648481e-13,facility_average_power_mw,
random_feasible_move,feasible_but_rejected|fractional_duration|random_feasible_move|random_fixed_seed,cost_min,5,Q2C072188,Q2C072188,22404,5.033333333333303,2271.0,feasible,False,True,True,True,0.7806324110671937,0.0,0.0,0.0,1.1368683772161603e-13,1.8787488925697815e-14,0.0,8.526512829121202e-14,8.526512829121202e-14,3.410605131648481e-13,3.410605131648481e-13,3.410605131648481e-13,facility_average_power_mw,
random_feasible_move,capacity_rejected|fractional_duration|random_feasible_move|random_fixed_seed|region_migration,cost_min,5,Q2C077786,Q2C077786,28060,5.033333333333303,2400.0,gpu_capacity,False,False,True,True,1.0360054347826086,0.0,,,,,0.0,8.526512829121202e-14,8.526512829121202e-14,3.410605131648481e-13,3.410605131648481e-13,2.4218605677392308e-17,facility_average_power_mw,
random_feasible_move,fractional_duration|no_change|random_feasible_move|random_fixed_seed,cost_min,5,Q2C077805,Q2C077805,28079,4.116666666666561,1789.0,no_change,False,True,True,True,0.6709486166007905,0.0,0.0,0.0,0.0,0.0,0.0,8.526512829121202e-14,8.526512829121202e-14,3.410605131648481e-13,3.410605131648481e-13,3.410605131648481e-13,facility_average_power_mw,
random_feasible_move,duration_lt_1h|feasible_but_rejected|fractional_duration|random_feasible_move|random_fixed_seed,cost_min,5,Q2C090958,Q2C090958,41370,0.43333333333339397,2221.0,feasible,False,True,True,True,0.9685814814814816,0.0,0.0,0.0,1.1368683772161603e-13,8.646620745789146e-15,0.0,8.526512829121202e-14,8.526512829121202e-14,3.410605131648481e-13,3.410605131648481e-13,3.410605131648481e-13,facility_average_power_mw,
random_feasible_move,capacity_rejected|duration_lt_1h|fractional_duration|random_feasible_move|random_fixed_seed|region_migration,cost_min,5,Q2C111365,Q2C111365,12246,0.36666666666656056,2405.0,gpu_capacity,False,False,True,True,1.0217391304347827,0.0,,,,,0.0,8.526512829121202e-14,8.526512829121202e-14,3.410605131648481e-13,3.410605131648481e-13,3.410605131648481e-13,facility_average_power_mw,
fractional_duration,fractional_duration|high_gpu_demand_task|high_power_task|no_change|random_fixed_seed,cost_min,6,Q2C000001,Q2C000001,1,4.666666666666686,456.0,no_change,False,True,True,True,0.6222893513888889,0.0,0.0,0.0,0.0,0.0,0.0,8.526512829121202e-14,8.526512829121202e-14,3.410605131648481e-13,3.410605131648481e-13,3.410605131648481e-13,facility_average_power_mw,
feasible_but_rejected,feasible_but_rejected|fractional_duration|high_gpu_demand_task|high_power_task|random_fixed_seed|region_migration|return_to_baseline,cost_min,6,Q2C000005,Q2C000005,5,2.683333333333394,2233.0,feasible,False,True,True,True,0.891614814814815,0.0,2.0379957277327776e-08,0.0,1.4085799193708226e-10,2.0225141006413594e-14,0.0,8.526512829121202e-14,8.526512829121202e-14,3.410605131648481e-13,2.0379957277327776e-08,1.6792171538222049e-12,cost_CNY,
capacity_rejected,capacity_rejected|fractional_duration|high_gpu_demand_task|high_power_task|random_fixed_seed|region_migration|return_to_baseline,cost_min,6,Q2C001380,Q2C001380,1380,4.4500000000000455,2009.0,gpu_capacity,False,False,True,True,1.006916996047431,0.0,,,,,0.0,8.526512829121202e-14,8.526512829121202e-14,3.410605131648481e-13,3.410605131648481e-13,3.2737800857898775e-17,facility_average_power_mw,
random_feasible_move,duration_lt_1h|fractional_duration|no_change|random_feasible_move|random_fixed_seed,cost_min,6,Q2C015260,Q2C015260,15260,0.39999999999997726,299.0,no_change,False,True,True,True,0.9772455292682927,0.0,0.0,0.0,0.0,0.0,0.0,8.526512829121202e-14,8.526512829121202e-14,3.410605131648481e-13,3.410605131648481e-13,3.410605131648481e-13,facility_average_power_mw,
accepted,accepted|fractional_duration|random_fixed_seed|region_migration|return_to_baseline,cost_min,6,Q2C016213,Q2C016213,16213,3.6666666666666288,770.0,accepted,True,True,True,True,0.9782608695652174,0.0,5.62795321457088e-09,0.0,2.2748736228095368e-10,3.93574062229618e-14,0.0,8.526512829121202e-14,8.526512829121202e-14,3.410605131648481e-13,5.62795321457088e-09,2.5312956809623505e-11,cost_CNY,
random_feasible_move,duration_lt_1h|fractional_duration|no_change|random_feasible_move|random_fixed_seed,cost_min,6,Q2C019280,Q2C019280,19280,0.8833333333332121,2295.0,no_change,False,True,True,True,0.8070652173913043,0.0,0.0,0.0,0.0,0.0,0.0,8.526512829121202e-14,8.526512829121202e-14,3.410605131648481e-13,3.410605131648481e-13,3.410605131648481e-13,facility_average_power_mw,
random_feasible_move,fractional_cross_two_hours|fractional_duration|no_change|random_feasible_move|random_fixed_seed,cost_min,6,Q2C037002,Q2C037002,37002,1.25,670.0,no_change,False,True,True,True,0.8674412690476191,0.0,0.0,0.0,0.0,0.0,0.0,8.526512829121202e-14,8.526512829121202e-14,3.410605131648481e-13,3.410605131648481e-13,3.410605131648481e-13,facility_average_power_mw,
random_feasible_move,fractional_duration|no_change|random_feasible_move|random_fixed_seed,cost_min,6,Q2C045668,Q2C045668,45668,3.8833333333333258,990.0,no_change,False,True,True,True,0.9941398365853659,0.0,0.0,0.0,0.0,0.0,0.0,8.526512829121202e-14,8.526512829121202e-14,3.410605131648481e-13,3.410605131648481e-13,3.410605131648481e-13,facility_average_power_mw,
random_feasible_move,fractional_duration|no_change|random_feasible_move|random_fixed_seed,cost_min,6,Q2C049797,Q2C049797,49797,4.933333333333394,2137.0,no_change,False,True,True,True,0.998716049382716,0.0,0.0,0.0,0.0,0.0,0.0,8.526512829121202e-14,8.526512829121202e-14,3.410605131648481e-13,3.410605131648481e-13,3.410605131648481e-13,facility_average_power_mw,
random_feasible_move,capacity_rejected|fractional_duration|random_feasible_move|random_fixed_seed|region_migration,cost_min,6,Q2C062005,Q2C062005,12116,2.25,2403.0,gpu_capacity,False,False,True,True,1.0227272727272727,0.0,,,,,0.0,8.526512829121202e-14,8.526512829121202e-14,3.410605131648481e-13,3.410605131648481e-13,3.071797397939895e-16,facility_average_power_mw,
random_feasible_move,feasible_but_rejected|fractional_duration|random_feasible_move|random_fixed_seed|region_migration,cost_min,6,Q2C073469,Q2C073469,23695,6.316666666666606,1719.0,feasible,False,True,True,True,0.9862271604938272,0.0,0.0,0.0,3.8977532312856056e-10,3.189202374409561e-14,0.0,8.526512829121202e-14,8.526512829121202e-14,3.410605131648481e-13,3.8977532312856056e-10,2.804811632798686e-10,renewable_used_MWh,
random_feasible_move,feasible_but_rejected|fractional_duration|random_feasible_move|random_fixed_seed|region_migration,cost_min,6,Q2C077825,Q2C077825,28099,6.383333333333326,783.0,feasible,False,True,True,True,0.7816365853658538,0.0,0.0,0.0,2.7910118660656735e-11,1.399054483375295e-14,0.0,8.526512829121202e-14,8.526512829121202e-14,3.410605131648481e-13,2.7910118660656735e-11,4.269865575106779e-12,renewable_used_MWh,
random_feasible_move,feasible_but_rejected|fractional_duration|random_feasible_move|random_fixed_seed|region_migration,cost_min,6,Q2C117177,Q2C117177,18257,4.816666666666606,2226.0,feasible,False,True,True,True,0.7364896833333334,0.0,0.0,0.0,0.0,3.0006150626813062e-15,0.0,8.526512829121202e-14,8.526512829121202e-14,3.410605131648481e-13,3.410605131648481e-13,3.410605131648481e-13,facility_average_power_mw,
random_feasible_move,feasible_but_rejected|fractional_duration|random_feasible_move|random_fixed_seed|region_migration,cost_min,6,Q2C119040,Q2C119040,20176,3.5,135.0,feasible,False,True,True,True,0.8747412008281573,0.0,0.0,0.0,1.2519194569904357e-09,2.1029185337528844e-15,0.0,8.526512829121202e-14,8.526512829121202e-14,3.410605131648481e-13,1.2519194569904357e-09,1.2519194569904357e-09,renewable_used_MWh,
fractional_duration,fractional_duration|high_gpu_demand_task|high_power_task|no_change|random_fixed_seed,carbon_direct,1,Q2C000001,Q2C000001,1,4.666666666666686,456.0,no_change,False,True,True,True,0.6230115736111111,0.0,0.0,0.0,0.0,0.0,0.0,0.0,0.0,0.0,0.0,0.0,cost_CNY,
random_feasible_move,duration_lt_1h|fractional_duration|high_gpu_demand_task|high_power_task|no_change|random_feasible_move|random_fixed_seed,carbon_direct,1,Q2C014393,Q2C014393,14393,0.6333333333332121,2058.0,no_change,False,True,True,True,0.8009510869565217,0.0,0.0,0.0,0.0,0.0,0.0,0.0,0.0,0.0,0.0,0.0,cost_CNY,
random_feasible_move,fractional_cross_two_hours|fractional_duration|no_change|random_feasible_move|random_fixed_seed,carbon_direct,1,Q2C017077,Q2C017077,17077,1.7666666666666515,1232.0,no_change,False,True,True,True,0.8508142857142857,0.0,0.0,0.0,0.0,0.0,0.0,0.0,0.0,0.0,0.0,0.0,cost_CNY,
random_feasible_move,fractional_duration|no_change|random_feasible_move|random_fixed_seed,carbon_direct,1,Q2C019257,Q2C019257,19257,4.550000000000182,2362.0,no_change,False,True,True,True,0.9634387351778656,0.0,0.0,0.0,0.0,0.0,0.0,0.0,0.0,0.0,0.0,0.0,cost_CNY,
random_feasible_move,fractional_duration|no_change|random_feasible_move|random_fixed_seed,carbon_direct,1,Q2C040864,Q2C040864,40864,3.46666666666664,398.0,no_change,False,True,True,True,0.7913514395061728,0.0,0.0,0.0,0.0,0.0,0.0,0.0,0.0,0.0,0.0,0.0,cost_CNY,
random_feasible_move,duration_lt_1h|fractional_duration|no_change|random_feasible_move|random_fixed_seed,carbon_direct,1,Q2C043644,Q2C043644,43644,0.8333333333333712,885.0,no_change,False,True,True,True,0.45246666607142855,0.0,0.0,0.0,0.0,0.0,0.0,0.0,0.0,0.0,0.0,0.0,cost_CNY,
feasible_but_rejected,feasible_but_rejected|fractional_duration|high_gpu_demand_task|high_power_task|random_fixed_seed|region_migration,carbon_direct,1,Q2C050001,Q2C050001,1,4.666666666666686,2401.0,feasible,False,True,True,True,0.8188184517857142,0.0,1.4657416613772511e-08,0.0,3.666400516522117e-10,7.993605777301127e-14,0.0,1.4210854715202004e-14,1.4210854715202004e-14,1.1368683772161603e-13,1.4657416613772511e-08,2.943177588409582e-12,cost_CNY,
capacity_rejected,capacity_rejected|fractional_duration|high_gpu_demand_task|high_power_task|random_fixed_seed|region_migration,carbon_direct,1,Q2C050005,Q2C050005,5,2.683333333333394,2239.0,it_capacity,False,False,True,True,1.0386577243902437,0.0,,,,,0.0,1.4210854715202004e-14,0.0,1.1368683772161603e-13,1.1368683772161603e-13,8.943764325387517e-18,facility_average_power_mw,
accepted,accepted|fractional_duration|random_fixed_seed|region_migration,carbon_direct,1,Q2C051439,Q2C051439,1455,2.733333333333121,2403.0,accepted,True,True,True,True,0.9565217391304348,0.07082196078432082,2.9583134164568037e-08,3.197442310920451e-14,4.704361344920471e-10,7.914675859144182e-17,0.0,2.842170943040401e-14,1.4210854715202004e-14,1.1368683772161603e-13,2.9583134164568037e-08,7.811176959728713e-12,cost_CNY,
random_feasible_move,feasible_but_rejected|fractional_duration|random_feasible_move|random_fixed_seed|region_migration,carbon_direct,1,Q2C098437,Q2C098437,48919,4.400000000000091,1378.0,feasible,False,True,True,True,0.988152380952381,0.0,0.0,0.0,6.451159606513102e-10,6.034398241511196e-16,0.0,2.842170943040401e-14,2.842170943040401e-14,1.1368683772161603e-13,6.451159606513102e-10,6.451159606513102e-10,renewable_used_MWh,
random_feasible_move,feasible_but_rejected|fractional_duration|random_feasible_move|random_fixed_seed|region_migration,carbon_direct,1,Q2C099703,Q2C099703,198,6.099999999999909,1072.0,feasible,False,True,True,True,0.7541853658536585,0.0,0.0,0.0,0.0,2.9039677563666433e-16,0.0,2.842170943040401e-14,2.842170943040401e-14,1.1368683772161603e-13,1.1368683772161603e-13,1.1368683772161603e-13,facility_average_power_mw,
random_feasible_move,feasible_but_rejected|fractional_duration|random_feasible_move|random_fixed_seed|region_migration,carbon_direct,1,Q2C113229,Q2C113229,14170,5.066666666666606,2029.0,feasible,False,True,True,True,0.8535707317073171,0.0,3.177774487994611e-08,0.0,4.164348865742795e-10,1.1657341758564144e-15,0.0,2.842170943040401e-14,2.842170943040401e-14,1.1368683772161603e-13,3.177774487994611e-08,6.965202227892913e-12,cost_CNY,
random_feasible_move,feasible_but_rejected|fractional_duration|random_feasible_move|random_fixed_seed|region_migration,carbon_direct,1,Q2C113398,Q2C113398,14345,6.116666666666561,1883.0,feasible,False,True,True,True,0.8896468261904762,0.0,0.0,0.0,1.2857981346314773e-10,2.402592014227878e-16,0.0,2.842170943040401e-14,2.842170943040401e-14,1.1368683772161603e-13,1.2857981346314773e-10,1.663071432686445e-11,renewable_used_MWh,
random_feasible_move,duration_lt_1h|feasible_but_rejected|fractional_duration|random_feasible_move|random_fixed_seed|region_migration,carbon_direct,1,Q2C118848,Q2C118848,19981,0.31666666666660603,2178.0,feasible,False,True,True,True,0.8033126293995859,0.0,0.0,0.0,3.6914116208208725e-10,2.223156554681527e-16,0.0,2.842170943040401e-14,2.842170943040401e-14,1.1368683772161603e-13,3.6914116208208725e-10,3.6914116208208725e-10,renewable_used_MWh,
fractional_duration,fractional_duration|high_gpu_demand_task|high_power_task|no_change|random_fixed_seed,carbon_direct,2,Q2C000001,Q2C000001,1,4.666666666666686,456.0,no_change,False,True,True,True,0.6230115736111111,0.0,0.0,0.0,0.0,0.0,0.0,2.842170943040401e-14,2.842170943040401e-14,1.1368683772161603e-13,1.1368683772161603e-13,1.1368683772161603e-13,facility_average_power_mw,
cross_2399_2400,cross_2399_2400|feasible_but_rejected|fractional_duration|random_fixed_seed|region_migration|return_to_baseline,carbon_direct,2,Q2C001455,Q2C001455,1455,2.733333333333121,2399.0,feasible,False,True,True,True,0.8060555555555556,0.0,1.2387317838147283e-08,0.0,4.703224476543255e-10,7.914675859144182e-17,0.0,1.4210854715202004e-14,1.4210854715202004e-14,1.1368683772161603e-13,1.2387317838147283e-08,3.689743507051688e-12,cost_CNY,
random_feasible_move,fractional_duration|no_change|random_feasible_move|random_fixed_seed,carbon_direct,2,Q2C013849,Q2C013849,13849,2.2166666666666686,105.0,no_change,False,True,True,True,0.9614057604938271,0.0,0.0,0.0,0.0,0.0,0.0,2.842170943040401e-14,2.842170943040401e-14,1.1368683772161603e-13,1.1368683772161603e-13,1.1368683772161603e-13,facility_average_power_mw,
random_feasible_move,hour_boundary|integer_duration|no_change|random_feasible_move|random_fixed_seed,carbon_direct,2,Q2C014847,Q2C014847,14847,3.0,2345.0,no_change,False,True,True,True,0.6348543209876543,0.0,0.0,0.0,0.0,0.0,0.0,2.842170943040401e-14,2.842170943040401e-14,1.1368683772161603e-13,1.1368683772161603e-13,1.1368683772161603e-13,facility_average_power_mw,
random_feasible_move,fractional_duration|no_change|random_feasible_move|random_fixed_seed,carbon_direct,2,Q2C020375,Q2C020375,20375,5.4166666666667425,1388.0,no_change,False,True,True,True,0.8685809523809526,0.0,0.0,0.0,0.0,0.0,0.0,2.842170943040401e-14,2.842170943040401e-14,1.1368683772161603e-13,1.1368683772161603e-13,1.1368683772161603e-13,facility_average_power_mw,
random_feasible_move,fractional_duration|no_change|random_feasible_move|random_fixed_seed,carbon_direct,2,Q2C027407,Q2C027407,27407,6.0499999999999545,1346.0,no_change,False,True,True,True,0.9720920642857143,0.0,0.0,0.0,0.0,0.0,0.0,2.842170943040401e-14,2.842170943040401e-14,1.1368683772161603e-13,1.1368683772161603e-13,1.1368683772161603e-13,facility_average_power_mw,
random_feasible_move,duration_lt_1h|fractional_duration|no_change|random_feasible_move|random_fixed_seed,carbon_direct,2,Q2C028974,Q2C028974,28974,0.36666666666678793,2199.0,no_change,False,True,True,True,0.7197178853658538,0.0,0.0,0.0,0.0,0.0,0.0,2.842170943040401e-14,2.842170943040401e-14,1.1368683772161603e-13,1.1368683772161603e-13,1.1368683772161603e-13,facility_average_power_mw,
random_feasible_move,fractional_cross_two_hours|fractional_duration|no_change|random_feasible_move|random_fixed_seed,carbon_direct,2,Q2C029677,Q2C029677,29677,1.3333333333333144,460.0,no_change,False,True,True,True,0.6820462958333333,0.0,0.0,0.0,0.0,0.0,0.0,2.842170943040401e-14,2.842170943040401e-14,1.1368683772161603e-13,1.1368683772161603e-13,1.1368683772161603e-13,facility_average_power_mw,
capacity_rejected,capacity_rejected|fractional_duration|high_gpu_demand_task|high_power_task|random_fixed_seed|region_migration,carbon_direct,2,Q2C050005,Q2C050005,5,2.683333333333394,2239.0,it_capacity,False,False,True,True,1.0386577243902437,0.0,,,,,0.0,2.842170943040401e-14,2.842170943040401e-14,1.1368683772161603e-13,1.1368683772161603e-13,8.943764325387517e-18,facility_average_power_mw,
random_feasible_move,feasible_but_rejected|fractional_duration|random_feasible_move|random_fixed_seed,carbon_direct,2,Q2C099596,Q2C099596,85,5.566666666666606,2400.0,feasible,False,True,True,True,0.9830081292682927,0.0,0.0,0.0,5.684341886080802e-14,5.551115123125783e-16,0.0,2.842170943040401e-14,2.842170943040401e-14,1.1368683772161603e-13,1.1368683772161603e-13,1.1368683772161603e-13,facility_average_power_mw,
random_feasible_move,duration_lt_1h|feasible_but_rejected|fractional_duration|random_feasible_move|random_fixed_seed|region_migration,carbon_direct,2,Q2C112028,Q2C112028,12931,0.41666666666674246,1142.0,feasible,False,True,True,True,0.8134148148148148,0.0,0.0,0.0,4.594653546519112e-10,5.303510451984406e-16,0.0,2.842170943040401e-14,2.842170943040401e-14,1.1368683772161603e-13,4.594653546519112e-10,4.594653546519112e-10,renewable_used_MWh,
random_feasible_move,feasible_but_rejected|fractional_duration|random_feasible_move|random_fixed_seed|region_migration,carbon_direct,2,Q2C114984,Q2C114984,15987,3.533333333333303,2193.0,feasible,False,True,True,True,0.9985706357142858,0.0,0.0,0.0,0.0,4.0586769513815957e-16,0.0,2.842170943040401e-14,2.842170943040401e-14,1.1368683772161603e-13,1.1368683772161603e-13,1.1368683772161603e-13,facility_average_power_mw,
random_feasible_move,feasible_but_rejected|fractional_duration|high_gpu_demand_task|high_power_task|random_feasible_move|random_fixed_seed|region_migration,carbon_direct,2,Q2C116894,Q2C116894,17958,2.816666666666606,1868.0,feasible,False,True,True,True,0.8923395445134575,0.0,0.0,0.0,5.017568582843523e-10,4.683753385137379e-16,0.0,2.842170943040401e-14,2.842170943040401e-14,1.1368683772161603e-13,5.017568582843523e-10,1.391707262059544e-10,renewable_used_MWh,
fractional_duration,fractional_duration|high_gpu_demand_task|high_power_task|no_change|random_fixed_seed,carbon_direct,3,Q2C000001,Q2C000001,1,4.666666666666686,456.0,no_change,False,True,True,True,0.6230115736111111,0.0,0.0,0.0,0.0,0.0,0.0,2.842170943040401e-14,2.842170943040401e-14,1.1368683772161603e-13,1.1368683772161603e-13,1.1368683772161603e-13,facility_average_power_mw,
cross_2399_2400,cross_2399_2400|feasible_but_rejected|fractional_duration|random_fixed_seed|region_migration|return_to_baseline,carbon_direct,3,Q2C001455,Q2C001455,1455,2.733333333333121,2399.0,feasible,False,True,True,True,0.8060555555555556,0.0,1.2387317838147283e-08,0.0,4.703224476543255e-10,7.914675859144182e-17,0.0,1.4210854715202004e-14,1.4210854715202004e-14,1.1368683772161603e-13,1.2387317838147283e-08,3.689743507051688e-12,cost_CNY,
random_feasible_move,fractional_cross_two_hours|fractional_duration|no_change|random_feasible_move|random_fixed_seed,carbon_direct,3,Q2C012213,Q2C012213,12213,1.5,968.0,no_change,False,True,True,True,0.9360320981481481,0.0,0.0,0.0,0.0,0.0,0.0,2.842170943040401e-14,2.842170943040401e-14,1.1368683772161603e-13,1.1368683772161603e-13,1.1368683772161603e-13,facility_average_power_mw,
random_feasible_move,fractional_duration|no_change|random_feasible_move|random_fixed_seed,carbon_direct,3,Q2C016953,Q2C016953,16953,6.5166666666666515,1483.0,no_change,False,True,True,True,0.7880434782608695,0.0,0.0,0.0,0.0,0.0,0.0,2.842170943040401e-14,2.842170943040401e-14,1.1368683772161603e-13,1.1368683772161603e-13,1.1368683772161603e-13,facility_average_power_mw,
random_feasible_move,fractional_duration|no_change|random_feasible_move|random_fixed_seed,carbon_direct,3,Q2C022174,Q2C022174,22174,4.96666666666664,430.0,no_change,False,True,True,True,0.7240285714285715,0.0,0.0,0.0,0.0,0.0,0.0,2.842170943040401e-14,2.842170943040401e-14,1.1368683772161603e-13,1.1368683772161603e-13,1.1368683772161603e-13,facility_average_power_mw,
random_feasible_move,duration_lt_1h|fractional_duration|no_change|random_feasible_move|random_fixed_seed,carbon_direct,3,Q2C029225,Q2C029225,29225,0.31666666666667,58.0,no_change,False,True,True,True,0.9970016469135804,0.0,0.0,0.0,0.0,0.0,0.0,2.842170943040401e-14,2.842170943040401e-14,1.1368683772161603e-13,1.1368683772161603e-13,1.1368683772161603e-13,facility_average_power_mw,
random_feasible_move,fractional_duration|no_change|random_feasible_move|random_fixed_seed,carbon_direct,3,Q2C030310,Q2C030310,30310,5.683333333333394,1908.0,no_change,False,True,True,True,0.6438981481481483,0.0,0.0,0.0,0.0,0.0,0.0,2.842170943040401e-14,2.842170943040401e-14,1.1368683772161603e-13,1.1368683772161603e-13,1.1368683772161603e-13,facility_average_power_mw,
random_feasible_move,fractional_cross_two_hours|fractional_duration|no_change|random_feasible_move|random_fixed_seed,carbon_direct,3,Q2C036391,Q2C036391,36391,1.8999999999999773,782.0,no_change,False,True,True,True,0.6169772256728778,0.0,0.0,0.0,0.0,0.0,0.0,2.842170943040401e-14,2.842170943040401e-14,1.1368683772161603e-13,1.1368683772161603e-13,1.1368683772161603e-13,facility_average_power_mw,
random_feasible_move,duration_lt_1h|fractional_duration|no_change|random_feasible_move|random_fixed_seed,carbon_direct,3,Q2C044341,Q2C044341,44341,0.8999999999999773,306.0,no_change,False,True,True,True,0.722567287784679,0.0,0.0,0.0,0.0,0.0,0.0,2.842170943040401e-14,2.842170943040401e-14,1.1368683772161603e-13,1.1368683772161603e-13,1.1368683772161603e-13,facility_average_power_mw,
capacity_rejected,capacity_rejected|fractional_duration|high_gpu_demand_task|high_power_task|random_fixed_seed|region_migration,carbon_direct,3,Q2C050005,Q2C050005,5,2.683333333333394,2239.0,it_capacity,False,False,True,True,1.0386577243902437,0.0,,,,,0.0,2.842170943040401e-14,2.842170943040401e-14,1.1368683772161603e-13,1.1368683772161603e-13,8.943764325387517e-18,facility_average_power_mw,
random_feasible_move,feasible_but_rejected|fractional_duration|random_feasible_move|random_fixed_seed|region_migration,carbon_direct,3,Q2C058025,Q2C058025,8095,3.7666666666666657,2402.0,feasible,False,True,True,True,0.9738650414634147,0.0,1.907028490677476e-08,0.0,7.185008144006133e-11,1.174060848541103e-14,0.0,2.842170943040401e-14,2.842170943040401e-14,1.1368683772161603e-13,1.907028490677476e-08,3.5936410098770564e-11,cost_CNY,
random_feasible_move,feasible_but_rejected|fractional_duration|random_feasible_move|random_fixed_seed|region_migration,carbon_direct,3,Q2C079317,Q2C079317,29606,3.933333333333337,435.0,feasible,False,True,True,True,0.9055706521739131,0.0,1.675653038546443e-08,0.0,7.58859641791787e-10,5.121771062821523e-16,0.0,2.842170943040401e-14,2.842170943040401e-14,1.1368683772161603e-13,1.675653038546443e-08,5.07656411311118e-12,cost_CNY,
random_feasible_move,feasible_but_rejected|fractional_duration|random_feasible_move|random_fixed_seed|region_migration,carbon_direct,3,Q2C079750,Q2C079750,30044,6.216666666666697,1191.0,feasible,False,True,True,True,0.7275495926829268,0.0,0.0,0.0,0.0,8.23919112189625e-16,0.0,2.842170943040401e-14,2.842170943040401e-14,1.1368683772161603e-13,1.1368683772161603e-13,1.1368683772161603e-13,facility_average_power_mw,
fractional_duration,fractional_duration|high_gpu_demand_task|high_power_task|no_change|random_fixed_seed,carbon_direct,4,Q2C000001,Q2C000001,1,4.666666666666686,456.0,no_change,False,True,True,True,0.6230115736111111,0.0,0.0,0.0,0.0,0.0,0.0,2.842170943040401e-14,2.842170943040401e-14,1.1368683772161603e-13,1.1368683772161603e-13,1.1368683772161603e-13,facility_average_power_mw,
cross_2399_2400,cross_2399_2400|feasible_but_rejected|fractional_duration|random_fixed_seed|region_migration|return_to_baseline,carbon_direct,4,Q2C001455,Q2C001455,1455,2.733333333333121,2399.0,feasible,False,True,True,True,0.8060555555555556,0.0,1.2387317838147283e-08,0.0,4.703224476543255e-10,7.914675859144182e-17,0.0,1.4210854715202004e-14,1.4210854715202004e-14,1.1368683772161603e-13,1.2387317838147283e-08,3.689743507051688e-12,cost_CNY,
random_feasible_move,fractional_duration|no_change|random_feasible_move|random_fixed_seed,carbon_direct,4,Q2C021215,Q2C021215,21215,2.5,1137.0,no_change,False,True,True,True,0.9644211390243903,0.0,0.0,0.0,0.0,0.0,0.0,2.842170943040401e-14,2.842170943040401e-14,1.1368683772161603e-13,1.1368683772161603e-13,1.1368683772161603e-13,facility_average_power_mw,
random_feasible_move,fractional_duration|no_change|random_feasible_move|random_fixed_seed,carbon_direct,4,Q2C038227,Q2C038227,38227,2.8000000000000114,462.0,no_change,False,True,True,True,0.8819523803571429,0.0,0.0,0.0,0.0,0.0,0.0,2.842170943040401e-14,2.842170943040401e-14,1.1368683772161603e-13,1.1368683772161603e-13,1.1368683772161603e-13,facility_average_power_mw,
random_feasible_move,fractional_duration|no_change|random_feasible_move|random_fixed_seed,carbon_direct,4,Q2C041605,Q2C041605,41605,2.783333333333303,1157.0,no_change,False,True,True,True,0.9632000000000001,0.0,0.0,0.0,0.0,0.0,0.0,2.842170943040401e-14,2.842170943040401e-14,1.1368683772161603e-13,1.1368683772161603e-13,1.1368683772161603e-13,facility_average_power_mw,
random_feasible_move,fractional_duration|no_change|random_feasible_move|random_fixed_seed,carbon_direct,4,Q2C042677,Q2C042677,42677,4.733333333333334,120.0,no_change,False,True,True,True,0.8335597826086957,0.0,0.0,0.0,0.0,0.0,0.0,2.842170943040401e-14,2.842170943040401e-14,1.1368683772161603e-13,1.1368683772161603e-13,1.1368683772161603e-13,facility_average_power_mw,
capacity_rejected,capacity_rejected|fractional_duration|high_gpu_demand_task|high_power_task|random_fixed_seed|region_migration,carbon_direct,4,Q2C050005,Q2C050005,5,2.683333333333394,2239.0,it_capacity,False,False,True,True,1.0386577243902437,0.0,,,,,0.0,2.842170943040401e-14,2.842170943040401e-14,1.1368683772161603e-13,1.1368683772161603e-13,8.943764325387517e-18,facility_average_power_mw,
random_feasible_move,capacity_rejected|fractional_duration|random_feasible_move|random_fixed_seed|region_migration,carbon_direct,4,Q2C059951,Q2C059951,10048,5.9166666666667425,1105.0,it_capacity,False,False,True,True,1.0097670790123456,0.0,,,,,0.0,2.842170943040401e-14,2.842170943040401e-14,1.1368683772161603e-13,1.1368683772161603e-13,6.7353505640429044e-18,facility_average_power_mw,
random_feasible_move,feasible_but_rejected|fractional_cross_two_hours|fractional_duration|random_feasible_move|random_fixed_seed|region_migration,carbon_direct,4,Q2C060091,Q2C060091,10189,1.349999999999909,2018.0,feasible,False,True,True,True,0.989248780487805,0.0,0.0,0.0,1.8189894035458565e-11,7.1181599568641285e-16,0.0,2.842170943040401e-14,2.842170943040401e-14,1.1368683772161603e-13,1.8189894035458565e-11,1.8189894035458565e-11,renewable_used_MWh,
random_feasible_move,feasible_but_rejected|fractional_duration|random_feasible_move|random_fixed_seed|region_migration,carbon_direct,4,Q2C067247,Q2C067247,17418,4.5166666666666515,2122.0,feasible,False,True,True,True,0.9699308951219511,0.0,1.3016688171774149e-08,0.0,2.9899638320785016e-10,2.525757381022231e-15,0.0,2.842170943040401e-14,2.842170943040401e-14,1.1368683772161603e-13,1.3016688171774149e-08,3.491822462841275e-12,cost_CNY,
random_feasible_move,capacity_rejected|fractional_duration|high_gpu_demand_task|high_power_task|random_feasible_move|random_fixed_seed|region_migration,carbon_direct,4,Q2C099204,Q2C099204,49692,6.43333333333328,681.0,it_capacity,False,False,True,True,1.0195226345679012,0.0,,,,,0.0,2.842170943040401e-14,2.842170943040401e-14,1.1368683772161603e-13,1.1368683772161603e-13,8.581744940322275e-15,facility_average_power_mw,
random_feasible_move,feasible_but_rejected|fractional_duration|random_feasible_move|random_fixed_seed|region_migration,carbon_direct,4,Q2C101472,Q2C101472,2030,5.383333333333326,977.0,feasible,False,True,True,True,0.8893280632411067,0.0,0.0,0.0,1.1247607289988082e-09,1.0269562977782698e-15,0.0,2.842170943040401e-14,2.842170943040401e-14,1.1368683772161603e-13,1.1247607289988082e-09,1.4672323144551663e-10,renewable_used_MWh,
random_feasible_move,feasible_but_rejected|fractional_duration|random_feasible_move|random_fixed_seed|region_migration,carbon_direct,4,Q2C112220,Q2C112220,13130,6.550000000000001,36.0,feasible,False,True,True,True,0.938399405357143,0.0,1.6687408788129687e-08,0.0,5.519495971384458e-11,5.091413401991929e-16,0.0,2.842170943040401e-14,2.842170943040401e-14,1.1368683772161603e-13,1.6687408788129687e-08,1.05052270917076e-11,cost_CNY,
fractional_duration,fractional_duration|high_gpu_demand_task|high_power_task|no_change|random_fixed_seed,carbon_direct,5,Q2C000001,Q2C000001,1,4.666666666666686,456.0,no_change,False,True,True,True,0.6230115736111111,0.0,0.0,0.0,0.0,0.0,0.0,2.842170943040401e-14,2.842170943040401e-14,1.1368683772161603e-13,1.1368683772161603e-13,1.1368683772161603e-13,facility_average_power_mw,
cross_2399_2400,cross_2399_2400|feasible_but_rejected|fractional_duration|random_fixed_seed|region_migration|return_to_baseline,carbon_direct,5,Q2C001455,Q2C001455,1455,2.733333333333121,2399.0,feasible,False,True,True,True,0.8060555555555556,0.0,1.2387317838147283e-08,0.0,4.703224476543255e-10,7.914675859144182e-17,0.0,1.4210854715202004e-14,1.4210854715202004e-14,1.1368683772161603e-13,1.2387317838147283e-08,3.689743507051688e-12,cost_CNY,
random_feasible_move,fractional_duration|no_change|random_feasible_move|random_fixed_seed,carbon_direct,5,Q2C011647,Q2C011647,11647,3.2833333333333314,74.0,no_change,False,True,True,True,0.9625251037037036,0.0,0.0,0.0,0.0,0.0,0.0,2.842170943040401e-14,2.842170943040401e-14,1.1368683772161603e-13,1.1368683772161603e-13,1.1368683772161603e-13,facility_average_power_mw,
random_feasible_move,fractional_duration|no_change|random_feasible_move|random_fixed_seed,carbon_direct,5,Q2C019107,Q2C019107,19107,3.8833333333334394,1088.0,no_change,False,True,True,True,0.984472049689441,0.0,0.0,0.0,0.0,0.0,0.0,2.842170943040401e-14,2.842170943040401e-14,1.1368683772161603e-13,1.1368683772161603e-13,1.1368683772161603e-13,facility_average_power_mw,
random_feasible_move,fractional_duration|no_change|random_feasible_move|random_fixed_seed,carbon_direct,5,Q2C023913,Q2C023913,23913,5.7000000000000455,1823.0,no_change,False,True,True,True,0.811141304347826,0.0,0.0,0.0,0.0,0.0,0.0,2.842170943040401e-14,2.842170943040401e-14,1.1368683772161603e-13,1.1368683772161603e-13,1.1368683772161603e-13,facility_average_power_mw,
random_feasible_move,fractional_cross_two_hours|fractional_duration|no_change|random_feasible_move|random_fixed_seed,carbon_direct,5,Q2C047439,Q2C047439,47439,1.599999999999909,1564.0,no_change,False,True,True,True,0.9633420642857143,0.0,0.0,0.0,0.0,0.0,0.0,2.842170943040401e-14,2.842170943040401e-14,1.1368683772161603e-13,1.1368683772161603e-13,1.1368683772161603e-13,facility_average_power_mw,
capacity_rejected,capacity_rejected|fractional_duration|high_gpu_demand_task|high_power_task|random_fixed_seed|region_migration,carbon_direct,5,Q2C050005,Q2C050005,5,2.683333333333394,2239.0,it_capacity,False,False,True,True,1.0386577243902437,0.0,,,,,0.0,2.842170943040401e-14,2.842170943040401e-14,1.1368683772161603e-13,1.1368683772161603e-13,8.943764325387517e-18,facility_average_power_mw,
random_feasible_move,feasible_but_rejected|fractional_duration|random_feasible_move|random_fixed_seed,carbon_direct,5,Q2C054386,Q2C054386,4426,4.7000000000000455,2132.0,feasible,False,True,True,True,0.7252964426877471,0.0,1.1885276762768626e-08,0.0,3.7255176721373573e-10,3.920475055707584e-16,0.0,2.842170943040401e-14,2.842170943040401e-14,1.1368683772161603e-13,1.1885276762768626e-08,9.987653759920746e-12,cost_CNY,
random_feasible_move,duration_lt_1h|feasible_but_rejected|fractional_duration|random_feasible_move|random_fixed_seed|region_migration,carbon_direct,5,Q2C054408,Q2C054408,4448,0.2666666666666515,606.0,feasible,False,True,True,True,0.8845679018518519,0.0,0.0,0.0,1.3363887774175964e-10,8.824592532402642e-16,0.0,2.842170943040401e-14,2.842170943040401e-14,1.1368683772161603e-13,1.3363887774175964e-10,1.3363887774175964e-10,renewable_used_MWh,
random_feasible_move,feasible_but_rejected|fractional_duration|random_feasible_move|random_fixed_seed|region_migration,carbon_direct,5,Q2C074075,Q2C074075,24306,6.0166666666666515,2105.0,feasible,False,True,True,True,0.7555031738095238,0.0,0.0,0.0,2.1714186004828662e-11,4.413136522884997e-15,0.0,2.842170943040401e-14,2.842170943040401e-14,1.1368683772161603e-13,2.1714186004828662e-11,5.78366343622591e-12,renewable_used_MWh,
random_feasible_move,feasible_but_rejected|fractional_duration|random_feasible_move|random_fixed_seed|region_migration,carbon_direct,5,Q2C083516,Q2C083516,33849,6.566666666666666,2.0,feasible,False,True,True,True,0.9897398365853659,0.0,0.0,0.0,1.3665157894138247e-10,3.5976877401679153e-16,0.0,2.842170943040401e-14,2.842170943040401e-14,1.1368683772161603e-13,1.3665157894138247e-10,1.3665157894138247e-10,renewable_used_MWh,
random_feasible_move,feasible_but_rejected|fractional_duration|random_feasible_move|random_fixed_seed|region_migration,carbon_direct,5,Q2C090471,Q2C090471,40878,2.0499999999999545,1269.0,feasible,False,True,True,True,0.8405797101449275,0.0,1.3249518815428019e-08,0.0,0.0,4.058914120606827e-16,0.0,2.842170943040401e-14,2.842170943040401e-14,1.1368683772161603e-13,1.3249518815428019e-08,9.059254739779729e-10,cost_CNY,
random_feasible_move,duration_lt_1h|feasible_but_rejected|fractional_duration|random_feasible_move|random_fixed_seed|region_migration,carbon_direct,5,Q2C100637,Q2C100637,1160,0.9333333333332803,709.0,feasible,False,True,True,True,0.8003952569169961,0.0,0.0,0.0,6.718892109347507e-11,7.125918778660978e-17,0.0,2.842170943040401e-14,2.842170943040401e-14,1.1368683772161603e-13,6.718892109347507e-11,6.718892109347507e-11,renewable_used_MWh,
fractional_duration,fractional_duration|high_gpu_demand_task|high_power_task|no_change|random_fixed_seed,carbon_direct,6,Q2C000001,Q2C000001,1,4.666666666666686,456.0,no_change,False,True,True,True,0.6230115736111111,0.0,0.0,0.0,0.0,0.0,0.0,2.842170943040401e-14,2.842170943040401e-14,1.1368683772161603e-13,1.1368683772161603e-13,1.1368683772161603e-13,facility_average_power_mw,
cross_2399_2400,cross_2399_2400|feasible_but_rejected|fractional_duration|random_fixed_seed|region_migration|return_to_baseline,carbon_direct,6,Q2C001455,Q2C001455,1455,2.733333333333121,2399.0,feasible,False,True,True,True,0.8060555555555556,0.0,1.2387317838147283e-08,0.0,4.703224476543255e-10,7.914675859144182e-17,0.0,1.4210854715202004e-14,1.4210854715202004e-14,1.1368683772161603e-13,1.2387317838147283e-08,3.689743507051688e-12,cost_CNY,
random_feasible_move,fractional_cross_two_hours|fractional_duration|no_change|random_feasible_move|random_fixed_seed,carbon_direct,6,Q2C014824,Q2C014824,14824,1.816666666666606,1735.0,no_change,False,True,True,True,0.9651650785714287,0.0,0.0,0.0,0.0,0.0,0.0,2.842170943040401e-14,2.842170943040401e-14,1.1368683772161603e-13,1.1368683772161603e-13,1.1368683772161603e-13,facility_average_power_mw,
random_feasible_move,duration_lt_1h|fractional_duration|no_change|random_feasible_move|random_fixed_seed,carbon_direct,6,Q2C016537,Q2C016537,16537,0.46666666666664014,275.0,no_change,False,True,True,True,0.9105682547619047,0.0,0.0,0.0,0.0,0.0,0.0,2.842170943040401e-14,2.842170943040401e-14,1.1368683772161603e-13,1.1368683772161603e-13,1.1368683772161603e-13,facility_average_power_mw,
random_feasible_move,fractional_duration|no_change|random_feasible_move|random_fixed_seed,carbon_direct,6,Q2C017827,Q2C017827,17827,5.816666666666663,259.0,no_change,False,True,True,True,0.6327208339285715,0.0,0.0,0.0,0.0,0.0,0.0,2.842170943040401e-14,2.842170943040401e-14,1.1368683772161603e-13,1.1368683772161603e-13,1.1368683772161603e-13,facility_average_power_mw,
random_feasible_move,fractional_duration|no_change|random_feasible_move|random_fixed_seed,carbon_direct,6,Q2C020651,Q2C020651,20651,6.25,1248.0,no_change,False,True,True,True,0.9928073170731708,0.0,0.0,0.0,0.0,0.0,0.0,2.842170943040401e-14,2.842170943040401e-14,1.1368683772161603e-13,1.1368683772161603e-13,1.1368683772161603e-13,facility_average_power_mw,
capacity_rejected,capacity_rejected|fractional_duration|high_gpu_demand_task|high_power_task|random_fixed_seed|region_migration,carbon_direct,6,Q2C050005,Q2C050005,5,2.683333333333394,2239.0,it_capacity,False,False,True,True,1.0386577243902437,0.0,,,,,0.0,2.842170943040401e-14,2.842170943040401e-14,1.1368683772161603e-13,1.1368683772161603e-13,8.943764325387517e-18,facility_average_power_mw,
random_feasible_move,feasible_but_rejected|fractional_duration|random_feasible_move|random_fixed_seed|region_migration,carbon_direct,6,Q2C063141,Q2C063141,13263,4.533333333333303,2401.0,feasible,False,True,True,True,0.976803173809524,0.0,3.499735612422228e-08,0.0,4.831690603168681e-11,2.7755575615628914e-16,0.0,2.842170943040401e-14,2.842170943040401e-14,1.1368683772161603e-13,3.499735612422228e-08,6.596543776070285e-11,cost_CNY,
random_feasible_move,feasible_but_rejected|fractional_cross_two_hours|fractional_duration|random_feasible_move|random_fixed_seed|region_migration,carbon_direct,6,Q2C070206,Q2C070206,20405,1.433333333333394,2283.0,feasible,False,True,True,True,0.6616379625,0.0,6.930349627509713e-09,0.0,8.056986189330928e-10,1.3060299369760386e-15,0.0,2.842170943040401e-14,2.842170943040401e-14,1.1368683772161603e-13,6.930349627509713e-09,2.4947838677329016e-11,cost_CNY,
random_feasible_move,feasible_but_rejected|fractional_duration|random_feasible_move|random_fixed_seed|region_migration,carbon_direct,6,Q2C071447,Q2C071447,21657,6.5499999999999545,2215.0,feasible,False,True,True,True,0.9996971185185186,0.0,4.7984940465539694e-08,0.0,8.857909961079713e-10,1.7277845820728999e-15,0.0,2.842170943040401e-14,2.842170943040401e-14,1.1368683772161603e-13,4.7984940465539694e-08,4.1789269985742874e-11,cost_CNY,
random_feasible_move,feasible_but_rejected|fractional_duration|random_feasible_move|random_fixed_seed|region_migration,carbon_direct,6,Q2C090112,Q2C090112,40515,5.4500000000000455,1563.0,feasible,False,True,True,True,0.8493011910714285,0.0,2.9729562811553478e-08,0.0,6.165237209643237e-10,9.170181974882397e-16,0.0,2.842170943040401e-14,2.842170943040401e-14,1.1368683772161603e-13,2.9729562811553478e-08,1.2503822453782085e-11,cost_CNY,
random_feasible_move,feasible_but_rejected|fractional_duration|random_feasible_move|random_fixed_seed|region_migration,carbon_direct,6,Q2C095252,Q2C095252,45704,3.2333333333333485,1484.0,feasible,False,True,True,True,0.8208190476190478,0.0,0.0,0.0,3.140598892059643e-10,1.1699557880655298e-16,0.0,2.842170943040401e-14,2.842170943040401e-14,1.1368683772161603e-13,3.140598892059643e-10,3.140598892059643e-10,renewable_used_MWh,
random_feasible_move,feasible_but_rejected|fractional_duration|random_feasible_move|random_fixed_seed|region_migration,carbon_direct,6,Q2C117645,Q2C117645,18739,2.3666666666666742,2403.0,feasible,False,True,True,True,0.8980921802469135,0.0,0.0,0.0,1.695639184617903e-10,5.218048215738236e-15,0.0,2.842170943040401e-14,2.842170943040401e-14,1.1368683772161603e-13,1.695639184617903e-10,1.695639184617903e-10,renewable_used_MWh,
fractional_duration,fractional_duration|high_gpu_demand_task|high_power_task|no_change|random_fixed_seed,renewable_max,1,Q2C000001,Q2C000001,1,4.666666666666686,456.0,no_change,False,True,True,True,0.6230115736111111,0.0,0.0,0.0,0.0,0.0,0.0,0.0,0.0,0.0,0.0,0.0,cost_CNY,
random_feasible_move,fractional_cross_two_hours|fractional_duration|no_change|random_feasible_move|random_fixed_seed,renewable_max,1,Q2C007721,Q2C007721,7721,1.2000000000000455,1596.0,no_change,False,True,True,True,0.9259510869565217,0.0,0.0,0.0,0.0,0.0,0.0,0.0,0.0,0.0,0.0,0.0,cost_CNY,
random_feasible_move,fractional_duration|no_change|random_feasible_move|random_fixed_seed,renewable_max,1,Q2C023659,Q2C023659,23659,4.200000000000003,34.0,no_change,False,True,True,True,0.8126293995859213,0.0,0.0,0.0,0.0,0.0,0.0,0.0,0.0,0.0,0.0,0.0,cost_CNY,
random_feasible_move,fractional_cross_two_hours|fractional_duration|no_change|random_feasible_move|random_fixed_seed,renewable_max,1,Q2C026200,Q2C026200,26200,1.066666666666606,1260.0,no_change,False,True,True,True,0.8243886170731707,0.0,0.0,0.0,0.0,0.0,0.0,0.0,0.0,0.0,0.0,0.0,cost_CNY,
random_feasible_move,fractional_duration|no_change|random_feasible_move|random_fixed_seed,renewable_max,1,Q2C044122,Q2C044122,44122,3.4166666666667425,1355.0,no_change,False,True,True,True,0.991106719367589,0.0,0.0,0.0,0.0,0.0,0.0,0.0,0.0,0.0,0.0,0.0,cost_CNY,
accepted,accepted|fractional_duration|high_gpu_demand_task|high_power_task|random_fixed_seed|region_migration,renewable_max,1,Q2C050001,Q2C050001,1,4.666666666666686,2401.0,accepted,True,True,True,True,0.8188184517857142,0.0,1.4657416613772511e-08,0.0,3.666400516522117e-10,7.993605777301127e-14,0.0,1.4210854715202004e-14,1.4210854715202004e-14,1.1368683772161603e-13,1.4657416613772511e-08,2.943177588409582e-12,cost_CNY,
feasible_but_rejected,feasible_but_rejected|fractional_cross_two_hours|fractional_duration|random_fixed_seed|region_migration,renewable_max,1,Q2C050004,Q2C050004,4,1.6166666666666742,419.0,feasible,False,True,True,True,0.9733604938271605,0.0,0.0,0.0,1.5705836631241255e-10,3.8559142044678613e-16,0.0,1.4210854715202004e-14,1.4210854715202004e-14,1.1368683772161603e-13,1.5705836631241255e-10,1.5705836631241255e-10,renewable_used_MWh,
capacity_rejected,capacity_rejected|fractional_duration|high_gpu_demand_task|high_power_task|random_fixed_seed|region_migration,renewable_max,1,Q2C050005,Q2C050005,5,2.683333333333394,2239.0,it_capacity,False,False,True,True,1.0386577243902437,0.0,,,,,0.0,1.4210854715202004e-14,1.4210854715202004e-14,1.1368683772161603e-13,1.1368683772161603e-13,8.943764325387517e-18,facility_average_power_mw,
random_feasible_move,feasible_but_rejected|fractional_cross_two_hours|fractional_duration|random_feasible_move|random_fixed_seed|region_migration,renewable_max,1,Q2C050783,Q2C050783,792,1.433333333333394,1494.0,feasible,False,True,True,True,0.8727261910714286,0.0,0.0,0.0,1.415003225702094e-09,3.021888295151598e-15,0.0,5.684341886080802e-14,5.684341886080802e-14,2.2737367544323206e-13,1.415003225702094e-09,1.415003225702094e-09,renewable_used_MWh,
random_feasible_move,feasible_but_rejected|fractional_duration|random_feasible_move|random_fixed_seed,renewable_max,1,Q2C081273,Q2C081273,31579,5.699999999999818,2329.0,feasible,False,True,True,True,0.6698369565217391,0.0,0.0,0.0,1.1368683772161603e-13,2.3448474065213e-14,0.0,8.526512829121202e-14,8.526512829121202e-14,3.410605131648481e-13,3.410605131648481e-13,3.410605131648481e-13,facility_average_power_mw,
random_feasible_move,feasible_but_rejected|fractional_duration|random_feasible_move|random_fixed_seed|region_migration,renewable_max,1,Q2C087559,Q2C087559,37934,6.233333333333121,2383.0,feasible,False,True,True,True,0.9351111119047619,0.0,0.0,0.0,3.2787283998914063e-10,3.618459698540022e-14,0.0,8.526512829121202e-14,7.105427357601002e-14,4.547473508864641e-13,3.2787283998914063e-10,3.2787283998914063e-10,renewable_used_MWh,
random_feasible_move,feasible_but_rejected|fractional_duration|random_feasible_move|random_fixed_seed|region_migration,renewable_max,1,Q2C107031,Q2C107031,7766,4.483333333333121,2351.0,feasible,False,True,True,True,0.9758617878048782,0.0,2.130036591552198e-08,0.0,4.3024783735745586e-10,3.228320388792838e-14,0.0,9.947598300641403e-14,8.526512829121202e-14,4.547473508864641e-13,2.130036591552198e-08,2.66511486396681e-12,cost_CNY,
random_feasible_move,feasible_but_rejected|fractional_duration|high_gpu_demand_task|high_power_task|random_feasible_move|random_fixed_seed,renewable_max,1,Q2C111996,Q2C111996,12898,4.1666666666667425,1550.0,feasible,False,True,True,True,0.6385869565217391,0.0,0.0,0.0,5.684341886080802e-14,3.0583391721905606e-14,0.0,9.947598300641403e-14,8.526512829121202e-14,4.547473508864641e-13,4.547473508864641e-13,4.547473508864641e-13,facility_average_power_mw,
random_feasible_move,feasible_but_rejected|fractional_duration|random_feasible_move|random_fixed_seed|region_migration,renewable_max,1,Q2C114953,Q2C114953,15955,6.466666666666697,2295.0,feasible,False,True,True,True,1.0,0.0,0.0,0.0,2.2379254005500115e-10,2.320183501163149e-14,0.0,8.526512829121202e-14,8.526512829121202e-14,4.547473508864641e-13,2.2379254005500115e-10,2.2379254005500115e-10,renewable_used_MWh,
accepted,accepted|fractional_duration|high_gpu_demand_task|high_power_task|random_fixed_seed|region_migration|return_to_baseline,renewable_max,2,Q2C000001,Q2C000001,1,4.666666666666686,456.0,accepted,True,True,True,True,0.7932648148148149,0.0,1.2074451660737395e-08,0.0,6.078835212974809e-10,9.11683922799611e-15,0.0,8.526512829121202e-14,8.526512829121202e-14,4.547473508864641e-13,1.2074451660737395e-08,1.659917309554259e-12,cost_CNY,
feasible_but_rejected,feasible_but_rejected|fractional_duration|random_fixed_seed|region_migration|return_to_baseline,renewable_max,2,Q2C000002,Q2C000002,2,3.2999999999999545,1126.0,feasible,False,True,True,True,0.9988197530864197,0.0,0.0,0.0,2.4374458007514477e-10,1.485846900161833e-14,0.0,8.526512829121202e-14,8.526512829121202e-14,4.547473508864641e-13,2.4374458007514477e-10,2.4374458007514477e-10,renewable_used_MWh,
fractional_cross_two_hours,fractional_cross_two_hours|fractional_duration|no_change|random_fixed_seed,renewable_max,2,Q2C000004,Q2C000004,4,1.6166666666666742,419.0,no_change,False,True,True,True,0.9997802469135803,0.0,0.0,0.0,0.0,0.0,0.0,8.526512829121202e-14,8.526512829121202e-14,4.547473508864641e-13,4.547473508864641e-13,4.547473508864641e-13,facility_average_power_mw,
capacity_rejected,capacity_rejected|fractional_duration|random_fixed_seed|region_migration|return_to_baseline,renewable_max,2,Q2C000006,Q2C000006,6,5.2999999999999545,1728.0,it_capacity,False,False,True,True,1.0005507928571429,0.0,,,,,0.0,8.526512829121202e-14,8.526512829121202e-14,4.547473508864641e-13,4.547473508864641e-13,4.547473508864641e-13,facility_average_power_mw,
random_feasible_move,feasible_but_rejected|fractional_duration|high_gpu_demand_task|high_power_task|random_feasible_move|random_fixed_seed|region_migration|return_to_baseline,renewable_max,2,Q2C028139,Q2C028139,28139,4.650000000000006,113.0,feasible,False,True,True,True,0.5971467391304348,0.0,5.871697794646025e-08,0.0,5.539959602174349e-10,2.598615767013257e-14,0.0,8.526512829121202e-14,8.526512829121202e-14,4.547473508864641e-13,5.871697794646025e-08,1.0167165565305909e-11,cost_CNY,
random_feasible_move,feasible_but_rejected|fractional_duration|random_feasible_move|random_fixed_seed|region_migration|return_to_baseline,renewable_max,2,Q2C032843,Q2C032843,32843,3.549999999999997,95.0,feasible,False,True,True,True,0.9988477358024691,0.0,0.0,0.0,2.771685103652999e-10,2.7409410190745026e-14,0.0,8.526512829121202e-14,8.526512829121202e-14,4.547473508864641e-13,2.771685103652999e-10,2.771685103652999e-10,renewable_used_MWh,
random_feasible_move,fractional_cross_two_hours|fractional_duration|high_gpu_demand_task|high_power_task|no_change|random_feasible_move|random_fixed_seed,renewable_max,2,Q2C035404,Q2C035404,35404,1.2666666666668789,2372.0,no_change,False,True,True,True,0.4279891304347826,0.0,0.0,0.0,0.0,0.0,0.0,8.526512829121202e-14,8.526512829121202e-14,4.547473508864641e-13,4.547473508864641e-13,4.547473508864641e-13,facility_average_power_mw,
random_feasible_move,duration_lt_1h|feasible_but_rejected|fractional_duration|random_feasible_move|random_fixed_seed|region_migration|return_to_baseline,renewable_max,2,Q2C040646,Q2C040646,40646,0.6166666666666742,1016.0,feasible,False,True,True,True,0.9629073170731708,0.0,0.0,0.0,1.7189449863508344e-10,3.460597151720701e-14,0.0,8.526512829121202e-14,8.526512829121202e-14,4.547473508864641e-13,1.7189449863508344e-10,1.7189449863508344e-10,renewable_used_MWh,
random_feasible_move,fractional_duration|no_change|random_feasible_move|random_fixed_seed,renewable_max,2,Q2C047225,Q2C047225,47225,5.599999999999909,1587.0,no_change,False,True,True,True,0.9956552853658539,0.0,0.0,0.0,0.0,0.0,0.0,8.526512829121202e-14,8.526512829121202e-14,4.547473508864641e-13,4.547473508864641e-13,4.547473508864641e-13,facility_average_power_mw,
random_feasible_move,capacity_rejected|fractional_duration|random_feasible_move|random_fixed_seed|region_migration,renewable_max,2,Q2C072706,Q2C072706,22925,5.050000000000182,2301.0,gpu_capacity,False,False,True,True,1.037037037037037,0.0,,,,,0.0,8.526512829121202e-14,8.526512829121202e-14,4.547473508864641e-13,4.547473508864641e-13,4.547473508864641e-13,facility_average_power_mw,
random_feasible_move,capacity_rejected|fractional_duration|random_feasible_move|random_fixed_seed|region_migration,renewable_max,2,Q2C093432,Q2C093432,43869,5.9166666666667425,2400.0,gpu_capacity,False,False,True,True,1.0190217391304348,0.0,,,,,0.0,8.526512829121202e-14,8.526512829121202e-14,4.547473508864641e-13,4.547473508864641e-13,2.4281138848246516e-16,facility_average_power_mw,
random_feasible_move,feasible_but_rejected|fractional_duration|random_feasible_move|random_fixed_seed|region_migration,renewable_max,2,Q2C099421,Q2C099421,49909,5.033333333333303,727.0,feasible,False,True,True,True,0.9993637851851851,0.0,0.0,0.0,2.7768010113504715e-10,4.165518299216464e-15,0.0,8.526512829121202e-14,8.526512829121202e-14,4.547473508864641e-13,2.7768010113504715e-10,2.7768010113504715e-10,renewable_used_MWh,
random_feasible_move,fractional_duration|no_change|random_feasible_move|random_fixed_seed,renewable_max,2,Q2C100018,Q2C100018,522,4.7333333333333485,1798.0,no_change,False,True,True,True,0.987446030952381,0.0,0.0,0.0,0.0,0.0,0.0,8.526512829121202e-14,8.526512829121202e-14,4.547473508864641e-13,4.547473508864641e-13,4.547473508864641e-13,facility_average_power_mw,
random_feasible_move,feasible_but_rejected|fractional_duration|random_feasible_move|random_fixed_seed|region_migration,renewable_max,2,Q2C111549,Q2C111549,12436,5.733333333333334,1242.0,feasible,False,True,True,True,0.6716666666666667,0.0,1.5053956303745508e-08,0.0,5.5422333389287814e-11,9.992007221626409e-15,0.0,8.526512829121202e-14,8.526512829121202e-14,4.547473508864641e-13,1.5053956303745508e-08,1.0919198852385938e-12,cost_CNY,
fractional_duration,fractional_duration|high_gpu_demand_task|high_power_task|no_change|random_fixed_seed,renewable_max,3,Q2C000001,Q2C000001,1,4.666666666666686,456.0,no_change,False,True,True,True,0.6136782402777778,0.0,0.0,0.0,0.0,0.0,0.0,8.526512829121202e-14,8.526512829121202e-14,4.547473508864641e-13,4.547473508864641e-13,4.547473508864641e-13,facility_average_power_mw,
feasible_but_rejected,feasible_but_rejected|fractional_duration|random_fixed_seed|region_migration|return_to_baseline,renewable_max,3,Q2C000002,Q2C000002,2,3.2999999999999545,1126.0,feasible,False,True,True,True,0.9988197530864197,0.0,0.0,0.0,2.4374458007514477e-10,1.485846900161833e-14,0.0,8.526512829121202e-14,8.526512829121202e-14,4.547473508864641e-13,2.4374458007514477e-10,2.4374458007514477e-10,renewable_used_MWh,
capacity_rejected,capacity_rejected|fractional_duration|random_fixed_seed|region_migration|return_to_baseline,renewable_max,3,Q2C000006,Q2C000006,6,5.2999999999999545,1728.0,it_capacity,False,False,True,True,1.0005507928571429,0.0,,,,,0.0,8.526512829121202e-14,8.526512829121202e-14,4.547473508864641e-13,4.547473508864641e-13,4.547473508864641e-13,facility_average_power_mw,
accepted,accepted|fractional_duration|random_fixed_seed|region_migration|return_to_baseline,renewable_max,3,Q2C000843,Q2C000843,843,2.783333333333303,1586.0,accepted,True,True,True,True,0.8749024685185186,0.0,5.493347998708487e-10,0.0,3.5413449950283393e-10,3.8943837304267204e-14,0.0,8.526512829121202e-14,8.526512829121202e-14,4.547473508864641e-13,5.493347998708487e-10,2.0001572930731587e-11,cost_CNY,
random_feasible_move,feasible_but_rejected|fractional_cross_two_hours|fractional_duration|random_feasible_move|random_fixed_seed|region_migration,renewable_max,3,Q2C057641,Q2C057641,7708,1.9833333333333485,794.0,feasible,False,True,True,True,0.9982190476190478,0.0,0.0,0.0,5.684341886080802e-14,5.770980481684118e-14,0.0,8.526512829121202e-14,8.526512829121202e-14,4.547473508864641e-13,4.547473508864641e-13,4.547473508864641e-13,facility_average_power_mw,
random_feasible_move,capacity_rejected|cross_2399_2400|fractional_duration|random_feasible_move|random_fixed_seed,renewable_max,3,Q2C058556,Q2C058556,8633,6.0166666666666515,2399.0,it_capacity,False,False,True,True,1.0055934951219514,0.0,,,,,0.0,8.526512829121202e-14,8.526512829121202e-14,4.547473508864641e-13,4.547473508864641e-13,4.547473508864641e-13,facility_average_power_mw,
random_feasible_move,feasible_but_rejected|fractional_duration|random_feasible_move|random_fixed_seed|region_migration,renewable_max,3,Q2C060330,Q2C060330,10429,2.3833333333334394,1757.0,feasible,False,True,True,True,0.9317460317460318,0.0,0.0,0.0,2.5573854145477526e-10,2.6628872717981977e-14,0.0,8.526512829121202e-14,8.526512829121202e-14,4.547473508864641e-13,2.5573854145477526e-10,2.5573854145477526e-10,renewable_used_MWh,
random_feasible_move,feasible_but_rejected|fractional_duration|random_feasible_move|random_fixed_seed|region_migration,renewable_max,3,Q2C063330,Q2C063330,13452,5.599999999999909,1441.0,feasible,False,True,True,True,0.9726495726495726,0.0,1.8590071704238653e-09,0.0,1.4597389963455498e-10,2.688821387764051e-14,0.0,8.526512829121202e-14,8.526512829121202e-14,4.547473508864641e-13,1.8590071704238653e-09,3.095638767056291e-12,cost_CNY,
random_feasible_move,capacity_rejected|fractional_duration|random_feasible_move|random_fixed_seed|region_migration,renewable_max,3,Q2C064204,Q2C064204,14337,2.8166666666667197,2403.0,gpu_capacity,False,False,True,True,1.0009881422924902,0.0,,,,,0.0,8.526512829121202e-14,8.526512829121202e-14,4.547473508864641e-13,4.547473508864641e-13,2.5598311649499126e-16,facility_average_power_mw,
random_feasible_move,capacity_rejected|duration_lt_1h|fractional_duration|random_feasible_move|random_fixed_seed|region_migration,renewable_max,3,Q2C088860,Q2C088860,39247,0.533333333333303,2405.0,it_capacity,False,False,True,True,1.012857612345679,0.0,,,,,0.0,8.526512829121202e-14,8.526512829121202e-14,4.547473508864641e-13,4.547473508864641e-13,3.9666688985048637e-16,facility_average_power_mw,
random_feasible_move,feasible_but_rejected|fractional_duration|random_feasible_move|random_fixed_seed|region_migration,renewable_max,3,Q2C091947,Q2C091947,42363,4.7000000000000455,1450.0,feasible,False,True,True,True,0.9968253968253968,0.0,0.0,0.0,0.0,2.6794964020477284e-14,0.0,8.526512829121202e-14,8.526512829121202e-14,4.547473508864641e-13,4.547473508864641e-13,4.547473508864641e-13,facility_average_power_mw,
random_feasible_move,feasible_but_rejected|fractional_cross_two_hours|fractional_duration|random_feasible_move|random_fixed_seed|region_migration,renewable_max,3,Q2C094572,Q2C094572,45018,1.8333333333332575,1902.0,feasible,False,True,True,True,0.9670872419753088,0.0,0.0,0.0,4.66911842522677e-10,2.3660977691020157e-14,0.0,8.526512829121202e-14,8.526512829121202e-14,4.547473508864641e-13,4.66911842522677e-10,1.9177649607056518e-10,renewable_used_MWh,
random_feasible_move,feasible_but_rejected|fractional_duration|random_feasible_move|random_fixed_seed|region_migration,renewable_max,3,Q2C101089,Q2C101089,1628,4.350000000000023,901.0,feasible,False,True,True,True,0.6983695652173914,0.0,0.0,0.0,4.2717829273897223e-10,4.39349077951956e-14,0.0,8.526512829121202e-14,8.526512829121202e-14,4.547473508864641e-13,4.2717829273897223e-10,4.0115157817550707e-10,renewable_used_MWh,
random_feasible_move,capacity_rejected|fractional_duration|random_feasible_move|random_fixed_seed|region_migration,renewable_max,3,Q2C102956,Q2C102956,3568,4.366666666666674,2401.0,gpu_capacity,False,False,True,True,1.0536684782608696,0.0,,,,,0.0,8.526512829121202e-14,8.526512829121202e-14,4.547473508864641e-13,4.547473508864641e-13,4.1850499508841606e-17,facility_average_power_mw,
fractional_duration,fractional_duration|high_gpu_demand_task|high_power_task|no_change|random_fixed_seed,renewable_max,4,Q2C000001,Q2C000001,1,4.666666666666686,456.0,no_change,False,True,True,True,0.6154837958333333,0.0,0.0,0.0,0.0,0.0,0.0,8.526512829121202e-14,8.526512829121202e-14,4.547473508864641e-13,4.547473508864641e-13,4.547473508864641e-13,facility_average_power_mw,
feasible_but_rejected,feasible_but_rejected|fractional_duration|random_fixed_seed|region_migration|return_to_baseline,renewable_max,4,Q2C000002,Q2C000002,2,3.2999999999999545,1126.0,feasible,False,True,True,True,0.9988197530864197,0.0,0.0,0.0,6.875779945403337e-10,1.485846900161833e-14,0.0,8.526512829121202e-14,8.526512829121202e-14,4.547473508864641e-13,6.875779945403337e-10,6.875779945403337e-10,renewable_used_MWh,
capacity_rejected,capacity_rejected|fractional_duration|random_fixed_seed|region_migration|return_to_baseline,renewable_max,4,Q2C000006,Q2C000006,6,5.2999999999999545,1728.0,it_capacity,False,False,True,True,1.0005507928571429,0.0,,,,,0.0,8.526512829121202e-14,8.526512829121202e-14,4.547473508864641e-13,4.547473508864641e-13,4.547473508864641e-13,facility_average_power_mw,
accepted,accepted|fractional_duration|random_fixed_seed|region_migration|return_to_baseline,renewable_max,4,Q2C003718,Q2C003718,3718,2.2333333333333485,1029.0,accepted,True,True,True,True,0.5244703703703705,0.0,5.075708031654358e-08,0.0,1.5915020412649028e-09,3.2338172938073395e-14,0.0,8.526512829121202e-14,8.526512829121202e-14,4.547473508864641e-13,5.075708031654358e-08,7.767562121897241e-11,cost_CNY,
random_feasible_move,feasible_but_rejected|fractional_duration|random_feasible_move|random_fixed_seed|region_migration|return_to_baseline,renewable_max,4,Q2C016520,Q2C016520,16520,5.533333333333303,1655.0,feasible,False,True,True,True,0.9987522641975309,0.0,1.7262209439650178e-08,0.0,1.487819645262789e-09,8.217027318985215e-14,0.0,8.526512829121202e-14,8.526512829121202e-14,4.547473508864641e-13,1.7262209439650178e-08,3.6899696629717325e-11,cost_CNY,
random_feasible_move,feasible_but_rejected|fractional_duration|high_gpu_demand_task|high_power_task|random_feasible_move|random_fixed_seed|return_to_baseline,renewable_max,4,Q2C019704,Q2C019704,19704,6.0166666666666515,501.0,feasible,False,True,True,True,0.7845148148148149,0.0,1.0673829820007086e-08,0.0,2.4209612092818134e-10,3.395200787181807e-14,0.0,8.526512829121202e-14,8.526512829121202e-14,4.547473508864641e-13,1.0673829820007086e-08,4.679510870127393e-13,cost_CNY,
random_feasible_move,fractional_duration|no_change|random_feasible_move|random_fixed_seed,renewable_max,4,Q2C032477,Q2C032477,32477,4.4500000000000455,533.0,no_change,False,True,True,True,0.9990531738095239,0.0,0.0,0.0,0.0,0.0,0.0,8.526512829121202e-14,8.526512829121202e-14,4.547473508864641e-13,4.547473508864641e-13,4.547473508864641e-13,facility_average_power_mw,
random_feasible_move,duration_lt_1h|fractional_duration|no_change|random_feasible_move|random_fixed_seed,renewable_max,4,Q2C042374,Q2C042374,42374,0.9166666666666288,1022.0,no_change,False,True,True,True,0.8396825396825397,0.0,0.0,0.0,0.0,0.0,0.0,8.526512829121202e-14,8.526512829121202e-14,4.547473508864641e-13,4.547473508864641e-13,4.547473508864641e-13,facility_average_power_mw,
random_feasible_move,fractional_duration|no_change|random_feasible_move|random_fixed_seed,renewable_max,4,Q2C048348,Q2C048348,48348,2.1166666666666742,560.0,no_change,False,True,True,True,0.9998748962962962,0.0,0.0,0.0,0.0,0.0,0.0,8.526512829121202e-14,8.526512829121202e-14,4.547473508864641e-13,4.547473508864641e-13,4.547473508864641e-13,facility_average_power_mw,
random_feasible_move,duration_lt_1h|fractional_duration|high_gpu_demand_task|high_power_task|no_change|random_feasible_move|random_fixed_seed,renewable_max,4,Q2C054798,Q2C054798,4839,0.16666666666662877,1599.0,no_change,False,True,True,True,0.968944099378882,0.0,0.0,0.0,0.0,0.0,0.0,8.526512829121202e-14,8.526512829121202e-14,4.547473508864641e-13,4.547473508864641e-13,4.547473508864641e-13,facility_average_power_mw,
random_feasible_move,fractional_duration|no_change|random_feasible_move|random_fixed_seed,renewable_max,4,Q2C065860,Q2C065860,16017,3.75,1507.0,no_change,False,True,True,True,0.9965811965811966,0.0,0.0,0.0,0.0,0.0,0.0,8.526512829121202e-14,8.526512829121202e-14,4.547473508864641e-13,4.547473508864641e-13,4.547473508864641e-13,facility_average_power_mw,
random_feasible_move,capacity_rejected|fractional_duration|random_feasible_move|random_fixed_seed|region_migration,renewable_max,4,Q2C074332,Q2C074332,24567,4.199999999999818,2401.0,gpu_capacity,False,False,True,True,1.075098814229249,0.0,,,,,0.0,8.526512829121202e-14,8.526512829121202e-14,4.547473508864641e-13,4.547473508864641e-13,3.898788681400975e-17,facility_average_power_mw,
random_feasible_move,feasible_but_rejected|fractional_duration|random_feasible_move|random_fixed_seed,renewable_max,4,Q2C101350,Q2C101350,1902,5.316666666666606,1591.0,feasible,False,True,True,True,0.9970000000000001,0.0,0.0,0.0,5.684341886080802e-14,2.0768516030209017e-14,0.0,8.526512829121202e-14,8.526512829121202e-14,4.547473508864641e-13,4.547473508864641e-13,4.547473508864641e-13,facility_average_power_mw,
random_feasible_move,feasible_but_rejected|fractional_cross_two_hours|fractional_duration|random_feasible_move|random_fixed_seed|region_migration,renewable_max,4,Q2C108290,Q2C108290,9074,1.5333333333333314,110.0,feasible,False,True,True,True,0.9986008222222221,0.0,0.0,0.0,4.462208380573429e-11,1.7770073607037418e-16,0.0,8.526512829121202e-14,8.526512829121202e-14,4.547473508864641e-13,4.462208380573429e-11,4.462208380573429e-11,renewable_used_MWh,
fractional_duration,fractional_duration|high_gpu_demand_task|high_power_task|no_change|random_fixed_seed,renewable_max,5,Q2C000001,Q2C000001,1,4.666666666666686,456.0,no_change,False,True,True,True,0.6154837958333333,0.0,0.0,0.0,0.0,0.0,0.0,8.526512829121202e-14,8.526512829121202e-14,4.547473508864641e-13,4.547473508864641e-13,4.547473508864641e-13,facility_average_power_mw,
feasible_but_rejected,feasible_but_rejected|fractional_duration|random_fixed_seed|region_migration|return_to_baseline,renewable_max,5,Q2C000002,Q2C000002,2,3.2999999999999545,1126.0,feasible,False,True,True,True,0.9988197530864197,0.0,0.0,0.0,2.4374458007514477e-10,1.485846900161833e-14,0.0,8.526512829121202e-14,8.526512829121202e-14,4.547473508864641e-13,2.4374458007514477e-10,2.4374458007514477e-10,renewable_used_MWh,
capacity_rejected,capacity_rejected|fractional_duration|random_fixed_seed|region_migration|return_to_baseline,renewable_max,5,Q2C000006,Q2C000006,6,5.2999999999999545,1728.0,it_capacity,False,False,True,True,1.0005507928571429,0.0,,,,,0.0,8.526512829121202e-14,8.526512829121202e-14,4.547473508864641e-13,4.547473508864641e-13,4.547473508864641e-13,facility_average_power_mw,
random_feasible_move,feasible_but_rejected|fractional_cross_two_hours|fractional_duration|random_feasible_move|random_fixed_seed|region_migration|return_to_baseline,renewable_max,5,Q2C005236,Q2C005236,5236,1.5,1035.0,feasible,False,True,True,True,0.9954131679012346,0.0,0.0,0.0,4.3212367017986253e-10,2.089168139700337e-14,0.0,8.526512829121202e-14,8.526512829121202e-14,4.547473508864641e-13,4.3212367017986253e-10,4.3212367017986253e-10,renewable_used_MWh,
random_feasible_move,feasible_but_rejected|fractional_duration|high_gpu_demand_task|high_power_task|random_feasible_move|random_fixed_seed|region_migration|return_to_baseline,renewable_max,5,Q2C012401,Q2C012401,12401,3.766666666666879,2213.0,feasible,False,True,True,True,0.8794952375,0.0,0.0,0.0,3.5930725061916746e-10,6.097553018058477e-14,0.0,8.526512829121202e-14,8.526512829121202e-14,4.547473508864641e-13,3.5930725061916746e-10,2.0073927915606202e-10,renewable_used_MWh,
random_feasible_move,feasible_but_rejected|fractional_duration|random_feasible_move|random_fixed_seed|region_migration|return_to_baseline,renewable_max,5,Q2C015421,Q2C015421,15421,4.733333333333121,2159.0,feasible,False,True,True,True,0.999046030952381,0.0,0.0,0.0,5.543370207305998e-10,2.943152178132985e-14,0.0,8.526512829121202e-14,8.526512829121202e-14,4.547473508864641e-13,5.543370207305998e-10,5.543370207305998e-10,renewable_used_MWh,
random_feasible_move,feasible_but_rejected|fractional_cross_two_hours|fractional_duration|random_feasible_move|random_fixed_seed|region_migration|return_to_baseline,renewable_max,5,Q2C022025,Q2C022025,22025,1.566666666666606,1289.0,feasible,False,True,True,True,0.54225,0.0,0.0,0.0,1.0492158253327943e-09,4.371634618974968e-14,0.0,8.526512829121202e-14,8.526512829121202e-14,4.547473508864641e-13,1.0492158253327943e-09,1.0492158253327943e-09,renewable_used_MWh,
random_feasible_move,fractional_duration|no_change|random_feasible_move|random_fixed_seed,renewable_max,5,Q2C036956,Q2C036956,36956,2.466666666666697,1611.0,no_change,False,True,True,True,0.9974162609756099,0.0,0.0,0.0,0.0,0.0,0.0,8.526512829121202e-14,8.526512829121202e-14,4.547473508864641e-13,4.547473508864641e-13,4.547473508864641e-13,facility_average_power_mw,
random_feasible_move,fractional_duration|no_change|random_feasible_move|random_fixed_seed,renewable_max,5,Q2C080463,Q2C080463,30763,6.483333333333121,2147.0,no_change,False,True,True,True,0.6882444444444445,0.0,0.0,0.0,0.0,0.0,0.0,8.526512829121202e-14,8.526512829121202e-14,4.547473508864641e-13,4.547473508864641e-13,4.547473508864641e-13,facility_average_power_mw,
random_feasible_move,feasible_but_rejected|fractional_duration|random_feasible_move|random_fixed_seed|region_migration,renewable_max,5,Q2C083869,Q2C083869,34203,4.016666666666879,2117.0,feasible,False,True,True,True,0.997704761904762,0.0,0.0,0.0,9.313225746154785e-10,8.175611473622627e-14,0.0,8.526512829121202e-14,8.526512829121202e-14,4.547473508864641e-13,9.313225746154785e-10,9.313225746154785e-10,renewable_used_MWh,
random_feasible_move,feasible_but_rejected|fractional_duration|random_feasible_move|random_fixed_seed|region_migration,renewable_max,5,Q2C094836,Q2C094836,45283,2.1499999999999773,523.0,feasible,False,True,True,True,0.9777777777777777,0.0,0.0,0.0,5.469473762786947e-10,8.01566522575306e-14,0.0,8.526512829121202e-14,8.526512829121202e-14,4.547473508864641e-13,5.469473762786947e-10,5.469473762786947e-10,renewable_used_MWh,
random_feasible_move,capacity_rejected|fractional_duration|random_feasible_move|random_fixed_seed|region_migration,renewable_max,5,Q2C112771,Q2C112771,13697,4.033333333333303,912.0,it_capacity,False,False,True,True,1.0013432098765433,0.0,,,,,0.0,8.526512829121202e-14,8.526512829121202e-14,4.547473508864641e-13,4.547473508864641e-13,4.547473508864641e-13,facility_average_power_mw,
random_feasible_move,capacity_rejected|fractional_duration|random_feasible_move|random_fixed_seed|region_migration,renewable_max,5,Q2C116326,Q2C116326,17370,4.883333333333326,2401.0,it_capacity,False,False,True,True,1.0028823037037036,0.0,,,,,0.0,8.526512829121202e-14,8.526512829121202e-14,4.547473508864641e-13,4.547473508864641e-13,4.547473508864641e-13,facility_average_power_mw,
fractional_duration,fractional_duration|high_gpu_demand_task|high_power_task|no_change|random_fixed_seed,renewable_max,6,Q2C000001,Q2C000001,1,4.666666666666686,456.0,no_change,False,True,True,True,0.6154837958333333,0.0,0.0,0.0,0.0,0.0,0.0,8.526512829121202e-14,8.526512829121202e-14,4.547473508864641e-13,4.547473508864641e-13,4.547473508864641e-13,facility_average_power_mw,
feasible_but_rejected,feasible_but_rejected|fractional_duration|random_fixed_seed|region_migration|return_to_baseline,renewable_max,6,Q2C000002,Q2C000002,2,3.2999999999999545,1126.0,feasible,False,True,True,True,0.9988197530864197,0.0,0.0,0.0,2.4374458007514477e-10,1.485846900161833e-14,0.0,8.526512829121202e-14,8.526512829121202e-14,4.547473508864641e-13,2.4374458007514477e-10,2.4374458007514477e-10,renewable_used_MWh,
capacity_rejected,capacity_rejected|fractional_duration|random_fixed_seed|region_migration|return_to_baseline,renewable_max,6,Q2C000006,Q2C000006,6,5.2999999999999545,1728.0,it_capacity,False,False,True,True,1.0005507928571429,0.0,,,,,0.0,8.526512829121202e-14,8.526512829121202e-14,4.547473508864641e-13,4.547473508864641e-13,4.547473508864641e-13,facility_average_power_mw,
random_feasible_move,fractional_duration|no_change|random_feasible_move|random_fixed_seed,renewable_max,6,Q2C015183,Q2C015183,15183,3.933333333333337,238.0,no_change,False,True,True,True,0.9482074074074075,0.0,0.0,0.0,0.0,0.0,0.0,8.526512829121202e-14,8.526512829121202e-14,4.547473508864641e-13,4.547473508864641e-13,4.547473508864641e-13,facility_average_power_mw,
random_feasible_move,feasible_but_rejected|fractional_duration|random_feasible_move|random_fixed_seed|region_migration|return_to_baseline,renewable_max,6,Q2C016823,Q2C016823,16823,5.9833333333333485,1562.0,feasible,False,True,True,True,0.9935269833333332,0.0,0.0,0.0,6.086224857426714e-10,2.4634916502563886e-14,0.0,8.526512829121202e-14,8.526512829121202e-14,4.547473508864641e-13,6.086224857426714e-10,5.12659108811937e-12,renewable_used_MWh,
random_feasible_move,fractional_duration|no_change|random_feasible_move|random_fixed_seed,renewable_max,6,Q2C033664,Q2C033664,33664,2.466666666666697,1033.0,no_change,False,True,True,True,0.9872444452380953,0.0,0.0,0.0,0.0,0.0,0.0,8.526512829121202e-14,8.526512829121202e-14,4.547473508864641e-13,4.547473508864641e-13,4.547473508864641e-13,facility_average_power_mw,
random_feasible_move,fractional_duration|no_change|random_feasible_move|random_fixed_seed,renewable_max,6,Q2C036771,Q2C036771,36771,2.433333333333394,2013.0,no_change,False,True,True,True,0.9740740740740741,0.0,0.0,0.0,0.0,0.0,0.0,8.526512829121202e-14,8.526512829121202e-14,4.547473508864641e-13,4.547473508864641e-13,4.547473508864641e-13,facility_average_power_mw,
random_feasible_move,feasible_but_rejected|fractional_duration|random_feasible_move|random_fixed_seed|region_migration|return_to_baseline,renewable_max,6,Q2C040956,Q2C040956,40956,3.3666666666665606,1195.0,feasible,False,True,True,True,0.48735,0.0,3.733293851837516e-08,0.0,1.177227204607334e-09,5.1611492857261965e-14,0.0,8.526512829121202e-14,8.526512829121202e-14,4.547473508864641e-13,3.733293851837516e-08,3.1217559209516774e-11,cost_CNY,
random_feasible_move,fractional_duration|no_change|random_feasible_move|random_fixed_seed,renewable_max,6,Q2C060702,Q2C060702,10804,4.25,2165.0,no_change,False,True,True,True,0.9990485604938272,0.0,0.0,0.0,0.0,0.0,0.0,8.526512829121202e-14,8.526512829121202e-14,4.547473508864641e-13,4.547473508864641e-13,4.547473508864641e-13,facility_average_power_mw,
random_feasible_move,feasible_but_rejected|fractional_duration|high_gpu_demand_task|high_power_task|random_feasible_move|random_fixed_seed|region_migration,renewable_max,6,Q2C067600,Q2C067600,17773,3.2166666666666686,190.0,feasible,False,True,True,True,0.8008061722222223,0.0,2.202432369813323e-08,0.0,7.451035344274715e-10,6.271025365656158e-15,0.0,8.526512829121202e-14,8.526512829121202e-14,4.547473508864641e-13,2.202432369813323e-08,1.2420510083168973e-12,cost_CNY,
random_feasible_move,duration_lt_1h|feasible_but_rejected|fractional_duration|random_feasible_move|random_fixed_seed|region_migration,renewable_max,6,Q2C091073,Q2C091073,41486,0.466666666666697,1811.0,feasible,False,True,True,True,0.8612836438923396,0.0,0.0,0.0,1.1641532182693481e-10,8.457461348008316e-15,0.0,8.526512829121202e-14,8.526512829121202e-14,4.547473508864641e-13,1.1641532182693481e-10,1.1641532182693481e-10,renewable_used_MWh,
random_feasible_move,feasible_but_rejected|fractional_duration|random_feasible_move|random_fixed_seed|region_migration,renewable_max,6,Q2C095149,Q2C095149,45601,5.25,316.0,feasible,False,True,True,True,0.8757592592592595,0.0,0.0,0.0,1.296257323701866e-09,2.6729933912984782e-14,0.0,8.526512829121202e-14,8.526512829121202e-14,4.547473508864641e-13,1.296257323701866e-09,1.296257323701866e-09,renewable_used_MWh,
random_feasible_move,feasible_but_rejected|fractional_duration|random_feasible_move|random_fixed_seed|region_migration,renewable_max,6,Q2C109454,Q2C109454,10282,5.300000000000011,412.0,feasible,False,True,True,True,0.9987415629629629,0.0,0.0,0.0,9.240466170012951e-10,2.5726213423015593e-14,0.0,8.526512829121202e-14,8.526512829121202e-14,4.547473508864641e-13,9.240466170012951e-10,9.240466170012951e-10,renewable_used_MWh,
fractional_duration,fractional_duration|high_gpu_demand_task|high_power_task|no_change|random_fixed_seed,service_first,1,Q2C000001,Q2C000001,1,4.666666666666686,456.0,no_change,False,True,True,True,0.6230115736111111,0.0,0.0,0.0,0.0,0.0,0.0,0.0,0.0,0.0,0.0,0.0,cost_CNY,
random_feasible_move,cross_2399_2400|fractional_cross_two_hours|fractional_duration|no_change|random_feasible_move|random_fixed_seed,service_first,1,Q2C009621,Q2C009621,9621,1.333333333333485,2399.0,no_change,False,True,True,True,0.8625168716049384,0.0,0.0,0.0,0.0,0.0,0.0,0.0,0.0,0.0,0.0,0.0,cost_CNY,
random_feasible_move,fractional_duration|no_change|random_feasible_move|random_fixed_seed,service_first,1,Q2C010463,Q2C010463,10463,2.5499999999999545,2002.0,no_change,False,True,True,True,0.9634706357142858,0.0,0.0,0.0,0.0,0.0,0.0,0.0,0.0,0.0,0.0,0.0,cost_CNY,
random_feasible_move,fractional_cross_two_hours|fractional_duration|no_change|random_feasible_move|random_fixed_seed,service_first,1,Q2C016401,Q2C016401,16401,1.0999999999999943,77.0,no_change,False,True,True,True,0.9666430902439026,0.0,0.0,0.0,0.0,0.0,0.0,0.0,0.0,0.0,0.0,0.0,cost_CNY,
random_feasible_move,hour_boundary|integer_duration|no_change|random_feasible_move|random_fixed_seed,service_first,1,Q2C026986,Q2C026986,26986,1.0,1083.0,no_change,False,True,True,True,0.9948888880952382,0.0,0.0,0.0,0.0,0.0,0.0,0.0,0.0,0.0,0.0,0.0,cost_CNY,
random_feasible_move,fractional_duration|no_change|random_feasible_move|random_fixed_seed,service_first,1,Q2C047422,Q2C047422,47422,3.3500000000000227,902.0,no_change,False,True,True,True,0.6413043478260869,0.0,0.0,0.0,0.0,0.0,0.0,0.0,0.0,0.0,0.0,0.0,cost_CNY,
random_feasible_move,fractional_duration|no_change|random_feasible_move|random_fixed_seed,service_first,1,Q2C049643,Q2C049643,49643,3.1000000000000227,864.0,no_change,False,True,True,True,0.9662309523809525,0.0,0.0,0.0,0.0,0.0,0.0,0.0,0.0,0.0,0.0,0.0,cost_CNY,
feasible_but_rejected,feasible_but_rejected|fractional_duration|high_gpu_demand_task|high_power_task|random_fixed_seed|region_migration,service_first,1,Q2C050001,Q2C050001,1,4.666666666666686,2401.0,feasible,False,True,True,True,0.8188184517857142,0.0,1.4657416613772511e-08,0.0,3.666400516522117e-10,7.993605777301127e-14,0.0,1.4210854715202004e-14,1.4210854715202004e-14,1.1368683772161603e-13,1.4657416613772511e-08,2.943177588409582e-12,cost_CNY,
capacity_rejected,capacity_rejected|fractional_duration|high_gpu_demand_task|high_power_task|random_fixed_seed|region_migration,service_first,1,Q2C050005,Q2C050005,5,2.683333333333394,2239.0,it_capacity,False,False,True,True,1.0386577243902437,0.0,,,,,0.0,1.4210854715202004e-14,0.0,1.1368683772161603e-13,1.1368683772161603e-13,8.943764325387517e-18,facility_average_power_mw,
random_feasible_move,feasible_but_rejected|fractional_duration|random_feasible_move|random_fixed_seed|region_migration,service_first,1,Q2C052841,Q2C052841,2871,5.966666666666697,2302.0,feasible,False,True,True,True,0.8122529644268774,0.0,1.5577825251966715e-08,0.0,2.5630697564338334e-10,1.9060274192295168e-16,0.0,1.4210854715202004e-14,1.4210854715202004e-14,1.1368683772161603e-13,1.5577825251966715e-08,1.2187970414756524e-11,cost_CNY,
random_feasible_move,feasible_but_rejected|fractional_duration|random_feasible_move|random_fixed_seed|region_migration,service_first,1,Q2C075872,Q2C075872,26127,2.1000000000000227,300.0,feasible,False,True,True,True,0.9035507928571429,0.0,0.0,0.0,5.784386303275824e-10,1.6215937555415227e-16,0.0,3.552713678800501e-15,3.552713678800501e-15,5.684341886080802e-14,5.784386303275824e-10,5.784386303275824e-10,renewable_used_MWh,
random_feasible_move,feasible_but_rejected|fractional_duration|random_feasible_move|random_fixed_seed|region_migration,service_first,1,Q2C076178,Q2C076178,26435,3.0166666666666515,1424.0,feasible,False,True,True,True,0.9615983530864198,0.0,0.0,0.0,3.6970959627069533e-10,3.0184188481996443e-16,0.0,0.0,1.4210854715202004e-14,1.1368683772161603e-13,3.6970959627069533e-10,1.6366942747345052e-10,renewable_used_MWh,
accepted,accepted|fractional_cross_two_hours|fractional_duration|random_fixed_seed|region_migration,service_first,1,Q2C081307,Q2C081307,31613,1.466666666666697,1225.0,accepted,True,True,True,True,0.8685770750988142,0.0,2.426077116979286e-08,0.0,0.0,4.941454689010027e-16,0.0,0.0,0.0,5.684341886080802e-14,2.426077116979286e-08,1.6009754546818246e-10,cost_CNY,
random_feasible_move,feasible_but_rejected|fractional_duration|random_feasible_move|random_fixed_seed,service_first,1,Q2C082918,Q2C082918,33244,3.5,1110.0,feasible,False,True,True,True,0.7649456521739131,0.0,8.934875950217247e-09,0.0,4.051230462209787e-10,8.326672684688674e-17,0.0,2.842170943040401e-14,2.842170943040401e-14,1.1368683772161603e-13,8.934875950217247e-09,3.436499547510605e-12,cost_CNY,
fractional_duration,fractional_duration|high_gpu_demand_task|high_power_task|no_change|random_fixed_seed,service_first,2,Q2C000001,Q2C000001,1,4.666666666666686,456.0,no_change,False,True,True,True,0.6230115736111111,0.0,0.0,0.0,0.0,0.0,0.0,7.105427357601002e-15,0.0,1.1368683772161603e-13,1.1368683772161603e-13,1.1368683772161603e-13,facility_average_power_mw,
random_feasible_move,fractional_cross_two_hours|fractional_duration|no_change|random_feasible_move|random_fixed_seed,service_first,2,Q2C022336,Q2C022336,22336,1.3166666666667197,776.0,no_change,False,True,True,True,0.9472211390243902,0.0,0.0,0.0,0.0,0.0,0.0,7.105427357601002e-15,0.0,1.1368683772161603e-13,1.1368683772161603e-13,1.1368683772161603e-13,facility_average_power_mw,
feasible_but_rejected,feasible_but_rejected|fractional_cross_two_hours|fractional_duration|random_fixed_seed|region_migration|return_to_baseline,service_first,2,Q2C031613,Q2C031613,31613,1.466666666666697,1224.0,feasible,False,True,True,True,0.8310276679841897,0.0,2.426077116979286e-08,0.0,0.0,4.941454689010027e-16,0.0,7.105427357601002e-15,0.0,1.1368683772161603e-13,2.426077116979286e-08,1.6009754546818246e-10,cost_CNY,
capacity_rejected,capacity_rejected|fractional_duration|high_gpu_demand_task|high_power_task|random_fixed_seed|region_migration,service_first,2,Q2C050005,Q2C050005,5,2.683333333333394,2239.0,it_capacity,False,False,True,True,1.0386577243902437,0.0,,,,,0.0,1.4210854715202004e-14,0.0,1.1368683772161603e-13,1.1368683772161603e-13,8.943764325387517e-18,facility_average_power_mw,
random_feasible_move,feasible_but_rejected|fractional_duration|random_feasible_move|random_fixed_seed|region_migration,service_first,2,Q2C060302,Q2C060302,10401,6.416666666666629,793.0,feasible,False,True,True,True,0.9999603166666666,0.0,0.0,0.0,8.395772965741344e-11,8.27076851016989e-17,0.0,7.105427357601002e-15,1.7763568394002505e-15,1.1368683772161603e-13,8.395772965741344e-11,8.395772965741344e-11,renewable_used_MWh,
random_feasible_move,feasible_but_rejected|fractional_duration|random_feasible_move|random_fixed_seed|region_migration,service_first,2,Q2C068918,Q2C068918,19102,4.5499999999999545,1491.0,feasible,False,True,True,True,0.983929268292683,0.0,3.289824235253036e-08,0.0,1.202693056256976e-09,3.2303803729205605e-16,0.0,1.4210854715202004e-14,1.4210854715202004e-14,1.1368683772161603e-13,3.289824235253036e-08,1.8904672747119476e-10,cost_CNY,
random_feasible_move,duration_lt_1h|feasible_but_rejected|fractional_duration|random_feasible_move|random_fixed_seed|region_migration,service_first,2,Q2C072368,Q2C072368,22586,0.5,1158.0,feasible,False,True,True,True,0.9636357731707317,0.0,0.0,0.0,0.0,6.268170864623911e-17,0.0,7.105427357601002e-15,0.0,1.1368683772161603e-13,1.1368683772161603e-13,1.1368683772161603e-13,facility_average_power_mw,
random_feasible_move,duration_lt_1h|feasible_but_rejected|fractional_duration|random_feasible_move|random_fixed_seed|region_migration,service_first,2,Q2C073556,Q2C073556,23782,0.7000000000000455,790.0,feasible,False,True,True,True,0.6915113871635611,0.0,1.9659637473523617e-08,0.0,7.657945388928056e-10,3.1891806903661113e-16,0.0,1.4210854715202004e-14,1.4210854715202004e-14,1.1368683772161603e-13,1.9659637473523617e-08,4.078035082647053e-11,cost_CNY,
random_feasible_move,feasible_but_rejected|fractional_cross_two_hours|fractional_duration|random_feasible_move|random_fixed_seed|region_migration,service_first,2,Q2C084661,Q2C084661,35007,1.1166666666665606,2404.0,feasible,False,True,True,True,0.9272032512195122,0.0,0.0,0.0,8.283222996396944e-10,7.917277944358148e-15,0.0,7.105427357601002e-15,0.0,1.1368683772161603e-13,8.283222996396944e-10,8.283222996396944e-10,renewable_used_MWh,
random_feasible_move,feasible_but_rejected|fractional_duration|random_feasible_move|random_fixed_seed|region_migration,service_first,2,Q2C096587,Q2C096587,47049,4.4166666666667425,1396.0,feasible,False,True,True,True,0.9669571428571427,0.0,0.0,0.0,6.260734153329395e-10,1.1677263973483565e-15,0.0,7.105427357601002e-15,1.7763568394002505e-15,1.1368683772161603e-13,6.260734153329395e-10,6.260734153329395e-10,renewable_used_MWh,
random_feasible_move,feasible_but_rejected|fractional_duration|random_feasible_move|random_fixed_seed|region_migration,service_first,2,Q2C100043,Q2C100043,549,4.716666666666697,635.0,feasible,False,True,True,True,0.9643300419753087,0.0,1.9703293219208717e-08,0.0,1.2505552149377763e-10,7.832276494035284e-16,0.0,2.842170943040401e-14,3.552713678800501e-15,1.1368683772161603e-13,1.9703293219208717e-08,9.82509755838851e-12,cost_CNY,
random_feasible_move,feasible_but_rejected|fractional_duration|random_feasible_move|random_fixed_seed,service_first,2,Q2C103046,Q2C103046,3661,5.916666666666657,199.0,feasible,False,True,True,True,0.9760813000000002,0.0,0.0,0.0,2.2737367544323206e-13,1.205632815803881e-16,0.0,7.105427357601002e-15,3.552713678800501e-15,1.1368683772161603e-13,2.2737367544323206e-13,2.2737367544323206e-13,renewable_used_MWh,
random_feasible_move,feasible_but_rejected|fractional_duration|random_feasible_move|random_fixed_seed|region_migration,service_first,2,Q2C112242,Q2C112242,13153,2.2333333333333485,845.0,feasible,False,True,True,True,0.9625723585365855,0.0,0.0,0.0,1.1232259566895664e-10,5.254043727864754e-16,0.0,2.842170943040401e-14,2.842170943040401e-14,1.1368683772161603e-13,1.1232259566895664e-10,1.1232259566895664e-10,renewable_used_MWh,
fractional_duration,fractional_duration|high_gpu_demand_task|high_power_task|no_change|random_fixed_seed,service_first,3,Q2C000001,Q2C000001,1,4.666666666666686,456.0,no_change,False,True,True,True,0.6230115736111111,0.0,0.0,0.0,0.0,0.0,0.0,7.105427357601002e-15,0.0,1.1368683772161603e-13,1.1368683772161603e-13,1.1368683772161603e-13,facility_average_power_mw,
random_feasible_move,fractional_duration|no_change|random_feasible_move|random_fixed_seed,service_first,3,Q2C012058,Q2C012058,12058,3.916666666666515,2327.0,no_change,False,True,True,True,0.9707880434782609,0.0,0.0,0.0,0.0,0.0,0.0,7.105427357601002e-15,0.0,1.1368683772161603e-13,1.1368683772161603e-13,1.1368683772161603e-13,facility_average_power_mw,
feasible_but_rejected,feasible_but_rejected|fractional_cross_two_hours|fractional_duration|random_fixed_seed|region_migration|return_to_baseline,service_first,3,Q2C031613,Q2C031613,31613,1.466666666666697,1224.0,feasible,False,True,True,True,0.8310276679841897,0.0,2.426077116979286e-08,0.0,0.0,4.941454689010027e-16,0.0,7.105427357601002e-15,0.0,1.1368683772161603e-13,2.426077116979286e-08,1.6009754546818246e-10,cost_CNY,
random_feasible_move,fractional_cross_two_hours|fractional_duration|no_change|random_feasible_move|random_fixed_seed,service_first,3,Q2C036763,Q2C036763,36763,1.216666666666697,1902.0,no_change,False,True,True,True,0.7012592597222223,0.0,0.0,0.0,0.0,0.0,0.0,7.105427357601002e-15,0.0,1.1368683772161603e-13,1.1368683772161603e-13,1.1368683772161603e-13,facility_average_power_mw,
random_feasible_move,fractional_duration|no_change|random_feasible_move|random_fixed_seed,service_first,3,Q2C043303,Q2C043303,43303,2.4833333333333485,1587.0,no_change,False,True,True,True,0.9966831283950617,0.0,0.0,0.0,0.0,0.0,0.0,7.105427357601002e-15,0.0,1.1368683772161603e-13,1.1368683772161603e-13,1.1368683772161603e-13,facility_average_power_mw,
random_feasible_move,fractional_duration|high_gpu_demand_task|high_power_task|no_change|random_feasible_move|random_fixed_seed,service_first,3,Q2C048036,Q2C048036,48036,4.816666666666663,370.0,no_change,False,True,True,True,0.8947010869565217,0.0,0.0,0.0,0.0,0.0,0.0,7.105427357601002e-15,0.0,1.1368683772161603e-13,1.1368683772161603e-13,1.1368683772161603e-13,facility_average_power_mw,
random_feasible_move,fractional_duration|no_change|random_feasible_move|random_fixed_seed,service_first,3,Q2C049562,Q2C049562,49562,3.599999999999909,2057.0,no_change,False,True,True,True,0.642292490118577,0.0,0.0,0.0,0.0,0.0,0.0,7.105427357601002e-15,0.0,1.1368683772161603e-13,1.1368683772161603e-13,1.1368683772161603e-13,facility_average_power_mw,
capacity_rejected,capacity_rejected|fractional_duration|high_gpu_demand_task|high_power_task|random_fixed_seed|region_migration,service_first,3,Q2C050005,Q2C050005,5,2.683333333333394,2239.0,it_capacity,False,False,True,True,1.0386577243902437,0.0,,,,,0.0,1.4210854715202004e-14,0.0,1.1368683772161603e-13,1.1368683772161603e-13,8.943764325387517e-18,facility_average_power_mw,
random_feasible_move,feasible_but_rejected|fractional_duration|random_feasible_move|random_fixed_seed|region_migration,service_first,3,Q2C055369,Q2C055369,5418,4.483333333333121,2088.0,feasible,False,True,True,True,0.9774569097560977,0.0,0.0,0.0,0.0,2.494207097802903e-16,0.0,7.105427357601002e-15,0.0,1.1368683772161603e-13,1.1368683772161603e-13,1.1368683772161603e-13,facility_average_power_mw,
random_feasible_move,feasible_but_rejected|fractional_duration|random_feasible_move|random_fixed_seed|region_migration,service_first,3,Q2C058818,Q2C058818,8900,4.833333333333314,446.0,feasible,False,True,True,True,0.8432666666666667,0.0,0.0,0.0,1.2664145287999418e-09,1.3422422895370545e-16,0.0,7.105427357601002e-15,0.0,1.1368683772161603e-13,1.2664145287999418e-09,1.2664145287999418e-09,renewable_used_MWh,
random_feasible_move,feasible_but_rejected|fractional_duration|random_feasible_move|random_fixed_seed|region_migration,service_first,3,Q2C061724,Q2C061724,11834,5.866666666666788,2392.0,feasible,False,True,True,True,0.986567480487805,0.0,0.0,0.0,1.1368683772161603e-13,4.2869353900076845e-16,0.0,7.105427357601002e-15,7.105427357601002e-15,1.1368683772161603e-13,1.1368683772161603e-13,1.1368683772161603e-13,renewable_used_MWh,
random_feasible_move,feasible_but_rejected|fractional_duration|random_feasible_move|random_fixed_seed|region_migration,service_first,3,Q2C068098,Q2C068098,18276,4.4833333333333485,590.0,feasible,False,True,True,True,0.965068292682927,0.0,0.0,0.0,0.0,6.920462466974975e-16,0.0,7.105427357601002e-15,3.552713678800501e-15,1.1368683772161603e-13,1.1368683772161603e-13,1.1368683772161603e-13,facility_average_power_mw,
random_feasible_move,feasible_but_rejected|fractional_duration|random_feasible_move|random_fixed_seed|region_migration,service_first,3,Q2C069830,Q2C069830,20024,4.25,1159.0,feasible,False,True,True,True,0.9844222214285715,0.0,0.0,0.0,2.2350832296069711e-10,2.467644144577008e-16,0.0,1.4210854715202004e-14,1.4210854715202004e-14,1.1368683772161603e-13,2.2350832296069711e-10,2.2350832296069711e-10,renewable_used_MWh,
fractional_duration,fractional_duration|high_gpu_demand_task|high_power_task|no_change|random_fixed_seed,service_first,4,Q2C000001,Q2C000001,1,4.666666666666686,456.0,no_change,False,True,True,True,0.6230115736111111,0.0,0.0,0.0,0.0,0.0,0.0,7.105427357601002e-15,0.0,1.1368683772161603e-13,1.1368683772161603e-13,1.1368683772161603e-13,facility_average_power_mw,
random_feasible_move,fractional_duration|no_change|random_feasible_move|random_fixed_seed,service_first,4,Q2C000793,Q2C000793,793,5.900000000000091,1788.0,no_change,False,True,True,True,0.8576285714285715,0.0,0.0,0.0,0.0,0.0,0.0,7.105427357601002e-15,0.0,1.1368683772161603e-13,1.1368683772161603e-13,1.1368683772161603e-13,facility_average_power_mw,
random_feasible_move,fractional_duration|no_change|random_feasible_move|random_fixed_seed,service_first,4,Q2C027597,Q2C027597,27597,2.550000000000182,2278.0,no_change,False,True,True,True,0.8453380952380954,0.0,0.0,0.0,0.0,0.0,0.0,7.105427357601002e-15,0.0,1.1368683772161603e-13,1.1368683772161603e-13,1.1368683772161603e-13,facility_average_power_mw,
feasible_but_rejected,feasible_but_rejected|fractional_cross_two_hours|fractional_duration|random_fixed_seed|region_migration|return_to_baseline,service_first,4,Q2C031613,Q2C031613,31613,1.466666666666697,1224.0,feasible,False,True,True,True,0.8310276679841897,0.0,2.426077116979286e-08,0.0,0.0,4.941454689010027e-16,0.0,7.105427357601002e-15,0.0,1.1368683772161603e-13,2.426077116979286e-08,1.6009754546818246e-10,cost_CNY,
random_feasible_move,fractional_cross_two_hours|fractional_duration|no_change|random_feasible_move|random_fixed_seed,service_first,4,Q2C034445,Q2C034445,34445,1.7000000000000455,1351.0,no_change,False,True,True,True,0.9648555547619049,0.0,0.0,0.0,0.0,0.0,0.0,7.105427357601002e-15,0.0,1.1368683772161603e-13,1.1368683772161603e-13,1.1368683772161603e-13,facility_average_power_mw,
capacity_rejected,capacity_rejected|fractional_duration|high_gpu_demand_task|high_power_task|random_fixed_seed|region_migration,service_first,4,Q2C050005,Q2C050005,5,2.683333333333394,2239.0,it_capacity,False,False,True,True,1.0386577243902437,0.0,,,,,0.0,1.4210854715202004e-14,0.0,1.1368683772161603e-13,1.1368683772161603e-13,8.943764325387517e-18,facility_average_power_mw,
random_feasible_move,feasible_but_rejected|fractional_duration|random_feasible_move|random_fixed_seed|region_migration,service_first,4,Q2C050833,Q2C050833,842,3.6166666666665606,1539.0,feasible,False,True,True,True,0.8504047625,0.0,1.907028490677476e-08,0.0,6.063487489882391e-10,3.5561831257524545e-17,0.0,1.4210854715202004e-14,1.4210854715202004e-14,1.1368683772161603e-13,1.907028490677476e-08,4.463704539925421e-11,cost_CNY,
random_feasible_move,feasible_but_rejected|fractional_duration|random_feasible_move|random_fixed_seed|region_migration,service_first,4,Q2C072011,Q2C072011,22225,2.4499999999999886,341.0,feasible,False,True,True,True,0.9830756097560978,0.0,0.0,0.0,0.0,5.125328601199991e-16,0.0,7.105427357601002e-15,3.552713678800501e-15,1.1368683772161603e-13,1.1368683772161603e-13,1.1368683772161603e-13,facility_average_power_mw,
random_feasible_move,feasible_but_rejected|fractional_duration|random_feasible_move|random_fixed_seed|region_migration,service_first,4,Q2C076149,Q2C076149,26406,2.533333333333303,1151.0,feasible,False,True,True,True,0.7875494071146245,0.0,1.9172148313373327e-09,0.0,9.680434231995605e-10,4.466912950640278e-16,0.0,1.4210854715202004e-14,1.4210854715202004e-14,1.1368683772161603e-13,1.9172148313373327e-09,2.1486519234666946e-13,cost_CNY,
random_feasible_move,feasible_but_rejected|fractional_duration|random_feasible_move|random_fixed_seed|region_migration,service_first,4,Q2C083064,Q2C083064,33392,3.033333333333303,2208.0,feasible,False,True,True,True,0.9637918707317074,0.0,1.3289536582306027e-08,0.0,9.388259059051052e-10,6.314393452555578e-16,0.0,7.105427357601002e-15,1.4210854715202004e-14,1.1368683772161603e-13,1.3289536582306027e-08,1.0256020389286459e-11,cost_CNY,
random_feasible_move,duration_lt_1h|feasible_but_rejected|fractional_duration|random_feasible_move|random_fixed_seed|region_migration,service_first,4,Q2C085704,Q2C085704,36065,0.7999999999999545,965.0,feasible,False,True,True,True,0.9637230166666668,0.0,0.0,0.0,0.0,1.2568020761475132e-16,0.0,7.105427357601002e-15,3.552713678800501e-15,1.1368683772161603e-13,1.1368683772161603e-13,1.1368683772161603e-13,facility_average_power_mw,
random_feasible_move,feasible_but_rejected|fractional_cross_two_hours|fractional_duration|random_feasible_move|random_fixed_seed|region_migration,service_first,4,Q2C089421,Q2C089421,39814,1.0499999999999545,531.0,feasible,False,True,True,True,0.9793588469135801,0.0,0.0,0.0,1.7644197214394808e-10,6.822858860462862e-16,0.0,7.105427357601002e-15,0.0,1.1368683772161603e-13,1.7644197214394808e-10,1.7644197214394808e-10,renewable_used_MWh,
random_feasible_move,feasible_but_rejected|fractional_duration|random_feasible_move|random_fixed_seed|region_migration,service_first,4,Q2C092634,Q2C092634,43060,3.0166666666666657,2402.0,feasible,False,True,True,True,0.9124938271604939,0.0,0.0,0.0,1.7325874068774283e-10,2.0039525594484076e-14,0.0,7.105427357601002e-15,2.842170943040401e-14,1.1368683772161603e-13,1.7325874068774283e-10,1.7325874068774283e-10,renewable_used_MWh,
fractional_duration,fractional_duration|high_gpu_demand_task|high_power_task|no_change|random_fixed_seed,service_first,5,Q2C000001,Q2C000001,1,4.666666666666686,456.0,no_change,False,True,True,True,0.6230115736111111,0.0,0.0,0.0,0.0,0.0,0.0,7.105427357601002e-15,0.0,1.1368683772161603e-13,1.1368683772161603e-13,1.1368683772161603e-13,facility_average_power_mw,
random_feasible_move,fractional_duration|no_change|random_feasible_move|random_fixed_seed,service_first,5,Q2C010761,Q2C010761,10761,5.083333333333371,754.0,no_change,False,True,True,True,0.8428853754940712,0.0,0.0,0.0,0.0,0.0,0.0,7.105427357601002e-15,0.0,1.1368683772161603e-13,1.1368683772161603e-13,1.1368683772161603e-13,facility_average_power_mw,
feasible_but_rejected,feasible_but_rejected|fractional_cross_two_hours|fractional_duration|random_fixed_seed|region_migration|return_to_baseline,service_first,5,Q2C031613,Q2C031613,31613,1.466666666666697,1224.0,feasible,False,True,True,True,0.8310276679841897,0.0,2.426077116979286e-08,0.0,0.0,4.941454689010027e-16,0.0,7.105427357601002e-15,0.0,1.1368683772161603e-13,2.426077116979286e-08,1.6009754546818246e-10,cost_CNY,
random_feasible_move,fractional_duration|no_change|random_feasible_move|random_fixed_seed,service_first,5,Q2C043250,Q2C043250,43250,6.61666666666666,110.0,no_change,False,True,True,True,0.6146245059288538,0.0,0.0,0.0,0.0,0.0,0.0,7.105427357601002e-15,0.0,1.1368683772161603e-13,1.1368683772161603e-13,1.1368683772161603e-13,facility_average_power_mw,
random_feasible_move,duration_lt_1h|fractional_duration|no_change|random_feasible_move|random_fixed_seed,service_first,5,Q2C043621,Q2C043621,43621,0.36666666666656056,1971.0,no_change,False,True,True,True,0.9739506172839506,0.0,0.0,0.0,0.0,0.0,0.0,7.105427357601002e-15,0.0,1.1368683772161603e-13,1.1368683772161603e-13,1.1368683772161603e-13,facility_average_power_mw,
capacity_rejected,capacity_rejected|fractional_duration|high_gpu_demand_task|high_power_task|random_fixed_seed|region_migration,service_first,5,Q2C050005,Q2C050005,5,2.683333333333394,2239.0,it_capacity,False,False,True,True,1.0386577243902437,0.0,,,,,0.0,1.4210854715202004e-14,0.0,1.1368683772161603e-13,1.1368683772161603e-13,8.943764325387517e-18,facility_average_power_mw,
random_feasible_move,feasible_but_rejected|fractional_duration|random_feasible_move|random_fixed_seed|region_migration,service_first,5,Q2C055866,Q2C055866,5921,4.699999999999818,2155.0,feasible,False,True,True,True,0.8804876537037039,0.0,0.0,0.0,2.064552973024547e-10,1.0061396160665481e-16,0.0,1.4210854715202004e-14,1.4210854715202004e-14,1.1368683772161603e-13,2.064552973024547e-10,5.816559719010861e-11,renewable_used_MWh,
random_feasible_move,feasible_but_rejected|fractional_duration|random_feasible_move|random_fixed_seed|region_migration,service_first,5,Q2C069989,Q2C069989,20184,3.066666666666663,2402.0,feasible,False,True,True,True,0.9240813,0.0,0.0,0.0,2.2868107407703064e-10,3.191891195797325e-15,0.0,7.105427357601002e-15,0.0,1.1368683772161603e-13,2.2868107407703064e-10,2.2868107407703064e-10,renewable_used_MWh,
random_feasible_move,duration_lt_1h|feasible_but_rejected|fractional_duration|random_feasible_move|random_fixed_seed|region_migration,service_first,5,Q2C075291,Q2C075291,25538,0.20000000000004547,2015.0,feasible,False,True,True,True,0.7890833333333332,0.0,1.2918462743982673e-08,0.0,8.163283382600639e-10,2.613401574140528e-16,0.0,7.105427357601002e-15,0.0,1.1368683772161603e-13,1.2918462743982673e-08,4.488775744204478e-11,cost_CNY,
random_feasible_move,feasible_but_rejected|fractional_duration|random_feasible_move|random_fixed_seed|region_migration,service_first,5,Q2C095860,Q2C095860,46315,4.399999999999977,543.0,feasible,False,True,True,True,0.8209864203703703,0.0,0.0,0.0,4.827711563848425e-10,5.091413401991929e-16,0.0,1.4210854715202004e-14,1.4210854715202004e-14,1.1368683772161603e-13,4.827711563848425e-10,4.827711563848425e-10,renewable_used_MWh,
random_feasible_move,feasible_but_rejected|fractional_duration|random_feasible_move|random_fixed_seed|region_migration,service_first,5,Q2C106252,Q2C106252,6962,4.383333333333212,2184.0,feasible,False,True,True,True,0.9665259259259259,0.0,1.8742866814136505e-08,0.0,2.7409896574681625e-10,4.2500725161431774e-17,0.0,1.4210854715202004e-14,1.4210854715202004e-14,1.1368683772161603e-13,1.8742866814136505e-08,1.0290400319645266e-11,cost_CNY,
random_feasible_move,feasible_but_rejected|fractional_duration|high_gpu_demand_task|high_power_task|random_feasible_move|random_fixed_seed,service_first,5,Q2C107319,Q2C107319,8063,4.716666666666669,170.0,feasible,False,True,True,True,0.7168648152777778,0.0,1.4888428268022835e-08,0.0,3.083755473198835e-10,4.874572967494828e-16,0.0,2.842170943040401e-14,2.842170943040401e-14,1.1368683772161603e-13,1.4888428268022835e-08,2.158577707551609e-12,cost_CNY,
random_feasible_move,feasible_but_rejected|fractional_duration|random_feasible_move|random_fixed_seed|region_migration,service_first,5,Q2C111234,Q2C111234,12111,3.916666666666515,2236.0,feasible,False,True,True,True,0.9355714285714285,0.0,1.433363649994135e-09,0.0,3.6345682019600645e-10,1.1102230246251565e-16,0.0,1.4210854715202004e-14,1.4210854715202004e-14,1.1368683772161603e-13,1.433363649994135e-09,4.0459228404079677e-13,cost_CNY,
fractional_duration,fractional_duration|high_gpu_demand_task|high_power_task|no_change|random_fixed_seed,service_first,6,Q2C000001,Q2C000001,1,4.666666666666686,456.0,no_change,False,True,True,True,0.6230115736111111,0.0,0.0,0.0,0.0,0.0,0.0,7.105427357601002e-15,0.0,1.1368683772161603e-13,1.1368683772161603e-13,1.1368683772161603e-13,facility_average_power_mw,
random_feasible_move,fractional_duration|no_change|random_feasible_move|random_fixed_seed,service_first,6,Q2C007416,Q2C007416,7416,6.11666666666666,93.0,no_change,False,True,True,True,0.6273212958333333,0.0,0.0,0.0,0.0,0.0,0.0,7.105427357601002e-15,0.0,1.1368683772161603e-13,1.1368683772161603e-13,1.1368683772161603e-13,facility_average_power_mw,
feasible_but_rejected,feasible_but_rejected|fractional_cross_two_hours|fractional_duration|random_fixed_seed|region_migration|return_to_baseline,service_first,6,Q2C031613,Q2C031613,31613,1.466666666666697,1224.0,feasible,False,True,True,True,0.8310276679841897,0.0,2.426077116979286e-08,0.0,0.0,4.941454689010027e-16,0.0,7.105427357601002e-15,0.0,1.1368683772161603e-13,2.426077116979286e-08,1.6009754546818246e-10,cost_CNY,
random_feasible_move,fractional_duration|no_change|random_feasible_move|random_fixed_seed,service_first,6,Q2C044450,Q2C044450,44450,4.4166666666667425,1087.0,no_change,False,True,True,True,0.9803695481481481,0.0,0.0,0.0,0.0,0.0,0.0,7.105427357601002e-15,0.0,1.1368683772161603e-13,1.1368683772161603e-13,1.1368683772161603e-13,facility_average_power_mw,
random_feasible_move,duration_lt_1h|fractional_duration|high_gpu_demand_task|high_power_task|no_change|random_feasible_move|random_fixed_seed,service_first,6,Q2C045755,Q2C045755,45755,0.5166666666666515,634.0,no_change,False,True,True,True,0.6657608695652174,0.0,0.0,0.0,0.0,0.0,0.0,7.105427357601002e-15,0.0,1.1368683772161603e-13,1.1368683772161603e-13,1.1368683772161603e-13,facility_average_power_mw,
random_feasible_move,fractional_duration|no_change|random_feasible_move|random_fixed_seed,service_first,6,Q2C047054,Q2C047054,47054,2.9333333333332803,627.0,no_change,False,True,True,True,0.8578190482142858,0.0,0.0,0.0,0.0,0.0,0.0,7.105427357601002e-15,0.0,1.1368683772161603e-13,1.1368683772161603e-13,1.1368683772161603e-13,facility_average_power_mw,
capacity_rejected,capacity_rejected|fractional_duration|high_gpu_demand_task|high_power_task|random_fixed_seed|region_migration,service_first,6,Q2C050005,Q2C050005,5,2.683333333333394,2239.0,it_capacity,False,False,True,True,1.0386577243902437,0.0,,,,,0.0,1.4210854715202004e-14,0.0,1.1368683772161603e-13,1.1368683772161603e-13,8.943764325387517e-18,facility_average_power_mw,
random_feasible_move,feasible_but_rejected|fractional_duration|random_feasible_move|random_fixed_seed|region_migration,service_first,6,Q2C054259,Q2C054259,4299,3.0833333333333357,42.0,feasible,False,True,True,True,0.7145144024691359,0.0,0.0,0.0,9.358132047054823e-10,8.98769719672593e-17,0.0,7.105427357601002e-15,7.105427357601002e-15,1.1368683772161603e-13,9.358132047054823e-10,9.358132047054823e-10,renewable_used_MWh,
random_feasible_move,feasible_but_rejected|fractional_duration|random_feasible_move|random_fixed_seed|region_migration,service_first,6,Q2C066659,Q2C066659,16822,3.5,1543.0,feasible,False,True,True,True,0.9592391304347826,0.0,0.0,0.0,5.663878255290911e-10,1.942890293094024e-16,0.0,2.842170943040401e-14,2.842170943040401e-14,1.1368683772161603e-13,5.663878255290911e-10,5.663878255290911e-10,renewable_used_MWh,
random_feasible_move,feasible_but_rejected|fractional_duration|random_feasible_move|random_fixed_seed|region_migration,service_first,6,Q2C080026,Q2C080026,30323,5.7000000000000455,1492.0,feasible,False,True,True,True,0.8931938277777779,0.0,0.0,0.0,5.968558980384842e-11,3.3472031570058736e-16,0.0,7.105427357601002e-15,0.0,1.1368683772161603e-13,5.968558980384842e-11,5.968558980384842e-11,renewable_used_MWh,
random_feasible_move,feasible_but_rejected|fractional_duration|random_feasible_move|random_fixed_seed|region_migration,service_first,6,Q2C082749,Q2C082749,33072,4.600000000000023,898.0,feasible,False,True,True,True,0.8254076086956522,0.0,0.0,0.0,5.481979314936325e-10,5.210675640965334e-16,0.0,2.842170943040401e-14,2.842170943040401e-14,1.1368683772161603e-13,5.481979314936325e-10,5.481979314936325e-10,renewable_used_MWh,
random_feasible_move,feasible_but_rejected|fractional_duration|random_feasible_move|random_fixed_seed|region_migration,service_first,6,Q2C083683,Q2C083683,34017,4.466666666666697,543.0,feasible,False,True,True,True,0.8481481481481481,0.0,0.0,0.0,2.1753976398031227e-10,1.0842021724855044e-15,0.0,7.105427357601002e-15,7.105427357601002e-15,1.1368683772161603e-13,2.1753976398031227e-10,2.1753976398031227e-10,renewable_used_MWh,
random_feasible_move,duration_lt_1h|feasible_but_rejected|fractional_duration|random_feasible_move|random_fixed_seed|region_migration,service_first,6,Q2C112843,Q2C112843,13772,0.5,18.0,feasible,False,True,True,True,0.7435897435897436,0.0,0.0,0.0,1.7587353795534e-10,5.593988754542243e-16,0.0,1.4210854715202004e-14,7.105427357601002e-15,1.1368683772161603e-13,1.7587353795534e-10,1.7587353795534e-10,renewable_used_MWh,
fractional_duration,fractional_duration|high_gpu_demand_task|high_power_task|no_change|random_fixed_seed,balanced,1,Q2C000001,Q2C000001,1,4.666666666666686,456.0,no_change,False,True,True,True,0.6230115736111111,0.0,0.0,0.0,0.0,0.0,0.0,0.0,0.0,0.0,0.0,0.0,cost_CNY,
random_feasible_move,fractional_duration|high_gpu_demand_task|high_power_task|no_change|random_feasible_move|random_fixed_seed,balanced,1,Q2C019272,Q2C019272,19272,4.2999999999999545,1378.0,no_change,False,True,True,True,0.9603193407407408,0.0,0.0,0.0,0.0,0.0,0.0,0.0,0.0,0.0,0.0,0.0,cost_CNY,
random_feasible_move,fractional_duration|no_change|random_feasible_move|random_fixed_seed,balanced,1,Q2C025114,Q2C025114,25114,2.8666666666665606,1838.0,no_change,False,True,True,True,0.5609875000000001,0.0,0.0,0.0,0.0,0.0,0.0,0.0,0.0,0.0,0.0,0.0,cost_CNY,
random_feasible_move,fractional_duration|high_gpu_demand_task|high_power_task|no_change|random_feasible_move|random_fixed_seed,balanced,1,Q2C028341,Q2C028341,28341,3.75,596.0,no_change,False,True,True,True,0.7213438735177866,0.0,0.0,0.0,0.0,0.0,0.0,0.0,0.0,0.0,0.0,0.0,cost_CNY,
random_feasible_move,fractional_duration|no_change|random_feasible_move|random_fixed_seed,balanced,1,Q2C035467,Q2C035467,35467,4.550000000000001,23.0,no_change,False,True,True,True,0.9629285714285715,0.0,0.0,0.0,0.0,0.0,0.0,0.0,0.0,0.0,0.0,0.0,cost_CNY,
feasible_but_rejected,feasible_but_rejected|fractional_duration|high_gpu_demand_task|high_power_task|random_fixed_seed|region_migration,balanced,1,Q2C050001,Q2C050001,1,4.666666666666686,2401.0,feasible,False,True,True,True,0.8188184517857142,0.0,1.4657416613772511e-08,0.0,3.666400516522117e-10,7.993605777301127e-14,0.0,1.4210854715202004e-14,1.4210854715202004e-14,1.1368683772161603e-13,1.4657416613772511e-08,2.943177588409582e-12,cost_CNY,
accepted,accepted|fractional_duration|random_fixed_seed|region_migration,balanced,1,Q2C050002,Q2C050002,2,3.2999999999999545,1126.0,accepted,True,True,True,True,0.9780000000000002,0.0,0.0,0.0,2.4374458007514477e-10,2.4056413328379933e-16,0.0,7.105427357601002e-15,7.105427357601002e-15,1.1368683772161603e-13,2.4374458007514477e-10,2.4374458007514477e-10,renewable_used_MWh,
capacity_rejected,capacity_rejected|fractional_duration|high_gpu_demand_task|high_power_task|random_fixed_seed|region_migration,balanced,1,Q2C050005,Q2C050005,5,2.683333333333394,2239.0,it_capacity,False,False,True,True,1.0386577243902437,0.0,,,,,0.0,1.4210854715202004e-14,7.105427357601002e-15,1.1368683772161603e-13,1.1368683772161603e-13,8.943764325387517e-18,facility_average_power_mw,
random_feasible_move,feasible_but_rejected|fractional_duration|random_feasible_move|random_fixed_seed,balanced,1,Q2C052535,Q2C052535,2564,3.7833333333333314,196.0,feasible,False,True,True,True,0.9997206357142857,0.0,0.0,0.0,1.7053025658242404e-13,2.7972416050126014e-16,0.0,5.684341886080802e-14,5.684341886080802e-14,2.2737367544323206e-13,2.2737367544323206e-13,2.2737367544323206e-13,facility_average_power_mw,
random_feasible_move,feasible_but_rejected|fractional_duration|random_feasible_move|random_fixed_seed|region_migration,balanced,1,Q2C061963,Q2C061963,12073,6.333333333333332,22.0,feasible,False,True,True,True,0.990804938271605,0.0,0.0,0.0,9.401901479577646e-11,6.140351898817342e-15,0.0,7.105427357601002e-14,5.684341886080802e-14,3.410605131648481e-13,9.401901479577646e-11,9.401901479577646e-11,renewable_used_MWh,
random_feasible_move,capacity_rejected|fractional_duration|high_gpu_demand_task|high_power_task|random_feasible_move|random_fixed_seed|region_migration,balanced,1,Q2C086867,Q2C086867,37234,2.316666666666606,2403.0,it_capacity,False,False,True,True,1.046861787804878,0.0,,,,,0.0,8.526512829121202e-14,7.105427357601002e-14,3.410605131648481e-13,3.410605131648481e-13,2.7530167778721735e-17,facility_average_power_mw,
random_feasible_move,feasible_but_rejected|fractional_cross_two_hours|fractional_duration|random_feasible_move|random_fixed_seed,balanced,1,Q2C090449,Q2C090449,40855,1.9833333333333485,1725.0,feasible,False,True,True,True,0.36563518472222223,0.0,3.0639057513326406e-08,0.0,5.120455170981586e-10,1.4109048131205615e-14,0.0,8.526512829121202e-14,8.526512829121202e-14,4.547473508864641e-13,3.0639057513326406e-08,1.3892975560460095e-11,cost_CNY,
random_feasible_move,feasible_but_rejected|fractional_duration|random_feasible_move|random_fixed_seed|region_migration,balanced,1,Q2C105386,Q2C105386,6073,3.1166666666665606,1762.0,feasible,False,True,True,True,0.7288678571428572,0.0,0.0,0.0,1.3661747289006598e-09,1.4057440107795305e-14,0.0,1.1368683772161603e-13,8.526512829121202e-14,4.547473508864641e-13,1.3661747289006598e-09,1.2683588928191971e-09,renewable_used_MWh,
random_feasible_move,capacity_rejected|fractional_cross_two_hours|fractional_duration|random_feasible_move|random_fixed_seed|region_migration,balanced,1,Q2C119225,Q2C119225,20368,1.8666666666665606,1977.0,it_capacity,False,False,True,True,1.0007711925925926,0.0,,,,,0.0,1.1368683772161603e-13,8.526512829121202e-14,4.547473508864641e-13,4.547473508864641e-13,4.547473508864641e-13,facility_average_power_mw,
fractional_duration,fractional_duration|high_gpu_demand_task|high_power_task|no_change|random_fixed_seed,balanced,2,Q2C000001,Q2C000001,1,4.666666666666686,456.0,no_change,False,True,True,True,0.6146504625000001,0.0,0.0,0.0,0.0,0.0,0.0,1.1368683772161603e-13,8.526512829121202e-14,4.547473508864641e-13,4.547473508864641e-13,4.547473508864641e-13,facility_average_power_mw,
feasible_but_rejected,feasible_but_rejected|fractional_duration|random_fixed_seed|region_migration|return_to_baseline,balanced,2,Q2C000002,Q2C000002,2,3.2999999999999545,1126.0,feasible,False,True,True,True,0.9988197530864197,0.0,0.0,0.0,2.4374458007514477e-10,1.3563240428785678e-14,0.0,1.1368683772161603e-13,8.526512829121202e-14,4.547473508864641e-13,2.4374458007514477e-10,2.4374458007514477e-10,renewable_used_MWh,
accepted,accepted|fractional_duration|random_fixed_seed|region_migration|return_to_baseline,balanced,2,Q2C000028,Q2C000028,28,3.3333333333333712,787.0,accepted,True,True,True,True,0.8729074074074075,0.0,0.0,0.0,2.1606183508993126e-10,1.5664552988070568e-15,0.0,1.1368683772161603e-13,8.526512829121202e-14,4.547473508864641e-13,2.1606183508993126e-10,2.1606183508993126e-10,renewable_used_MWh,
capacity_rejected,capacity_rejected|fractional_duration|random_fixed_seed|region_migration|return_to_baseline,balanced,2,Q2C000203,Q2C000203,203,6.2999999999999545,610.0,it_capacity,False,False,True,True,1.0163357731707316,0.0,,,,,0.0,1.1368683772161603e-13,8.526512829121202e-14,4.547473508864641e-13,4.547473508864641e-13,2.891911827146573e-13,facility_average_power_mw,
random_feasible_move,hour_boundary|integer_duration|no_change|random_feasible_move|random_fixed_seed,balanced,2,Q2C009489,Q2C009489,9489,2.0,444.0,no_change,False,True,True,True,0.9273695481481481,0.0,0.0,0.0,0.0,0.0,0.0,1.1368683772161603e-13,8.526512829121202e-14,4.547473508864641e-13,4.547473508864641e-13,4.547473508864641e-13,facility_average_power_mw,
random_feasible_move,feasible_but_rejected|fractional_duration|random_feasible_move|random_fixed_seed|region_migration|return_to_baseline,balanced,2,Q2C017131,Q2C017131,17131,4.900000000000006,63.0,feasible,False,True,True,True,0.6997282608695652,0.0,0.0,0.0,1.3407088772510178e-09,6.380746625511691e-15,0.0,1.1368683772161603e-13,8.526512829121202e-14,4.547473508864641e-13,1.3407088772510178e-09,6.95157664563051e-10,renewable_used_MWh,
random_feasible_move,accepted|fractional_duration|random_feasible_move|random_fixed_seed|return_to_baseline,balanced,2,Q2C027500,Q2C027500,27500,4.883333333333439,1506.0,accepted,True,True,True,True,0.7112771739130435,0.0,0.0,0.0,3.410605131648481e-13,1.7520707107365752e-15,0.0,1.1368683772161603e-13,8.526512829121202e-14,4.547473508864641e-13,4.547473508864641e-13,4.547473508864641e-13,facility_average_power_mw,
random_feasible_move,duration_lt_1h|feasible_but_rejected|fractional_duration|random_feasible_move|random_fixed_seed|region_migration|return_to_baseline,balanced,2,Q2C032733,Q2C032733,32733,0.33333333333325754,1441.0,feasible,False,True,True,True,0.992552264197531,0.0,0.0,0.0,1.5199930203380063e-10,3.744838242468137e-14,0.0,1.1368683772161603e-13,8.526512829121202e-14,4.547473508864641e-13,1.5199930203380063e-10,1.5199930203380063e-10,renewable_used_MWh,
random_feasible_move,fractional_duration|no_change|random_feasible_move|random_fixed_seed,balanced,2,Q2C039394,Q2C039394,39394,4.7666666666666515,296.0,no_change,False,True,True,True,0.9999736617283952,0.0,0.0,0.0,0.0,0.0,0.0,1.1368683772161603e-13,8.526512829121202e-14,4.547473508864641e-13,4.547473508864641e-13,4.547473508864641e-13,facility_average_power_mw,
random_feasible_move,fractional_cross_two_hours|fractional_duration|no_change|random_feasible_move|random_fixed_seed,balanced,2,Q2C040136,Q2C040136,40136,1.6333333333333329,52.0,no_change,False,True,True,True,0.896835801851852,0.0,0.0,0.0,0.0,0.0,0.0,1.1368683772161603e-13,8.526512829121202e-14,4.547473508864641e-13,4.547473508864641e-13,4.547473508864641e-13,facility_average_power_mw,
random_feasible_move,feasible_but_rejected|fractional_cross_two_hours|fractional_duration|random_feasible_move|random_fixed_seed|region_migration|return_to_baseline,balanced,2,Q2C049503,Q2C049503,49503,1.783333333333303,1918.0,feasible,False,True,True,True,0.9864292682926832,0.0,8.009374141693115e-08,0.0,1.9383605831535533e-10,3.6012859361278515e-15,0.0,1.1368683772161603e-13,8.526512829121202e-14,4.547473508864641e-13,8.009374141693115e-08,9.878174026061353e-11,cost_CNY,
random_feasible_move,feasible_but_rejected|fractional_duration|high_gpu_demand_task|high_power_task|random_feasible_move|random_fixed_seed,balanced,2,Q2C057773,Q2C057773,7842,3.849999999999909,2402.0,feasible,False,True,True,True,0.9482035714285713,0.0,1.0853909770958126e-08,0.0,4.594085112330504e-10,8.659739592076221e-15,0.0,1.1368683772161603e-13,8.526512829121202e-14,4.547473508864641e-13,1.0853909770958126e-08,7.654011189897453e-13,cost_CNY,
random_feasible_move,feasible_but_rejected|fractional_duration|random_feasible_move|random_fixed_seed|region_migration,balanced,2,Q2C063111,Q2C063111,13232,3.933333333333394,1536.0,feasible,False,True,True,True,0.7763495926829269,0.0,7.51970219425857e-09,0.0,4.5423576011671685e-10,1.8359012227131544e-14,0.0,1.1368683772161603e-13,8.526512829121202e-14,4.547473508864641e-13,7.51970219425857e-09,3.0235786400810644e-12,cost_CNY,
random_feasible_move,capacity_boundary_highest_pressure|capacity_rejected|fractional_duration|random_feasible_move|random_fixed_seed|region_migration,balanced,2,Q2C107743,Q2C107743,8503,6.0166666666666515,1819.0,gpu_capacity,False,False,True,True,1.1333333333333333,0.0,,,,,0.0,1.1368683772161603e-13,8.526512829121202e-14,4.547473508864641e-13,4.547473508864641e-13,3.867173051407111e-17,facility_average_power_mw,
fractional_duration,fractional_duration|high_gpu_demand_task|high_power_task|no_change|random_fixed_seed,balanced,3,Q2C000001,Q2C000001,1,4.666666666666686,456.0,no_change,False,True,True,True,0.6164560180555556,0.0,0.0,0.0,0.0,0.0,0.0,1.1368683772161603e-13,8.526512829121202e-14,4.547473508864641e-13,4.547473508864641e-13,4.547473508864641e-13,facility_average_power_mw,
feasible_but_rejected,feasible_but_rejected|fractional_duration|random_fixed_seed|region_migration|return_to_baseline,balanced,3,Q2C000002,Q2C000002,2,3.2999999999999545,1126.0,feasible,False,True,True,True,0.9988197530864197,0.0,0.0,0.0,2.4374458007514477e-10,1.3563240428785678e-14,0.0,1.1368683772161603e-13,8.526512829121202e-14,4.547473508864641e-13,2.4374458007514477e-10,2.4374458007514477e-10,renewable_used_MWh,
capacity_rejected,capacity_rejected|fractional_duration|random_fixed_seed|region_migration|return_to_baseline,balanced,3,Q2C000059,Q2C000059,59,4.2000000000000455,566.0,gpu_capacity,False,False,True,True,1.007936507936508,0.0,,,,,0.0,1.1368683772161603e-13,8.526512829121202e-14,4.547473508864641e-13,4.547473508864641e-13,4.547473508864641e-13,facility_average_power_mw,
accepted,accepted|fractional_cross_two_hours|fractional_duration|random_fixed_seed|region_migration|return_to_baseline,balanced,3,Q2C001326,Q2C001326,1326,1.3833333333334394,1561.0,accepted,True,True,True,True,0.7239432092592593,0.0,3.8366124499589205e-08,0.0,3.851710062008351e-10,3.008268005359749e-14,0.0,1.1368683772161603e-13,8.526512829121202e-14,4.547473508864641e-13,3.8366124499589205e-08,8.287376659503455e-11,cost_CNY,
random_feasible_move,fractional_cross_two_hours|fractional_duration|no_change|random_feasible_move|random_fixed_seed,balanced,3,Q2C012829,Q2C012829,12829,1.51666666666668,129.0,no_change,False,True,True,True,0.7601902173913043,0.0,0.0,0.0,0.0,0.0,0.0,1.1368683772161603e-13,8.526512829121202e-14,4.547473508864641e-13,4.547473508864641e-13,4.547473508864641e-13,facility_average_power_mw,
random_feasible_move,fractional_cross_two_hours|fractional_duration|no_change|random_feasible_move|random_fixed_seed,balanced,3,Q2C020339,Q2C020339,20339,1.6666666666666288,888.0,no_change,False,True,True,True,0.9996962962962963,0.0,0.0,0.0,0.0,0.0,0.0,1.1368683772161603e-13,8.526512829121202e-14,4.547473508864641e-13,4.547473508864641e-13,4.547473508864641e-13,facility_average_power_mw,
random_feasible_move,feasible_but_rejected|fractional_duration|random_feasible_move|random_fixed_seed|region_migration|return_to_baseline,balanced,3,Q2C039571,Q2C039571,39571,5.966666666666697,2242.0,feasible,False,True,True,True,0.990948780487805,0.0,0.0,0.0,3.3367086871294305e-10,4.617291791964018e-15,0.0,1.1368683772161603e-13,8.526512829121202e-14,4.547473508864641e-13,3.3367086871294305e-10,3.3367086871294305e-10,renewable_used_MWh,
random_feasible_move,fractional_duration|no_change|random_feasible_move|random_fixed_seed,balanced,3,Q2C041121,Q2C041121,41121,2.21666666666664,390.0,no_change,False,True,True,True,0.9871825404761906,0.0,0.0,0.0,0.0,0.0,0.0,1.1368683772161603e-13,8.526512829121202e-14,4.547473508864641e-13,4.547473508864641e-13,4.547473508864641e-13,facility_average_power_mw,
random_feasible_move,feasible_but_rejected|fractional_duration|random_feasible_move|random_fixed_seed|region_migration,balanced,3,Q2C059060,Q2C059060,9146,4.166666666666629,877.0,feasible,False,True,True,True,0.9116962962962963,0.0,0.0,0.0,3.1042191039887257e-10,1.0357600194188521e-14,0.0,1.1368683772161603e-13,8.526512829121202e-14,4.547473508864641e-13,3.1042191039887257e-10,2.8654330198876366e-10,renewable_used_MWh,
random_feasible_move,feasible_but_rejected|fractional_cross_two_hours|fractional_duration|high_gpu_demand_task|high_power_task|random_feasible_move|random_fixed_seed|region_migration,balanced,3,Q2C062704,Q2C062704,12821,1.849999999999909,1359.0,feasible,False,True,True,True,0.6659611119047619,0.0,0.0,0.0,3.142304194625467e-10,8.16621076316082e-15,0.0,1.1368683772161603e-13,8.526512829121202e-14,4.547473508864641e-13,3.142304194625467e-10,1.3822776755134742e-10,renewable_used_MWh,
random_feasible_move,feasible_but_rejected|hour_boundary|integer_duration|random_feasible_move|random_fixed_seed|region_migration,balanced,3,Q2C066763,Q2C066763,16927,2.0,1864.0,feasible,False,True,True,True,0.41743749999999996,0.0,0.0,0.0,3.651052793429699e-10,2.748479612305066e-15,0.0,1.1368683772161603e-13,8.526512829121202e-14,4.547473508864641e-13,3.651052793429699e-10,3.651052793429699e-10,renewable_used_MWh,
random_feasible_move,capacity_rejected|fractional_duration|random_feasible_move|random_fixed_seed|region_migration,balanced,3,Q2C082663,Q2C082663,32986,4.683333333333394,1296.0,it_capacity,False,False,True,True,1.020555554761905,0.0,,,,,0.0,1.1368683772161603e-13,8.526512829121202e-14,4.547473508864641e-13,4.547473508864641e-13,2.0230629865643057e-16,facility_average_power_mw,
random_feasible_move,feasible_but_rejected|fractional_duration|random_feasible_move|random_fixed_seed|region_migration,balanced,3,Q2C086808,Q2C086808,37175,3.316666666666663,98.0,feasible,False,True,True,True,0.897451851851852,0.0,6.033951649442315e-08,0.0,3.900595402228646e-10,2.4339037729692592e-14,0.0,1.1368683772161603e-13,8.526512829121202e-14,4.547473508864641e-13,6.033951649442315e-08,9.411535336039757e-10,cost_CNY,
random_feasible_move,capacity_rejected|fractional_duration|random_feasible_move|random_fixed_seed|region_migration,balanced,3,Q2C100179,Q2C100179,690,3.1999999999999886,177.0,it_capacity,False,False,True,True,1.0011818938271604,0.0,,,,,0.0,1.1368683772161603e-13,8.526512829121202e-14,4.547473508864641e-13,4.547473508864641e-13,4.547473508864641e-13,facility_average_power_mw,
fractional_duration,fractional_duration|high_gpu_demand_task|high_power_task|no_change|random_fixed_seed,balanced,4,Q2C000001,Q2C000001,1,4.666666666666686,456.0,no_change,False,True,True,True,0.6164560180555556,0.0,0.0,0.0,0.0,0.0,0.0,1.1368683772161603e-13,8.526512829121202e-14,4.547473508864641e-13,4.547473508864641e-13,4.547473508864641e-13,facility_average_power_mw,
feasible_but_rejected,feasible_but_rejected|fractional_duration|random_fixed_seed|region_migration|return_to_baseline,balanced,4,Q2C000002,Q2C000002,2,3.2999999999999545,1126.0,feasible,False,True,True,True,0.9988197530864197,0.0,0.0,0.0,6.875779945403337e-10,1.3563240428785678e-14,0.0,1.1368683772161603e-13,8.526512829121202e-14,4.547473508864641e-13,6.875779945403337e-10,6.875779945403337e-10,renewable_used_MWh,
capacity_rejected,capacity_rejected|fractional_duration|random_fixed_seed|region_migration|return_to_baseline,balanced,4,Q2C000059,Q2C000059,59,4.2000000000000455,566.0,gpu_capacity,False,False,True,True,1.007936507936508,0.0,,,,,0.0,1.1368683772161603e-13,8.526512829121202e-14,4.547473508864641e-13,4.547473508864641e-13,4.547473508864641e-13,facility_average_power_mw,
accepted,accepted|fractional_cross_two_hours|fractional_duration|random_fixed_seed|region_migration|return_to_baseline,balanced,4,Q2C002298,Q2C002298,2298,1.783333333333303,1922.0,accepted,True,True,True,True,0.7971358018518518,0.0,2.790329745039344e-09,0.0,6.762093107681721e-10,2.0452660832309677e-14,0.0,1.1368683772161603e-13,8.526512829121202e-14,4.547473508864641e-13,2.790329745039344e-09,2.3353409164124087e-11,cost_CNY,
random_feasible_move,capacity_rejected|duration_lt_1h|fractional_duration|random_feasible_move|random_fixed_seed|region_migration|return_to_baseline,balanced,4,Q2C017038,Q2C017038,17038,0.8666666666665606,1700.0,gpu_capacity,False,False,True,True,1.0034188034188034,0.0,,,,,0.0,1.1368683772161603e-13,8.526512829121202e-14,4.547473508864641e-13,4.547473508864641e-13,4.547473508864641e-13,facility_average_power_mw,
random_feasible_move,duration_lt_1h|feasible_but_rejected|fractional_duration|high_gpu_demand_task|high_power_task|random_feasible_move|random_fixed_seed|region_migration|return_to_baseline,balanced,4,Q2C020410,Q2C020410,20410,0.533333333333303,2120.0,feasible,False,True,True,True,0.8207714285714286,0.0,0.0,0.0,7.901235221652314e-11,4.538470294024322e-16,0.0,1.1368683772161603e-13,8.526512829121202e-14,4.547473508864641e-13,7.901235221652314e-11,7.901235221652314e-11,renewable_used_MWh,
random_feasible_move,duration_lt_1h|fractional_duration|no_change|random_feasible_move|random_fixed_seed,balanced,4,Q2C022667,Q2C022667,22667,0.8166666666666629,93.0,no_change,False,True,True,True,0.3871032402777778,0.0,0.0,0.0,0.0,0.0,0.0,1.1368683772161603e-13,8.526512829121202e-14,4.547473508864641e-13,4.547473508864641e-13,4.547473508864641e-13,facility_average_power_mw,
random_feasible_move,fractional_duration|no_change|random_feasible_move|random_fixed_seed,balanced,4,Q2C027924,Q2C027924,27924,4.46666666666664,462.0,no_change,False,True,True,True,0.9982015880952382,0.0,0.0,0.0,0.0,0.0,0.0,1.1368683772161603e-13,8.526512829121202e-14,4.547473508864641e-13,4.547473508864641e-13,4.547473508864641e-13,facility_average_power_mw,
random_feasible_move,capacity_rejected|fractional_cross_two_hours|fractional_duration|high_gpu_demand_task|high_power_task|random_feasible_move|random_fixed_seed|region_migration,balanced,4,Q2C055073,Q2C055073,5119,1.8666666666665606,2404.0,it_capacity,False,False,True,True,1.0400813,0.0,,,,,0.0,1.1368683772161603e-13,8.526512829121202e-14,4.547473508864641e-13,4.547473508864641e-13,5.111074792942658e-17,facility_average_power_mw,
random_feasible_move,duration_lt_1h|feasible_but_rejected|fractional_duration|random_feasible_move|random_fixed_seed|region_migration,balanced,4,Q2C065479,Q2C065479,15629,0.25,361.0,feasible,False,True,True,True,0.9573008121951221,0.0,0.0,0.0,4.0381564758718014e-10,1.4112694608043545e-14,0.0,1.1368683772161603e-13,8.526512829121202e-14,4.547473508864641e-13,4.0381564758718014e-10,4.0381564758718014e-10,renewable_used_MWh,
random_feasible_move,fractional_duration|no_change|random_feasible_move|random_fixed_seed,balanced,4,Q2C069599,Q2C069599,19789,4.400000000000091,1474.0,no_change,False,True,True,True,0.7701864203703703,0.0,0.0,0.0,0.0,0.0,0.0,1.1368683772161603e-13,8.526512829121202e-14,4.547473508864641e-13,4.547473508864641e-13,4.547473508864641e-13,facility_average_power_mw,
random_feasible_move,duration_lt_1h|feasible_but_rejected|fractional_duration|random_feasible_move|random_fixed_seed,balanced,4,Q2C079345,Q2C079345,29634,0.599999999999909,1100.0,feasible,False,True,True,True,0.4019226196428572,0.0,0.0,0.0,5.684341886080802e-14,3.635870291364245e-15,0.0,1.1368683772161603e-13,8.526512829121202e-14,4.547473508864641e-13,4.547473508864641e-13,4.547473508864641e-13,facility_average_power_mw,
random_feasible_move,capacity_rejected|fractional_cross_two_hours|fractional_duration|high_gpu_demand_task|high_power_task|random_feasible_move|random_fixed_seed|region_migration,balanced,4,Q2C100395,Q2C100395,911,1.5166666666666515,2162.0,it_capacity,False,False,True,True,1.0486222222222223,0.0,,,,,0.0,1.1368683772161603e-13,8.526512829121202e-14,4.547473508864641e-13,4.547473508864641e-13,4.547473508864641e-13,facility_average_power_mw,
random_feasible_move,capacity_rejected|fractional_duration|random_feasible_move|random_fixed_seed|region_migration,balanced,4,Q2C101436,Q2C101436,1992,6.283333333333331,219.0,it_capacity,False,False,True,True,1.000353969047619,0.0,,,,,0.0,1.1368683772161603e-13,8.526512829121202e-14,4.547473508864641e-13,4.547473508864641e-13,4.547473508864641e-13,facility_average_power_mw,
fractional_duration,fractional_duration|high_gpu_demand_task|high_power_task|no_change|random_fixed_seed,balanced,5,Q2C000001,Q2C000001,1,4.666666666666686,456.0,no_change,False,True,True,True,0.6164560180555556,0.0,0.0,0.0,0.0,0.0,0.0,1.1368683772161603e-13,8.526512829121202e-14,4.547473508864641e-13,4.547473508864641e-13,4.547473508864641e-13,facility_average_power_mw,
feasible_but_rejected,feasible_but_rejected|fractional_duration|random_fixed_seed|region_migration|return_to_baseline,balanced,5,Q2C000002,Q2C000002,2,3.2999999999999545,1126.0,feasible,False,True,True,True,0.9988197530864197,0.0,0.0,0.0,2.4374458007514477e-10,1.485846900161833e-14,0.0,1.1368683772161603e-13,8.526512829121202e-14,4.547473508864641e-13,2.4374458007514477e-10,2.4374458007514477e-10,renewable_used_MWh,
capacity_rejected,capacity_rejected|fractional_duration|random_fixed_seed|region_migration|return_to_baseline,balanced,5,Q2C000059,Q2C000059,59,4.2000000000000455,566.0,gpu_capacity,False,False,True,True,1.007936507936508,0.0,,,,,0.0,1.1368683772161603e-13,8.526512829121202e-14,4.547473508864641e-13,4.547473508864641e-13,4.547473508864641e-13,facility_average_power_mw,
accepted,accepted|cross_2399_2400|fractional_duration|random_fixed_seed|return_to_baseline,balanced,5,Q2C014578,Q2C014578,14578,6.25,2396.0,accepted,True,True,True,True,0.9843464285714284,0.0,1.5244950191117823e-08,0.0,5.588276508206036e-10,1.226276025168005e-14,0.0,1.1368683772161603e-13,8.526512829121202e-14,4.547473508864641e-13,1.5244950191117823e-08,1.3981337848583002e-11,cost_CNY,
random_feasible_move,feasible_but_rejected|fractional_cross_two_hours|fractional_duration|random_feasible_move|random_fixed_seed|region_migration|return_to_baseline,balanced,5,Q2C019526,Q2C019526,19526,1.9333333333332803,1011.0,feasible,False,True,True,True,0.9955873023809525,0.0,5.7225406635552645e-08,0.0,7.873950380599126e-10,2.5434407184554697e-14,0.0,1.1368683772161603e-13,8.526512829121202e-14,4.547473508864641e-13,5.7225406635552645e-08,1.3726287336922943e-10,cost_CNY,
random_feasible_move,fractional_duration|no_change|random_feasible_move|random_fixed_seed,balanced,5,Q2C019937,Q2C019937,19937,4.099999999999909,1647.0,no_change,False,True,True,True,0.8308946493827161,0.0,0.0,0.0,0.0,0.0,0.0,1.1368683772161603e-13,8.526512829121202e-14,4.547473508864641e-13,4.547473508864641e-13,4.547473508864641e-13,facility_average_power_mw,
random_feasible_move,fractional_duration|no_change|random_feasible_move|random_fixed_seed,balanced,5,Q2C038017,Q2C038017,38017,3.4833333333333485,1677.0,no_change,False,True,True,True,0.9326502049382717,0.0,0.0,0.0,0.0,0.0,0.0,1.1368683772161603e-13,8.526512829121202e-14,4.547473508864641e-13,4.547473508864641e-13,4.547473508864641e-13,facility_average_power_mw,
random_feasible_move,feasible_but_rejected|fractional_duration|random_feasible_move|random_fixed_seed|region_migration,balanced,5,Q2C080381,Q2C080381,30681,2.9500000000000455,960.0,feasible,False,True,True,True,0.9946831283950617,0.0,2.478554961271584e-08,0.0,5.20230969414115e-10,5.904565031356057e-16,0.0,1.1368683772161603e-13,8.526512829121202e-14,4.547473508864641e-13,2.478554961271584e-08,1.4255203714578478e-11,cost_CNY,
random_feasible_move,feasible_but_rejected|fractional_duration|random_feasible_move|random_fixed_seed|region_migration,balanced,5,Q2C087696,Q2C087696,38072,3.699999999999818,2120.0,feasible,False,True,True,True,0.9941333333333334,0.0,0.0,0.0,0.0,2.3678162295454053e-15,0.0,1.1368683772161603e-13,8.526512829121202e-14,4.547473508864641e-13,4.547473508864641e-13,4.547473508864641e-13,facility_average_power_mw,
random_feasible_move,capacity_rejected|fractional_duration|random_feasible_move|random_fixed_seed|region_migration,balanced,5,Q2C091641,Q2C091641,42054,5.366666666666674,428.0,it_capacity,False,False,True,True,1.0008526740740742,0.0,,,,,0.0,1.1368683772161603e-13,8.526512829121202e-14,4.547473508864641e-13,4.547473508864641e-13,4.547473508864641e-13,facility_average_power_mw,
random_feasible_move,feasible_but_rejected|fractional_duration|random_feasible_move|random_fixed_seed|region_migration,balanced,5,Q2C092018,Q2C092018,42435,2.8999999999999773,842.0,feasible,False,True,True,True,0.9984593487804879,0.0,0.0,0.0,0.0,5.430501019568559e-15,0.0,1.1368683772161603e-13,8.526512829121202e-14,4.547473508864641e-13,4.547473508864641e-13,4.547473508864641e-13,facility_average_power_mw,
random_feasible_move,capacity_rejected|fractional_duration|random_feasible_move|random_fixed_seed|region_migration,balanced,5,Q2C103689,Q2C103689,4325,2.066666666666663,2403.0,gpu_capacity,False,False,True,True,1.0081521739130435,0.0,,,,,0.0,1.1368683772161603e-13,8.526512829121202e-14,4.547473508864641e-13,4.547473508864641e-13,9.54597005290691e-16,facility_average_power_mw,
random_feasible_move,duration_lt_1h|feasible_but_rejected|fractional_duration|random_feasible_move|random_fixed_seed|region_migration,balanced,5,Q2C111538,Q2C111538,12425,0.35000000000002274,689.0,feasible,False,True,True,True,0.9596790123456789,0.0,0.0,0.0,1.311377673118841e-10,1.4348523827152192e-14,0.0,1.1368683772161603e-13,8.526512829121202e-14,4.547473508864641e-13,1.311377673118841e-10,1.311377673118841e-10,renewable_used_MWh,
random_feasible_move,fractional_duration|no_change|random_feasible_move|random_fixed_seed,balanced,5,Q2C114029,Q2C114029,14999,5.150000000000091,2229.0,no_change,False,True,True,True,0.9686539690476191,0.0,0.0,0.0,0.0,0.0,0.0,1.1368683772161603e-13,8.526512829121202e-14,4.547473508864641e-13,4.547473508864641e-13,4.547473508864641e-13,facility_average_power_mw,
fractional_duration,fractional_duration|high_gpu_demand_task|high_power_task|no_change|random_fixed_seed,balanced,6,Q2C000001,Q2C000001,1,4.666666666666686,456.0,no_change,False,True,True,True,0.6164560180555556,0.0,0.0,0.0,0.0,0.0,0.0,1.1368683772161603e-13,8.526512829121202e-14,4.547473508864641e-13,4.547473508864641e-13,4.547473508864641e-13,facility_average_power_mw,
feasible_but_rejected,feasible_but_rejected|fractional_duration|random_fixed_seed|region_migration|return_to_baseline,balanced,6,Q2C000002,Q2C000002,2,3.2999999999999545,1126.0,feasible,False,True,True,True,0.9988197530864197,0.0,0.0,0.0,2.4374458007514477e-10,1.485846900161833e-14,0.0,1.1368683772161603e-13,8.526512829121202e-14,4.547473508864641e-13,2.4374458007514477e-10,2.4374458007514477e-10,renewable_used_MWh,
capacity_rejected,capacity_rejected|fractional_duration|random_fixed_seed|region_migration|return_to_baseline,balanced,6,Q2C000059,Q2C000059,59,4.2000000000000455,566.0,gpu_capacity,False,False,True,True,1.007936507936508,0.0,,,,,0.0,1.1368683772161603e-13,8.526512829121202e-14,4.547473508864641e-13,4.547473508864641e-13,4.547473508864641e-13,facility_average_power_mw,
random_feasible_move,fractional_duration|no_change|random_feasible_move|random_fixed_seed,balanced,6,Q2C006590,Q2C006590,6590,3.1333333333334394,1434.0,no_change,False,True,True,True,0.9055555555555556,0.0,0.0,0.0,0.0,0.0,0.0,1.1368683772161603e-13,8.526512829121202e-14,4.547473508864641e-13,4.547473508864641e-13,4.547473508864641e-13,facility_average_power_mw,
random_feasible_move,duration_lt_1h|fractional_duration|no_change|random_feasible_move|random_fixed_seed,balanced,6,Q2C007480,Q2C007480,7480,0.783333333333303,1053.0,no_change,False,True,True,True,0.9981481481481481,0.0,0.0,0.0,0.0,0.0,0.0,1.1368683772161603e-13,8.526512829121202e-14,4.547473508864641e-13,4.547473508864641e-13,4.547473508864641e-13,facility_average_power_mw,
random_feasible_move,fractional_duration|no_change|random_feasible_move|random_fixed_seed,balanced,6,Q2C022933,Q2C022933,22933,5.833333333333485,2195.0,no_change,False,True,True,True,0.671875,0.0,0.0,0.0,0.0,0.0,0.0,1.1368683772161603e-13,8.526512829121202e-14,4.547473508864641e-13,4.547473508864641e-13,4.547473508864641e-13,facility_average_power_mw,
accepted,accepted|fractional_duration|random_fixed_seed|region_migration|return_to_baseline,balanced,6,Q2C027553,Q2C027553,27553,2.316666666666606,1966.0,accepted,True,True,True,True,0.9838464285714285,0.0,1.382431946694851e-08,0.0,2.4851942725945264e-10,8.944234242136417e-15,0.0,1.1368683772161603e-13,8.526512829121202e-14,4.547473508864641e-13,1.382431946694851e-08,1.8555922929597072e-11,cost_CNY,
random_feasible_move,fractional_duration|no_change|random_feasible_move|random_fixed_seed,balanced,6,Q2C038231,Q2C038231,38231,5.783333333333303,2285.0,no_change,False,True,True,True,0.9998864197530865,0.0,0.0,0.0,0.0,0.0,0.0,1.1368683772161603e-13,8.526512829121202e-14,4.547473508864641e-13,4.547473508864641e-13,4.547473508864641e-13,facility_average_power_mw,
random_feasible_move,capacity_rejected|fractional_cross_two_hours|fractional_duration|random_feasible_move|random_fixed_seed|region_migration,balanced,6,Q2C051868,Q2C051868,1889,1.033333333333303,2404.0,gpu_capacity,False,False,True,True,1.0859213250517599,0.0,,,,,0.0,1.1368683772161603e-13,8.526512829121202e-14,4.547473508864641e-13,4.547473508864641e-13,1.3680943292948233e-16,facility_average_power_mw,
random_feasible_move,fractional_duration|no_change|random_feasible_move|random_fixed_seed,balanced,6,Q2C078405,Q2C078405,28685,3.5166666666666515,442.0,no_change,False,True,True,True,0.635361905357143,0.0,0.0,0.0,0.0,0.0,0.0,1.1368683772161603e-13,8.526512829121202e-14,4.547473508864641e-13,4.547473508864641e-13,4.547473508864641e-13,facility_average_power_mw,
random_feasible_move,feasible_but_rejected|fractional_duration|random_feasible_move|random_fixed_seed|region_migration,balanced,6,Q2C083225,Q2C083225,33553,6.0833333333332575,1828.0,feasible,False,True,True,True,0.9984825404761904,0.0,0.0,0.0,0.0,1.2890038971098694e-14,0.0,1.1368683772161603e-13,8.526512829121202e-14,4.547473508864641e-13,4.547473508864641e-13,4.547473508864641e-13,facility_average_power_mw,
random_feasible_move,feasible_but_rejected|fractional_duration|random_feasible_move|random_fixed_seed|region_migration,balanced,6,Q2C084355,Q2C084355,34697,3.349999999999909,1581.0,feasible,False,True,True,True,0.987037037037037,0.0,0.0,0.0,1.3517365005100146e-10,5.388105326492587e-15,0.0,1.1368683772161603e-13,8.526512829121202e-14,4.547473508864641e-13,1.3517365005100146e-10,1.3517365005100146e-10,renewable_used_MWh,
random_feasible_move,fractional_duration|no_change|random_feasible_move|random_fixed_seed,balanced,6,Q2C088693,Q2C088693,39080,5.7333333333333485,1738.0,no_change,False,True,True,True,0.7703804347826086,0.0,0.0,0.0,0.0,0.0,0.0,1.1368683772161603e-13,8.526512829121202e-14,4.547473508864641e-13,4.547473508864641e-13,4.547473508864641e-13,facility_average_power_mw,
random_feasible_move,feasible_but_rejected|fractional_cross_two_hours|fractional_duration|high_gpu_demand_task|high_power_task|random_feasible_move|random_fixed_seed|region_migration,balanced,6,Q2C091300,Q2C091300,41713,1.166666666666515,2087.0,feasible,False,True,True,True,0.533375,0.0,1.2150849215686321e-09,0.0,8.118377081700601e-10,6.686057957283609e-15,0.0,1.1368683772161603e-13,8.526512829121202e-14,4.547473508864641e-13,1.2150849215686321e-09,1.7118448305884568e-13,cost_CNY,
duration_lt_1h,duration_lt_1h|feasible_but_rejected|fractional_duration|random_fixed_seed,baseline_edge_audit,0,Q2C050025,Q2C050025,25,0.9833333333333485,323.0,feasible,False,True,True,True,0.7204259259259259,0.0,0.0,0.0,1.1368683772161603e-13,9.284158728264935e-17,0.0,0.0,0.0,0.0,1.1368683772161603e-13,1.1368683772161603e-13,renewable_used_MWh,
fractional_cross_two_hours,feasible_but_rejected|fractional_cross_two_hours|fractional_duration|random_fixed_seed|region_migration,baseline_edge_audit,0,Q2C050004,Q2C050004,4,1.6166666666666742,419.0,feasible,False,True,True,True,0.9733604938271605,0.0,0.0,0.0,7.74264208303066e-10,3.8559142044678613e-16,0.0,3.552713678800501e-15,3.552713678800501e-15,5.684341886080802e-14,7.74264208303066e-10,7.74264208303066e-10,renewable_used_MWh,
integer_duration,feasible_but_rejected|hour_boundary|integer_duration|random_fixed_seed|region_migration,baseline_edge_audit,0,Q2C050014,Q2C050014,14,1.0,1140.0,feasible,False,True,True,True,0.9575056902439025,0.0,0.0,0.0,5.684341886080802e-14,1.5254724566871047e-16,0.0,0.0,0.0,1.1368683772161603e-13,1.1368683772161603e-13,1.1368683772161603e-13,facility_average_power_mw,
hour_boundary,feasible_but_rejected|hour_boundary|integer_duration|random_fixed_seed|region_migration,baseline_edge_audit,0,Q2C050056,Q2C050056,56,4.0,2395.0,feasible,False,True,True,True,0.9614624505928854,0.0,4.667526809498668e-08,0.0,2.532374310248997e-10,1.7867651802561113e-16,0.0,2.842170943040401e-14,1.4210854715202004e-14,5.684341886080802e-14,4.667526809498668e-08,1.071372748016899e-09,cost_CNY,
cross_2399_2400,cross_2399_2400|feasible_but_rejected|fractional_duration|random_fixed_seed|region_migration,baseline_edge_audit,0,Q2C050155,Q2C050155,157,6.316666666666663,2399.0,feasible,False,True,True,True,0.9234962962962963,0.0,0.0,0.0,7.324274520215113e-10,7.216449660063518e-15,0.0,7.105427357601002e-15,7.105427357601002e-15,1.1368683772161603e-13,7.324274520215113e-10,7.324274520215113e-10,renewable_used_MWh,
random_feasible_move,feasible_but_rejected|fractional_duration|random_feasible_move|random_fixed_seed|region_migration,baseline_edge_audit,0,Q2C074326,Q2C074326,24561,4.366666666666674,633.0,feasible,False,True,True,True,0.9674761904761906,0.0,0.0,0.0,0.0,6.996898720135203e-16,0.0,7.105427357601002e-15,7.105427357601002e-15,1.1368683772161603e-13,1.1368683772161603e-13,1.1368683772161603e-13,facility_average_power_mw,
random_feasible_move,feasible_but_rejected|fractional_duration|random_feasible_move|random_fixed_seed|region_migration,baseline_edge_audit,0,Q2C050444,Q2C050444,450,4.916666666666686,1403.0,feasible,False,True,True,True,0.7822916660714285,0.0,1.871376298367977e-08,0.0,8.298002285300754e-10,5.218048215738236e-15,0.0,2.842170943040401e-14,1.4210854715202004e-14,5.684341886080802e-14,1.871376298367977e-08,1.8715250222195662e-12,cost_CNY,
random_feasible_move,feasible_but_rejected|fractional_duration|random_feasible_move|random_fixed_seed|region_migration,baseline_edge_audit,0,Q2C091694,Q2C091694,42108,5.616666666666561,1658.0,feasible,False,True,True,True,0.9845728395061729,0.0,0.0,0.0,7.91715137893334e-10,6.799709450014402e-16,0.0,7.105427357601002e-15,7.105427357601002e-15,1.1368683772161603e-13,7.91715137893334e-10,7.91715137893334e-10,renewable_used_MWh,
random_feasible_move,feasible_but_rejected|fractional_duration|random_feasible_move|random_fixed_seed|region_migration,baseline_edge_audit,0,Q2C093094,Q2C093094,43524,4.650000000000091,1167.0,feasible,False,True,True,True,0.7384333333333334,0.0,0.0,0.0,0.0,3.7491880531138194e-16,0.0,3.552713678800501e-15,3.552713678800501e-15,5.684341886080802e-14,5.684341886080802e-14,5.684341886080802e-14,facility_average_power_mw,
random_feasible_move,feasible_but_rejected|fractional_duration|random_feasible_move|random_fixed_seed|region_migration,baseline_edge_audit,0,Q2C062851,Q2C062851,12970,2.1666666666667425,1383.0,feasible,False,True,True,True,0.691939836585366,0.0,0.0,0.0,9.313225746154785e-10,3.7293166601712335e-17,0.0,7.105427357601002e-15,7.105427357601002e-15,5.684341886080802e-14,9.313225746154785e-10,9.313225746154785e-10,renewable_used_MWh,
random_feasible_move,feasible_but_rejected|fractional_duration|random_feasible_move|random_fixed_seed|region_migration,baseline_edge_audit,0,Q2C097965,Q2C097965,48443,3.3833333333334394,1593.0,feasible,False,True,True,True,0.9708246913580246,0.0,0.0,0.0,1.0871303857129533e-09,2.1232744295412997e-16,0.0,1.4210854715202004e-14,1.4210854715202004e-14,1.1368683772161603e-13,1.0871303857129533e-09,1.0871303857129533e-09,renewable_used_MWh,
random_feasible_move,feasible_but_rejected|fractional_duration|random_feasible_move|random_fixed_seed|region_migration,baseline_edge_audit,0,Q2C111689,Q2C111689,12581,2.716666666666697,2314.0,feasible,False,True,True,True,0.9660987654320987,0.0,0.0,0.0,5.006199899071362e-10,4.1777697837655503e-16,0.0,1.7763568394002505e-15,1.7763568394002505e-15,1.1368683772161603e-13,5.006199899071362e-10,5.006199899071362e-10,renewable_used_MWh,
random_feasible_move,feasible_but_rejected|fractional_duration|random_feasible_move|random_fixed_seed|region_migration,baseline_edge_audit,0,Q2C113202,Q2C113202,14143,4.98333333333332,150.0,feasible,False,True,True,True,0.9328765425925926,0.0,4.9622030928730965e-09,0.0,6.131131158326752e-10,5.429684479807406e-16,0.0,2.842170943040401e-14,2.842170943040401e-14,1.1368683772161603e-13,4.9622030928730965e-09,5.071517286686691e-13,cost_CNY,
random_feasible_move,feasible_but_rejected|fractional_duration|random_feasible_move|random_fixed_seed|region_migration,baseline_edge_audit,0,Q2C106560,Q2C106560,7281,5.100000000000023,339.0,feasible,False,True,True,True,0.8829761910714286,0.0,3.291643224656582e-08,0.0,6.406253305613063e-10,3.729655473350135e-17,0.0,1.4210854715202004e-14,1.4210854715202004e-14,1.1368683772161603e-13,3.291643224656582e-08,8.407306169784863e-11,cost_CNY,
random_feasible_move,feasible_but_rejected|fractional_duration|random_feasible_move|random_fixed_seed|region_migration,baseline_edge_audit,0,Q2C102590,Q2C102590,3190,2.5166666666666515,1105.0,feasible,False,True,True,True,0.9838905358024691,0.0,0.0,0.0,6.344862413243391e-10,6.709856194969666e-17,0.0,7.105427357601002e-15,7.105427357601002e-15,1.1368683772161603e-13,6.344862413243391e-10,6.344862413243391e-10,renewable_used_MWh,
random_feasible_move,duration_lt_1h|feasible_but_rejected|fractional_duration|random_feasible_move|random_fixed_seed|region_migration,baseline_edge_audit,0,Q2C088885,Q2C088885,39272,0.816666666666606,1337.0,feasible,False,True,True,True,0.9638823037037036,0.0,0.0,0.0,9.422365110367537e-10,6.451002926288751e-16,0.0,0.0,0.0,5.684341886080802e-14,9.422365110367537e-10,9.422365110367537e-10,renewable_used_MWh,
random_feasible_move,duration_lt_1h|feasible_but_rejected|fractional_duration|random_feasible_move|random_fixed_seed|region_migration,baseline_edge_audit,0,Q2C099250,Q2C099250,49738,0.8333333333334849,2405.0,feasible,False,True,True,True,0.9256422756097562,0.0,0.0,0.0,1.1920633369300049e-09,1.8214596497756474e-16,0.0,0.0,0.0,0.0,1.1920633369300049e-09,1.1920633369300049e-09,renewable_used_MWh,
random_feasible_move,feasible_but_rejected|fractional_duration|random_feasible_move|random_fixed_seed|region_migration,baseline_edge_audit,0,Q2C076952,Q2C076952,27220,2.8666666666666742,644.0,feasible,False,True,True,True,0.7301388880952382,0.0,1.684384187683463e-08,0.0,5.707079253625125e-11,3.625572064791527e-16,0.0,3.552713678800501e-15,3.552713678800501e-15,5.684341886080802e-14,1.684384187683463e-08,1.6348509946579174e-12,cost_CNY,
random_feasible_move,feasible_but_rejected|fractional_duration|high_gpu_demand_task|high_power_task|random_feasible_move|random_fixed_seed|region_migration,baseline_edge_audit,0,Q2C055818,Q2C055818,5872,3.7000000000000455,1547.0,feasible,False,True,True,True,0.9669032512195123,0.0,0.0,0.0,1.4654233382316306e-10,3.920475055707584e-16,0.0,2.842170943040401e-14,1.4210854715202004e-14,1.1368683772161603e-13,1.4654233382316306e-10,3.5012408209896516e-11,renewable_used_MWh,
random_feasible_move,feasible_but_rejected|fractional_duration|random_feasible_move|random_fixed_seed|region_migration,baseline_edge_audit,0,Q2C086962,Q2C086962,37330,3.083333333333343,207.0,feasible,False,True,True,True,0.9811706357142858,0.0,0.0,0.0,2.482352101651486e-10,3.3350058825654116e-16,0.0,0.0,1.7763568394002505e-15,5.684341886080802e-14,2.482352101651486e-10,2.482352101651486e-10,renewable_used_MWh,
random_feasible_move,feasible_but_rejected|fractional_duration|random_feasible_move|random_fixed_seed|region_migration,baseline_edge_audit,0,Q2C106114,Q2C106114,6817,3.8166666666667197,862.0,feasible,False,True,True,True,0.9664214285714287,0.0,0.0,0.0,0.0,1.3950802047867777e-16,0.0,1.7763568394002505e-15,0.0,5.684341886080802e-14,5.684341886080802e-14,5.684341886080802e-14,facility_average_power_mw,
grid_rejected,fractional_duration|grid_boundary_highest_pressure|grid_rejected|high_gpu_demand_task|high_power_task|random_fixed_seed,negative_control,0,Q2C050360,Q2C050360,365,5.48333333333332,2400.0,grid_import,False,True,False,True,0.9140185185185187,52933866666669.13,,,,,0.0,1.4210854715202004e-14,1.4210854715202004e-14,5.684341886080802e-14,5.684341886080802e-14,1.685457223891054e-17,facility_average_power_mw,tightened_import_limit_negative_control
