Hour,RegionA,RegionB,RegionC,RegionD,RegionE,RegionF
0,195.66812958150004,219.7452445815,202.03458642780012,496.03824800000007,456.27085,440.251814
1,244.44337458150005,276.04093499999993,249.76776642780024,611.2006560000001,541.4654003916668,557.79308
2,337.44337458150005,320.0,300.0,727.5651355989335,679.2694003916667,690.568738
3,350.0,320.0,300.0,900.0,820.0,850.0
4,350.0,320.0,300.0,900.0,820.0,850.0
5,350.0,320.0,300.0,900.0,820.0,850.0
6,350.0,320.0,300.0,900.0,820.0,850.0
7,350.0,320.0,300.0,900.0,820.0,850.0
8,350.0,320.0,300.0,900.0,820.0,850.0
9,350.0,320.0,300.0,900.0,820.0,850.0
10,350.0,320.0,300.0,900.0,820.0,850.0
11,350.0,320.0,300.0,900.0,820.0,850.0
12,350.0,320.0,300.0,900.0,820.0,850.0
13,350.0,320.0,300.0,900.0,820.0,850.0
14,350.0,320.0,300.0,900.0,820.0,850.0
15,350.0,320.0,300.0,900.0,820.0,850.0
16,350.0,320.0,300.0,900.0,820.0,850.0
17,350.0,320.0,300.0,900.0,820.0,850.0
18,350.0,320.0,300.0,900.0,820.0,850.0
19,350.0,320.0,300.0,900.0,820.0,850.0
20,350.0,320.0,300.0,900.0,820.0,850.0
21,350.0,320.0,300.0,900.0,820.0,850.0
22,350.0,320.0,300.0,900.0,820.0,850.0
23,350.0,320.0,300.0,900.0,820.0,850.0
24,350.0,320.0,300.0,900.0,820.0,850.0
25,350.0,320.0,300.0,900.0,820.0,850.0
26,350.0,320.0,300.0,900.0,820.0,850.0
27,350.0,320.0,300.0,900.0,820.0,850.0
28,350.0,320.0,300.0,900.0,820.0,850.0
29,350.0,320.0,300.0,900.0,820.0,850.0
30,350.0,320.0,300.0,900.0,820.0,850.0
31,350.0,320.0,300.0,900.0,820.0,850.0
32,350.0,320.0,300.0,900.0,820.0,850.0
33,350.0,320.0,300.0,900.0,820.0,850.0
34,350.0,320.0,300.0,900.0,820.0,850.0
35,350.0,320.0,300.0,900.0,820.0,850.0
36,350.0,320.0,300.0,900.0,820.0,850.0
37,350.0,320.0,300.0,900.0,820.0,850.0
38,350.0,320.0,300.0,900.0,820.0,850.0
39,350.0,320.0,300.0,900.0,820.0,850.0
40,350.0,320.0,300.0,900.0,820.0,850.0
41,350.0,320.0,300.0,900.0,820.0,850.0
42,350.0,320.0,300.0,900.0,820.0,850.0
43,350.0,320.0,300.0,900.0,820.0,850.0
44,350.0,320.0,300.0,900.0,820.0,850.0
45,350.0,320.0,300.0,900.0,820.0,850.0
46,350.0,320.0,300.0,900.0,820.0,850.0
47,350.0,320.0,300.0,900.0,820.0,850.0
48,350.0,320.0,300.0,900.0,820.0,850.0
49,350.0,320.0,300.0,900.0,820.0,850.0
50,350.0,320.0,300.0,900.0,820.0,850.0
51,350.0,320.0,300.0,900.0,820.0,850.0
52,350.0,320.0,300.0,900.0,820.0,850.0
53,350.0,320.0,300.0,900.0,820.0,850.0
54,350.0,320.0,300.0,900.0,820.0,850.0
55,350.0,320.0,300.0,900.0,820.0,850.0
56,350.0,320.0,300.0,900.0,820.0,850.0
57,350.0,320.0,300.0,900.0,820.0,850.0
58,350.0,320.0,300.0,900.0,820.0,850.0
59,350.0,320.0,300.0,900.0,820.0,850.0
60,350.0,320.0,300.0,900.0,820.0,850.0
61,350.0,320.0,300.0,900.0,820.0,850.0
62,350.0,320.0,300.0,900.0,820.0,850.0
63,350.0,320.0,300.0,900.0,820.0,850.0
64,350.0,320.0,300.0,900.0,820.0,850.0
65,350.0,320.0,300.0,900.0,820.0,850.0
66,350.0,320.0,300.0,900.0,820.0,850.0
67,350.0,320.0,300.0,900.0,820.0,850.0
68,350.0,320.0,300.0,900.0,820.0,850.0
69,350.0,320.0,300.0,900.0,820.0,850.0
70,350.0,320.0,300.0,900.0,820.0,850.0
71,350.0,320.0,300.0,900.0,820.0,850.0
72,350.0,320.0,300.0,900.0,820.0,850.0
73,350.0,320.0,300.0,900.0,820.0,850.0
74,350.0,320.0,300.0,900.0,820.0,850.0
75,350.0,320.0,300.0,900.0,820.0,850.0
76,350.0,320.0,300.0,900.0,820.0,850.0
77,350.0,320.0,300.0,900.0,820.0,850.0
78,350.0,320.0,300.0,900.0,820.0,850.0
79,350.0,320.0,300.0,900.0,820.0,850.0
80,350.0,320.0,300.0,900.0,820.0,850.0
81,350.0,320.0,300.0,900.0,820.0,850.0
82,350.0,320.0,300.0,900.0,820.0,850.0
83,350.0,320.0,300.0,900.0,820.0,850.0
84,350.0,320.0,300.0,900.0,820.0,850.0
85,350.0,320.0,300.0,900.0,820.0,850.0
86,350.0,320.0,300.0,900.0,820.0,850.0
87,350.0,320.0,300.0,900.0,820.0,850.0
88,350.0,320.0,300.0,900.0,820.0,850.0
89,350.0,320.0,300.0,900.0,820.0,850.0
90,350.0,320.0,300.0,900.0,820.0,850.0
91,350.0,320.0,300.0,900.0,820.0,850.0
92,350.0,320.0,300.0,900.0,820.0,850.0
93,350.0,320.0,300.0,900.0,820.0,850.0
94,350.0,320.0,300.0,900.0,820.0,850.0
95,350.0,320.0,300.0,900.0,820.0,850.0
96,350.0,320.0,300.0,900.0,820.0,850.0
97,350.0,320.0,300.0,900.0,820.0,850.0
98,350.0,320.0,300.0,900.0,820.0,850.0
99,350.0,320.0,300.0,900.0,820.0,850.0
100,350.0,320.0,300.0,900.0,820.0,850.0
101,350.0,320.0,300.0,900.0,820.0,850.0
102,350.0,320.0,300.0,900.0,820.0,850.0
103,350.0,320.0,300.0,900.0,820.0,850.0
104,350.0,320.0,300.0,900.0,820.0,850.0
105,350.0,320.0,300.0,900.0,820.0,850.0
106,350.0,320.0,300.0,900.0,820.0,850.0
107,350.0,320.0,300.0,900.0,820.0,850.0
108,350.0,320.0,300.0,900.0,820.0,850.0
109,350.0,320.0,300.0,900.0,820.0,850.0
110,350.0,320.0,300.0,900.0,820.0,850.0
111,350.0,320.0,300.0,900.0,820.0,850.0
112,350.0,320.0,300.0,900.0,820.0,850.0
113,350.0,320.0,300.0,900.0,820.0,850.0
114,350.0,320.0,300.0,900.0,820.0,850.0
115,350.0,320.0,300.0,900.0,820.0,850.0
116,350.0,320.0,300.0,900.0,820.0,850.0
117,350.0,320.0,300.0,900.0,820.0,850.0
118,350.0,320.0,300.0,900.0,820.0,850.0
119,350.0,320.0,300.0,900.0,820.0,850.0
120,350.0,320.0,300.0,900.0,820.0,850.0
121,350.0,320.0,300.0,900.0,820.0,850.0
122,350.0,320.0,300.0,900.0,820.0,850.0
123,350.0,320.0,300.0,900.0,820.0,850.0
124,350.0,320.0,300.0,900.0,820.0,850.0
125,350.0,320.0,300.0,900.0,820.0,850.0
126,350.0,320.0,300.0,900.0,820.0,850.0
127,350.0,320.0,300.0,900.0,820.0,850.0
128,350.0,320.0,300.0,900.0,820.0,850.0
129,350.0,320.0,300.0,900.0,820.0,850.0
130,350.0,320.0,300.0,900.0,820.0,850.0
131,350.0,320.0,300.0,900.0,820.0,850.0
132,350.0,320.0,300.0,900.0,820.0,850.0
133,350.0,320.0,300.0,900.0,820.0,850.0
134,350.0,320.0,300.0,900.0,820.0,850.0
135,350.0,320.0,300.0,900.0,820.0,850.0
136,350.0,320.0,300.0,900.0,820.0,850.0
137,350.0,320.0,300.0,900.0,820.0,850.0
138,350.0,320.0,300.0,900.0,820.0,850.0
139,350.0,320.0,300.0,900.0,820.0,850.0
140,350.0,320.0,300.0,900.0,820.0,850.0
141,350.0,320.0,300.0,900.0,820.0,850.0
142,350.0,320.0,300.0,900.0,820.0,850.0
143,350.0,320.0,300.0,900.0,820.0,850.0
144,350.0,320.0,300.0,900.0,820.0,850.0
145,350.0,320.0,300.0,900.0,820.0,850.0
146,350.0,320.0,300.0,900.0,820.0,850.0
147,350.0,320.0,300.0,900.0,820.0,850.0
148,350.0,320.0,300.0,900.0,820.0,850.0
149,350.0,320.0,300.0,900.0,820.0,850.0
150,350.0,320.0,300.0,900.0,820.0,850.0
151,350.0,320.0,300.0,900.0,820.0,850.0
152,350.0,320.0,300.0,900.0,820.0,850.0
153,350.0,320.0,300.0,900.0,820.0,850.0
154,350.0,320.0,300.0,900.0,820.0,850.0
155,350.0,320.0,300.0,900.0,820.0,850.0
156,350.0,320.0,300.0,900.0,820.0,850.0
157,350.0,320.0,300.0,900.0,820.0,850.0
158,350.0,320.0,300.0,900.0,820.0,850.0
159,350.0,320.0,300.0,900.0,820.0,850.0
160,350.0,320.0,300.0,900.0,820.0,850.0
161,350.0,320.0,300.0,900.0,820.0,850.0
162,350.0,320.0,300.0,900.0,820.0,850.0
163,350.0,320.0,300.0,900.0,820.0,850.0
164,350.0,320.0,300.0,900.0,820.0,850.0
165,350.0,320.0,300.0,900.0,820.0,850.0
166,350.0,320.0,300.0,900.0,820.0,850.0
167,350.0,320.0,300.0,900.0,820.0,850.0
168,350.0,320.0,300.0,900.0,820.0,850.0
169,350.0,320.0,300.0,900.0,820.0,850.0
170,350.0,320.0,300.0,900.0,820.0,850.0
171,350.0,320.0,300.0,900.0,820.0,850.0
172,350.0,320.0,300.0,900.0,820.0,850.0
173,350.0,320.0,300.0,900.0,820.0,850.0
174,350.0,320.0,300.0,900.0,820.0,850.0
175,350.0,320.0,300.0,900.0,820.0,850.0
176,350.0,320.0,300.0,900.0,820.0,850.0
177,350.0,320.0,300.0,900.0,820.0,850.0
178,350.0,320.0,300.0,900.0,820.0,850.0
179,350.0,320.0,300.0,900.0,820.0,850.0
180,350.0,320.0,300.0,900.0,820.0,850.0
181,350.0,320.0,300.0,900.0,820.0,850.0
182,350.0,320.0,300.0,900.0,820.0,850.0
183,350.0,320.0,300.0,900.0,820.0,850.0
184,350.0,320.0,300.0,900.0,820.0,850.0
185,350.0,320.0,300.0,900.0,820.0,850.0
186,350.0,320.0,300.0,900.0,820.0,850.0
187,350.0,320.0,300.0,900.0,820.0,850.0
188,350.0,320.0,300.0,900.0,820.0,850.0
189,350.0,320.0,300.0,900.0,820.0,850.0
190,350.0,320.0,300.0,900.0,820.0,850.0
191,350.0,320.0,300.0,900.0,820.0,850.0
192,350.0,320.0,300.0,900.0,820.0,850.0
193,350.0,320.0,300.0,900.0,820.0,850.0
194,350.0,320.0,300.0,900.0,820.0,850.0
195,350.0,320.0,300.0,900.0,820.0,850.0
196,350.0,320.0,300.0,900.0,820.0,850.0
197,350.0,320.0,300.0,900.0,820.0,850.0
198,350.0,320.0,300.0,900.0,820.0,850.0
199,350.0,320.0,300.0,900.0,820.0,850.0
200,350.0,320.0,300.0,900.0,820.0,850.0
201,350.0,320.0,300.0,900.0,820.0,850.0
202,350.0,320.0,300.0,900.0,820.0,850.0
203,350.0,320.0,300.0,900.0,820.0,850.0
204,350.0,320.0,300.0,900.0,820.0,850.0
205,350.0,320.0,300.0,900.0,820.0,850.0
206,350.0,320.0,300.0,900.0,820.0,850.0
207,350.0,320.0,300.0,900.0,820.0,850.0
208,350.0,320.0,300.0,900.0,820.0,850.0
209,350.0,320.0,300.0,900.0,820.0,850.0
210,350.0,320.0,300.0,900.0,820.0,850.0
211,350.0,320.0,300.0,900.0,820.0,850.0
212,350.0,320.0,300.0,900.0,820.0,850.0
213,350.0,320.0,300.0,900.0,820.0,850.0
214,350.0,320.0,300.0,900.0,820.0,850.0
215,350.0,320.0,300.0,900.0,820.0,850.0
216,350.0,320.0,300.0,900.0,820.0,850.0
217,350.0,320.0,300.0,900.0,820.0,850.0
218,350.0,320.0,300.0,900.0,820.0,850.0
219,350.0,320.0,300.0,900.0,820.0,850.0
220,350.0,320.0,300.0,900.0,820.0,850.0
221,350.0,320.0,300.0,900.0,820.0,850.0
222,350.0,320.0,300.0,900.0,820.0,850.0
223,350.0,320.0,300.0,900.0,820.0,850.0
224,350.0,320.0,300.0,900.0,820.0,850.0
225,350.0,320.0,300.0,900.0,820.0,850.0
226,350.0,320.0,300.0,900.0,820.0,850.0
227,350.0,320.0,300.0,900.0,820.0,850.0
228,350.0,320.0,300.0,900.0,820.0,850.0
229,350.0,320.0,300.0,900.0,820.0,850.0
230,350.0,320.0,300.0,900.0,820.0,850.0
231,350.0,320.0,300.0,900.0,820.0,850.0
232,350.0,320.0,300.0,900.0,820.0,850.0
233,350.0,320.0,300.0,900.0,820.0,850.0
234,350.0,320.0,300.0,900.0,820.0,850.0
235,350.0,320.0,300.0,900.0,820.0,850.0
236,350.0,320.0,300.0,900.0,820.0,850.0
237,350.0,320.0,300.0,900.0,820.0,850.0
238,350.0,320.0,300.0,900.0,820.0,850.0
239,350.0,320.0,300.0,900.0,820.0,850.0
240,350.0,320.0,300.0,900.0,820.0,850.0
241,350.0,320.0,300.0,900.0,820.0,850.0
242,350.0,320.0,300.0,900.0,820.0,850.0
243,350.0,320.0,300.0,900.0,820.0,850.0
244,350.0,320.0,300.0,900.0,820.0,850.0
245,350.0,320.0,300.0,900.0,820.0,850.0
246,350.0,320.0,300.0,900.0,820.0,850.0
247,350.0,320.0,300.0,900.0,820.0,850.0
248,350.0,320.0,300.0,900.0,820.0,850.0
249,350.0,320.0,300.0,900.0,820.0,850.0
250,350.0,320.0,300.0,900.0,820.0,850.0
251,350.0,320.0,300.0,900.0,820.0,850.0
252,350.0,320.0,300.0,900.0,820.0,850.0
253,350.0,320.0,300.0,900.0,820.0,850.0
254,350.0,320.0,300.0,900.0,820.0,850.0
255,350.0,320.0,300.0,900.0,820.0,850.0
256,350.0,320.0,300.0,900.0,820.0,850.0
257,350.0,320.0,300.0,900.0,820.0,850.0
258,350.0,320.0,300.0,900.0,820.0,850.0
259,350.0,320.0,300.0,900.0,820.0,850.0
260,350.0,320.0,300.0,900.0,820.0,850.0
261,350.0,320.0,300.0,900.0,820.0,850.0
262,350.0,320.0,300.0,900.0,820.0,850.0
263,350.0,320.0,300.0,900.0,820.0,850.0
264,350.0,320.0,300.0,900.0,820.0,850.0
265,350.0,320.0,300.0,900.0,820.0,850.0
266,350.0,320.0,300.0,900.0,820.0,850.0
267,350.0,320.0,300.0,900.0,820.0,850.0
268,350.0,320.0,300.0,900.0,820.0,850.0
269,350.0,320.0,300.0,900.0,820.0,850.0
270,350.0,320.0,300.0,900.0,820.0,850.0
271,350.0,320.0,300.0,900.0,820.0,850.0
272,350.0,320.0,300.0,900.0,820.0,850.0
273,350.0,320.0,300.0,900.0,820.0,850.0
274,350.0,320.0,300.0,900.0,820.0,850.0
275,350.0,320.0,300.0,900.0,820.0,850.0
276,350.0,320.0,300.0,900.0,820.0,850.0
277,350.0,320.0,300.0,900.0,820.0,850.0
278,350.0,320.0,300.0,900.0,820.0,850.0
279,350.0,320.0,300.0,900.0,820.0,850.0
280,350.0,320.0,300.0,900.0,820.0,850.0
281,350.0,320.0,300.0,900.0,820.0,850.0
282,350.0,320.0,300.0,900.0,820.0,850.0
283,350.0,320.0,300.0,900.0,820.0,850.0
284,350.0,320.0,300.0,900.0,820.0,850.0
285,350.0,320.0,300.0,900.0,820.0,850.0
286,350.0,320.0,300.0,900.0,820.0,850.0
287,350.0,320.0,300.0,900.0,820.0,850.0
288,350.0,320.0,300.0,900.0,820.0,850.0
289,350.0,320.0,300.0,900.0,820.0,850.0
290,350.0,320.0,300.0,900.0,820.0,850.0
291,350.0,320.0,300.0,900.0,820.0,850.0
292,350.0,320.0,300.0,900.0,820.0,850.0
293,350.0,320.0,300.0,900.0,820.0,850.0
294,350.0,320.0,300.0,900.0,820.0,850.0
295,350.0,320.0,300.0,900.0,820.0,850.0
296,350.0,320.0,300.0,900.0,820.0,850.0
297,350.0,320.0,300.0,900.0,820.0,850.0
298,350.0,320.0,300.0,900.0,820.0,850.0
299,350.0,320.0,300.0,900.0,820.0,850.0
300,350.0,320.0,300.0,900.0,820.0,850.0
301,350.0,320.0,300.0,900.0,820.0,850.0
302,350.0,320.0,300.0,900.0,820.0,850.0
303,350.0,320.0,300.0,900.0,820.0,850.0
304,350.0,320.0,300.0,900.0,820.0,850.0
305,350.0,320.0,300.0,900.0,820.0,850.0
306,350.0,320.0,300.0,900.0,820.0,850.0
307,350.0,320.0,300.0,900.0,820.0,850.0
308,350.0,320.0,300.0,900.0,820.0,850.0
309,350.0,320.0,300.0,900.0,820.0,850.0
310,350.0,320.0,300.0,900.0,820.0,850.0
311,350.0,320.0,300.0,900.0,820.0,850.0
312,350.0,320.0,300.0,900.0,820.0,850.0
313,350.0,320.0,300.0,900.0,820.0,850.0
314,350.0,320.0,300.0,900.0,820.0,850.0
315,350.0,320.0,300.0,900.0,820.0,850.0
316,350.0,320.0,300.0,900.0,820.0,850.0
317,350.0,320.0,300.0,900.0,820.0,850.0
318,350.0,320.0,300.0,900.0,820.0,850.0
319,350.0,320.0,300.0,900.0,820.0,850.0
320,350.0,320.0,300.0,900.0,820.0,850.0
321,350.0,320.0,300.0,900.0,820.0,850.0
322,350.0,320.0,300.0,900.0,820.0,850.0
323,350.0,320.0,300.0,900.0,820.0,850.0
324,350.0,320.0,300.0,900.0,820.0,850.0
325,350.0,320.0,300.0,900.0,820.0,850.0
326,350.0,320.0,300.0,900.0,820.0,850.0
327,350.0,320.0,300.0,900.0,820.0,850.0
328,350.0,320.0,300.0,900.0,820.0,850.0
329,350.0,320.0,300.0,900.0,820.0,850.0
330,350.0,320.0,300.0,900.0,820.0,850.0
331,350.0,320.0,300.0,900.0,820.0,850.0
332,350.0,320.0,300.0,900.0,820.0,850.0
333,350.0,320.0,300.0,900.0,820.0,850.0
334,350.0,320.0,300.0,900.0,820.0,850.0
335,350.0,320.0,300.0,900.0,820.0,850.0
336,350.0,320.0,300.0,900.0,820.0,850.0
337,350.0,320.0,300.0,900.0,820.0,850.0
338,350.0,320.0,300.0,900.0,820.0,850.0
339,350.0,320.0,300.0,900.0,820.0,850.0
340,350.0,320.0,300.0,900.0,820.0,850.0
341,350.0,320.0,300.0,900.0,820.0,850.0
342,350.0,320.0,300.0,900.0,820.0,850.0
343,350.0,320.0,300.0,900.0,820.0,850.0
344,350.0,320.0,300.0,900.0,820.0,850.0
345,350.0,320.0,300.0,900.0,820.0,850.0
346,350.0,320.0,300.0,900.0,820.0,850.0
347,350.0,320.0,300.0,900.0,820.0,850.0
348,350.0,320.0,300.0,900.0,820.0,850.0
349,350.0,320.0,300.0,900.0,820.0,850.0
350,350.0,320.0,300.0,900.0,820.0,850.0
351,350.0,320.0,300.0,900.0,820.0,850.0
352,350.0,320.0,300.0,900.0,820.0,850.0
353,350.0,320.0,300.0,900.0,820.0,850.0
354,350.0,320.0,300.0,900.0,820.0,850.0
355,350.0,320.0,300.0,900.0,820.0,850.0
356,350.0,320.0,300.0,900.0,820.0,850.0
357,350.0,320.0,300.0,900.0,820.0,850.0
358,350.0,320.0,300.0,900.0,820.0,850.0
359,350.0,320.0,300.0,900.0,820.0,850.0
360,350.0,320.0,300.0,900.0,820.0,850.0
361,350.0,320.0,300.0,900.0,820.0,850.0
362,350.0,320.0,300.0,900.0,820.0,850.0
363,350.0,320.0,300.0,900.0,820.0,850.0
364,350.0,320.0,300.0,900.0,820.0,850.0
365,350.0,320.0,300.0,900.0,820.0,850.0
366,350.0,320.0,300.0,900.0,820.0,850.0
367,350.0,320.0,300.0,900.0,820.0,850.0
368,350.0,320.0,300.0,900.0,820.0,850.0
369,350.0,320.0,300.0,900.0,820.0,850.0
370,350.0,320.0,300.0,900.0,820.0,850.0
371,350.0,320.0,300.0,900.0,820.0,850.0
372,350.0,320.0,300.0,900.0,820.0,850.0
373,350.0,320.0,300.0,900.0,820.0,850.0
374,350.0,320.0,300.0,900.0,820.0,850.0
375,350.0,320.0,300.0,900.0,820.0,850.0
376,350.0,320.0,300.0,900.0,820.0,850.0
377,350.0,320.0,300.0,900.0,820.0,850.0
378,350.0,320.0,300.0,900.0,820.0,850.0
379,350.0,320.0,300.0,900.0,820.0,850.0
380,350.0,320.0,300.0,900.0,820.0,850.0
381,350.0,320.0,300.0,900.0,820.0,850.0
382,350.0,320.0,300.0,900.0,820.0,850.0
383,350.0,320.0,300.0,900.0,820.0,850.0
384,350.0,320.0,300.0,900.0,820.0,850.0
385,350.0,320.0,300.0,900.0,820.0,850.0
386,350.0,320.0,300.0,900.0,820.0,850.0
387,350.0,320.0,300.0,900.0,820.0,850.0
388,350.0,320.0,300.0,900.0,820.0,850.0
389,350.0,320.0,300.0,900.0,820.0,850.0
390,350.0,320.0,300.0,900.0,820.0,850.0
391,350.0,320.0,300.0,900.0,820.0,850.0
392,350.0,320.0,300.0,900.0,820.0,850.0
393,350.0,320.0,300.0,900.0,820.0,850.0
394,350.0,320.0,300.0,900.0,820.0,850.0
395,350.0,320.0,300.0,900.0,820.0,850.0
396,350.0,320.0,300.0,900.0,820.0,850.0
397,350.0,320.0,300.0,900.0,820.0,850.0
398,350.0,320.0,300.0,900.0,820.0,850.0
399,350.0,320.0,300.0,900.0,820.0,850.0
400,350.0,320.0,300.0,900.0,820.0,850.0
401,350.0,320.0,300.0,900.0,820.0,850.0
402,350.0,320.0,300.0,900.0,820.0,850.0
403,350.0,320.0,300.0,900.0,820.0,850.0
404,350.0,320.0,300.0,900.0,820.0,850.0
405,350.0,320.0,300.0,900.0,820.0,850.0
406,350.0,320.0,300.0,900.0,820.0,850.0
407,350.0,320.0,300.0,900.0,820.0,850.0
408,350.0,320.0,300.0,900.0,820.0,850.0
409,350.0,320.0,300.0,900.0,820.0,850.0
410,350.0,320.0,300.0,900.0,820.0,850.0
411,350.0,320.0,300.0,900.0,820.0,850.0
412,350.0,320.0,300.0,900.0,820.0,850.0
413,350.0,320.0,300.0,900.0,820.0,850.0
414,350.0,320.0,300.0,900.0,820.0,850.0
415,350.0,320.0,300.0,900.0,820.0,850.0
416,350.0,320.0,300.0,900.0,820.0,850.0
417,350.0,320.0,300.0,900.0,820.0,850.0
418,350.0,320.0,300.0,900.0,820.0,850.0
419,350.0,320.0,300.0,900.0,820.0,850.0
420,350.0,320.0,300.0,900.0,820.0,850.0
421,350.0,320.0,300.0,900.0,820.0,850.0
422,350.0,320.0,300.0,900.0,820.0,850.0
423,350.0,320.0,300.0,900.0,820.0,850.0
424,350.0,320.0,300.0,900.0,820.0,850.0
425,350.0,320.0,300.0,900.0,820.0,850.0
426,350.0,320.0,300.0,900.0,820.0,850.0
427,350.0,320.0,300.0,900.0,820.0,850.0
428,350.0,320.0,300.0,900.0,820.0,850.0
429,350.0,320.0,300.0,900.0,820.0,850.0
430,350.0,320.0,300.0,900.0,820.0,850.0
431,350.0,320.0,300.0,900.0,820.0,850.0
432,350.0,320.0,300.0,900.0,820.0,850.0
433,350.0,320.0,300.0,900.0,820.0,850.0
434,350.0,320.0,300.0,900.0,820.0,850.0
435,350.0,320.0,300.0,900.0,820.0,850.0
436,350.0,320.0,300.0,900.0,820.0,850.0
437,350.0,320.0,300.0,900.0,820.0,850.0
438,350.0,320.0,300.0,900.0,820.0,850.0
439,350.0,320.0,300.0,900.0,820.0,850.0
440,350.0,320.0,300.0,900.0,820.0,850.0
441,350.0,320.0,300.0,900.0,820.0,850.0
442,350.0,320.0,300.0,900.0,820.0,850.0
443,350.0,320.0,300.0,900.0,820.0,850.0
444,350.0,320.0,300.0,900.0,820.0,850.0
445,350.0,320.0,300.0,900.0,820.0,850.0
446,350.0,320.0,300.0,900.0,820.0,850.0
447,350.0,320.0,300.0,900.0,820.0,850.0
448,350.0,320.0,300.0,900.0,820.0,850.0
449,350.0,320.0,300.0,900.0,820.0,850.0
450,350.0,320.0,300.0,900.0,820.0,850.0
451,350.0,320.0,300.0,900.0,820.0,850.0
452,350.0,320.0,300.0,900.0,820.0,850.0
453,350.0,320.0,300.0,900.0,820.0,850.0
454,350.0,320.0,300.0,900.0,820.0,850.0
455,350.0,320.0,300.0,900.0,820.0,850.0
456,350.0,320.0,300.0,900.0,820.0,850.0
457,350.0,320.0,300.0,900.0,820.0,850.0
458,350.0,320.0,300.0,900.0,820.0,850.0
459,350.0,320.0,300.0,900.0,820.0,850.0
460,350.0,320.0,300.0,900.0,820.0,850.0
461,350.0,320.0,300.0,900.0,820.0,850.0
462,350.0,320.0,300.0,900.0,820.0,850.0
463,350.0,320.0,300.0,900.0,820.0,850.0
464,350.0,320.0,300.0,900.0,820.0,850.0
465,350.0,320.0,300.0,900.0,820.0,850.0
466,350.0,320.0,300.0,900.0,820.0,850.0
467,350.0,320.0,300.0,900.0,820.0,850.0
468,350.0,320.0,300.0,900.0,820.0,850.0
469,350.0,320.0,300.0,900.0,820.0,850.0
470,350.0,320.0,300.0,900.0,820.0,850.0
471,350.0,320.0,300.0,900.0,820.0,850.0
472,350.0,320.0,300.0,900.0,820.0,850.0
473,350.0,320.0,300.0,900.0,820.0,850.0
474,350.0,320.0,300.0,900.0,820.0,850.0
475,350.0,320.0,300.0,900.0,820.0,850.0
476,350.0,320.0,300.0,900.0,820.0,850.0
477,350.0,320.0,300.0,900.0,820.0,850.0
478,350.0,320.0,300.0,900.0,820.0,850.0
479,350.0,320.0,300.0,900.0,820.0,850.0
480,350.0,320.0,300.0,900.0,820.0,850.0
481,350.0,320.0,300.0,900.0,820.0,850.0
482,350.0,320.0,300.0,900.0,820.0,850.0
483,350.0,320.0,300.0,900.0,820.0,850.0
484,350.0,320.0,300.0,900.0,820.0,850.0
485,350.0,320.0,300.0,900.0,820.0,850.0
486,350.0,320.0,300.0,900.0,820.0,850.0
487,350.0,320.0,300.0,900.0,820.0,850.0
488,350.0,320.0,300.0,900.0,820.0,850.0
489,350.0,320.0,300.0,900.0,820.0,850.0
490,350.0,320.0,300.0,900.0,820.0,850.0
491,350.0,320.0,300.0,900.0,820.0,850.0
492,350.0,320.0,300.0,900.0,820.0,850.0
493,350.0,320.0,300.0,900.0,820.0,850.0
494,350.0,320.0,300.0,900.0,820.0,850.0
495,350.0,320.0,300.0,900.0,820.0,850.0
496,350.0,320.0,300.0,900.0,820.0,850.0
497,350.0,320.0,300.0,900.0,820.0,850.0
498,350.0,320.0,300.0,900.0,820.0,850.0
499,350.0,320.0,300.0,900.0,820.0,850.0
500,350.0,320.0,300.0,900.0,820.0,850.0
501,350.0,320.0,300.0,900.0,820.0,850.0
502,350.0,320.0,300.0,900.0,820.0,850.0
503,350.0,320.0,300.0,900.0,820.0,850.0
504,350.0,320.0,300.0,900.0,820.0,850.0
505,350.0,320.0,300.0,900.0,820.0,850.0
506,350.0,320.0,300.0,900.0,820.0,850.0
507,350.0,320.0,300.0,900.0,820.0,850.0
508,350.0,320.0,300.0,900.0,820.0,850.0
509,350.0,320.0,300.0,900.0,820.0,850.0
510,350.0,320.0,300.0,900.0,820.0,850.0
511,350.0,320.0,300.0,900.0,820.0,850.0
512,350.0,320.0,300.0,900.0,820.0,850.0
513,350.0,320.0,300.0,900.0,820.0,850.0
514,350.0,320.0,300.0,900.0,820.0,850.0
515,350.0,320.0,300.0,900.0,820.0,850.0
516,350.0,320.0,300.0,900.0,820.0,850.0
517,350.0,320.0,300.0,900.0,820.0,850.0
518,350.0,320.0,300.0,900.0,820.0,850.0
519,350.0,320.0,300.0,900.0,820.0,850.0
520,350.0,320.0,300.0,900.0,820.0,850.0
521,350.0,320.0,300.0,900.0,820.0,850.0
522,350.0,320.0,300.0,900.0,820.0,850.0
523,350.0,320.0,300.0,900.0,820.0,850.0
524,350.0,320.0,300.0,900.0,820.0,850.0
525,350.0,320.0,300.0,900.0,820.0,850.0
526,350.0,320.0,300.0,900.0,820.0,850.0
527,350.0,320.0,300.0,900.0,820.0,850.0
528,350.0,320.0,300.0,900.0,820.0,850.0
529,350.0,320.0,300.0,900.0,820.0,850.0
530,350.0,320.0,300.0,900.0,820.0,850.0
531,350.0,320.0,300.0,900.0,820.0,850.0
532,350.0,320.0,300.0,900.0,820.0,850.0
533,350.0,320.0,300.0,900.0,820.0,850.0
534,350.0,320.0,300.0,900.0,820.0,850.0
535,350.0,320.0,300.0,900.0,820.0,850.0
536,350.0,320.0,300.0,900.0,820.0,850.0
537,350.0,320.0,300.0,900.0,820.0,850.0
538,350.0,320.0,300.0,900.0,820.0,850.0
539,350.0,320.0,300.0,900.0,820.0,850.0
540,350.0,320.0,300.0,900.0,820.0,850.0
541,350.0,320.0,300.0,900.0,820.0,850.0
542,350.0,320.0,300.0,900.0,820.0,850.0
543,350.0,320.0,300.0,900.0,820.0,850.0
544,350.0,320.0,300.0,900.0,820.0,850.0
545,350.0,320.0,300.0,900.0,820.0,850.0
546,350.0,320.0,300.0,900.0,820.0,850.0
547,350.0,320.0,300.0,900.0,820.0,850.0
548,350.0,320.0,300.0,900.0,820.0,850.0
549,350.0,320.0,300.0,900.0,820.0,850.0
550,350.0,320.0,300.0,900.0,820.0,850.0
551,350.0,320.0,300.0,900.0,820.0,850.0
552,350.0,320.0,300.0,900.0,820.0,850.0
553,350.0,320.0,300.0,900.0,820.0,850.0
554,350.0,320.0,300.0,900.0,820.0,850.0
555,350.0,320.0,300.0,900.0,820.0,850.0
556,350.0,320.0,300.0,900.0,820.0,850.0
557,350.0,320.0,300.0,900.0,820.0,850.0
558,350.0,320.0,300.0,900.0,820.0,850.0
559,350.0,320.0,300.0,900.0,820.0,850.0
560,350.0,320.0,300.0,900.0,820.0,850.0
561,350.0,320.0,300.0,900.0,820.0,850.0
562,350.0,320.0,300.0,900.0,820.0,850.0
563,350.0,320.0,300.0,900.0,820.0,850.0
564,350.0,320.0,300.0,900.0,820.0,850.0
565,350.0,320.0,300.0,900.0,820.0,850.0
566,350.0,320.0,300.0,900.0,820.0,850.0
567,350.0,320.0,300.0,900.0,820.0,850.0
568,350.0,320.0,300.0,900.0,820.0,850.0
569,350.0,320.0,300.0,900.0,820.0,850.0
570,350.0,320.0,300.0,900.0,820.0,850.0
571,350.0,320.0,300.0,900.0,820.0,850.0
572,350.0,320.0,300.0,900.0,820.0,850.0
573,350.0,320.0,300.0,900.0,820.0,850.0
574,350.0,320.0,300.0,900.0,820.0,850.0
575,350.0,320.0,300.0,900.0,820.0,850.0
576,350.0,320.0,300.0,900.0,820.0,850.0
577,350.0,320.0,300.0,900.0,820.0,850.0
578,350.0,320.0,300.0,900.0,820.0,850.0
579,350.0,320.0,300.0,900.0,820.0,850.0
580,350.0,320.0,300.0,900.0,820.0,850.0
581,350.0,320.0,300.0,900.0,820.0,850.0
582,350.0,320.0,300.0,900.0,820.0,850.0
583,350.0,320.0,300.0,900.0,820.0,850.0
584,350.0,320.0,300.0,900.0,820.0,850.0
585,350.0,320.0,300.0,900.0,820.0,850.0
586,350.0,320.0,300.0,900.0,820.0,850.0
587,350.0,320.0,300.0,900.0,820.0,850.0
588,350.0,320.0,300.0,900.0,820.0,850.0
589,350.0,320.0,300.0,900.0,820.0,850.0
590,350.0,320.0,300.0,900.0,820.0,850.0
591,350.0,320.0,300.0,900.0,820.0,850.0
592,350.0,320.0,300.0,900.0,820.0,850.0
593,350.0,320.0,300.0,900.0,820.0,850.0
594,350.0,320.0,300.0,900.0,820.0,850.0
595,350.0,320.0,300.0,900.0,820.0,850.0
596,350.0,320.0,300.0,900.0,820.0,850.0
597,350.0,320.0,300.0,900.0,820.0,850.0
598,350.0,320.0,300.0,900.0,820.0,850.0
599,350.0,320.0,300.0,900.0,820.0,850.0
600,350.0,320.0,300.0,900.0,820.0,850.0
601,350.0,320.0,300.0,900.0,820.0,850.0
602,350.0,320.0,300.0,900.0,820.0,850.0
603,350.0,320.0,300.0,900.0,820.0,850.0
604,350.0,320.0,300.0,900.0,820.0,850.0
605,350.0,320.0,300.0,900.0,820.0,850.0
606,350.0,320.0,300.0,900.0,820.0,850.0
607,350.0,320.0,300.0,900.0,820.0,850.0
608,350.0,320.0,300.0,900.0,820.0,850.0
609,350.0,320.0,300.0,900.0,820.0,850.0
610,350.0,320.0,300.0,900.0,820.0,850.0
611,350.0,320.0,300.0,900.0,820.0,850.0
612,350.0,320.0,300.0,900.0,820.0,850.0
613,350.0,320.0,300.0,900.0,820.0,850.0
614,350.0,320.0,300.0,900.0,820.0,850.0
615,350.0,320.0,300.0,900.0,820.0,850.0
616,350.0,320.0,300.0,900.0,820.0,850.0
617,350.0,320.0,300.0,900.0,820.0,850.0
618,350.0,320.0,300.0,900.0,820.0,850.0
619,350.0,320.0,300.0,900.0,820.0,850.0
620,350.0,320.0,300.0,900.0,820.0,850.0
621,350.0,320.0,300.0,900.0,820.0,850.0
622,350.0,320.0,300.0,900.0,820.0,850.0
623,350.0,320.0,300.0,900.0,820.0,850.0
624,350.0,320.0,300.0,900.0,820.0,850.0
625,350.0,320.0,300.0,900.0,820.0,850.0
626,350.0,320.0,300.0,900.0,820.0,850.0
627,350.0,320.0,300.0,900.0,820.0,850.0
628,350.0,320.0,300.0,900.0,820.0,850.0
629,350.0,320.0,300.0,900.0,820.0,850.0
630,350.0,320.0,300.0,900.0,820.0,850.0
631,350.0,320.0,300.0,900.0,820.0,850.0
632,350.0,320.0,300.0,900.0,820.0,850.0
633,350.0,320.0,300.0,900.0,820.0,850.0
634,350.0,320.0,300.0,900.0,820.0,850.0
635,350.0,320.0,300.0,900.0,820.0,850.0
636,350.0,320.0,300.0,900.0,820.0,850.0
637,350.0,320.0,300.0,900.0,820.0,850.0
638,350.0,320.0,300.0,900.0,820.0,850.0
639,350.0,320.0,300.0,900.0,820.0,850.0
640,350.0,320.0,300.0,900.0,820.0,850.0
641,350.0,320.0,300.0,900.0,820.0,850.0
642,350.0,320.0,300.0,900.0,820.0,850.0
643,350.0,320.0,300.0,900.0,820.0,850.0
644,350.0,320.0,300.0,900.0,820.0,850.0
645,350.0,320.0,300.0,900.0,820.0,850.0
646,350.0,320.0,300.0,900.0,820.0,850.0
647,350.0,320.0,300.0,900.0,820.0,850.0
648,350.0,320.0,300.0,900.0,820.0,850.0
649,350.0,320.0,300.0,900.0,820.0,850.0
650,350.0,320.0,300.0,900.0,820.0,850.0
651,350.0,320.0,300.0,900.0,820.0,850.0
652,350.0,320.0,300.0,900.0,820.0,850.0
653,350.0,320.0,300.0,900.0,820.0,850.0
654,350.0,320.0,300.0,900.0,820.0,850.0
655,350.0,320.0,300.0,900.0,820.0,850.0
656,350.0,320.0,300.0,900.0,820.0,850.0
657,350.0,320.0,300.0,900.0,820.0,850.0
658,350.0,320.0,300.0,900.0,820.0,850.0
659,350.0,320.0,300.0,900.0,820.0,850.0
660,350.0,320.0,300.0,900.0,820.0,850.0
661,350.0,320.0,300.0,900.0,820.0,850.0
662,350.0,320.0,300.0,900.0,820.0,850.0
663,350.0,320.0,300.0,900.0,820.0,850.0
664,350.0,320.0,300.0,900.0,820.0,850.0
665,350.0,320.0,300.0,900.0,820.0,850.0
666,350.0,320.0,300.0,900.0,820.0,850.0
667,350.0,320.0,300.0,900.0,820.0,850.0
668,350.0,320.0,300.0,900.0,820.0,850.0
669,350.0,320.0,300.0,900.0,820.0,850.0
670,350.0,320.0,300.0,900.0,820.0,850.0
671,350.0,320.0,300.0,900.0,820.0,850.0
672,350.0,320.0,300.0,900.0,820.0,850.0
673,350.0,320.0,300.0,900.0,820.0,850.0
674,350.0,320.0,300.0,900.0,820.0,850.0
675,350.0,320.0,300.0,900.0,820.0,850.0
676,350.0,320.0,300.0,900.0,820.0,850.0
677,350.0,320.0,300.0,900.0,820.0,850.0
678,350.0,320.0,300.0,900.0,820.0,850.0
679,350.0,320.0,300.0,900.0,820.0,850.0
680,350.0,320.0,300.0,900.0,820.0,850.0
681,350.0,320.0,300.0,900.0,820.0,850.0
682,350.0,320.0,300.0,900.0,820.0,850.0
683,350.0,320.0,300.0,900.0,820.0,850.0
684,350.0,320.0,300.0,900.0,820.0,850.0
685,350.0,320.0,300.0,900.0,820.0,850.0
686,350.0,320.0,300.0,900.0,820.0,850.0
687,350.0,320.0,300.0,900.0,820.0,850.0
688,350.0,320.0,300.0,900.0,820.0,850.0
689,350.0,320.0,300.0,900.0,820.0,850.0
690,350.0,320.0,300.0,900.0,820.0,850.0
691,350.0,320.0,300.0,900.0,820.0,850.0
692,350.0,320.0,300.0,900.0,820.0,850.0
693,350.0,320.0,300.0,900.0,820.0,850.0
694,350.0,320.0,300.0,900.0,820.0,850.0
695,350.0,320.0,300.0,900.0,820.0,850.0
696,350.0,320.0,300.0,900.0,820.0,850.0
697,350.0,320.0,300.0,900.0,820.0,850.0
698,350.0,320.0,300.0,900.0,820.0,850.0
699,350.0,320.0,300.0,900.0,820.0,850.0
700,350.0,320.0,300.0,900.0,820.0,850.0
701,350.0,320.0,300.0,900.0,820.0,850.0
702,350.0,320.0,300.0,900.0,820.0,850.0
703,350.0,320.0,300.0,900.0,820.0,850.0
704,350.0,320.0,300.0,900.0,820.0,850.0
705,350.0,320.0,300.0,900.0,820.0,850.0
706,350.0,320.0,300.0,900.0,820.0,850.0
707,350.0,320.0,300.0,900.0,820.0,850.0
708,350.0,320.0,300.0,900.0,820.0,850.0
709,350.0,320.0,300.0,900.0,820.0,850.0
710,350.0,320.0,300.0,900.0,820.0,850.0
711,350.0,320.0,300.0,900.0,820.0,850.0
712,350.0,320.0,300.0,900.0,820.0,850.0
713,350.0,320.0,300.0,900.0,820.0,850.0
714,350.0,320.0,300.0,900.0,820.0,850.0
715,350.0,320.0,300.0,900.0,820.0,850.0
716,350.0,320.0,300.0,900.0,820.0,850.0
717,350.0,320.0,300.0,900.0,820.0,850.0
718,350.0,320.0,300.0,900.0,820.0,850.0
719,350.0,320.0,300.0,900.0,820.0,850.0
720,350.0,320.0,300.0,900.0,820.0,850.0
721,350.0,320.0,300.0,900.0,820.0,850.0
722,350.0,320.0,300.0,900.0,820.0,850.0
723,350.0,320.0,300.0,900.0,820.0,850.0
724,350.0,320.0,300.0,900.0,820.0,850.0
725,350.0,320.0,300.0,900.0,820.0,850.0
726,350.0,320.0,300.0,900.0,820.0,850.0
727,350.0,320.0,300.0,900.0,820.0,850.0
728,350.0,320.0,300.0,900.0,820.0,850.0
729,350.0,320.0,300.0,900.0,820.0,850.0
730,350.0,320.0,300.0,900.0,820.0,850.0
731,350.0,320.0,300.0,900.0,820.0,850.0
732,350.0,320.0,300.0,900.0,820.0,850.0
733,350.0,320.0,300.0,900.0,820.0,850.0
734,350.0,320.0,300.0,900.0,820.0,850.0
735,350.0,320.0,300.0,900.0,820.0,850.0
736,350.0,320.0,300.0,900.0,820.0,850.0
737,350.0,320.0,300.0,900.0,820.0,850.0
738,350.0,320.0,300.0,900.0,820.0,850.0
739,350.0,320.0,300.0,900.0,820.0,850.0
740,350.0,320.0,300.0,900.0,820.0,850.0
741,350.0,320.0,300.0,900.0,820.0,850.0
742,350.0,320.0,300.0,900.0,820.0,850.0
743,350.0,320.0,300.0,900.0,820.0,850.0
744,350.0,320.0,300.0,900.0,820.0,850.0
745,350.0,320.0,300.0,900.0,820.0,850.0
746,350.0,320.0,300.0,900.0,820.0,850.0
747,350.0,320.0,300.0,900.0,820.0,850.0
748,350.0,320.0,300.0,900.0,820.0,850.0
749,350.0,320.0,300.0,900.0,820.0,850.0
750,350.0,320.0,300.0,900.0,820.0,850.0
751,350.0,320.0,300.0,900.0,820.0,850.0
752,350.0,320.0,300.0,900.0,820.0,850.0
753,350.0,320.0,300.0,900.0,820.0,850.0
754,350.0,320.0,300.0,900.0,820.0,850.0
755,350.0,320.0,300.0,900.0,820.0,850.0
756,350.0,320.0,300.0,900.0,820.0,850.0
757,350.0,320.0,300.0,900.0,820.0,850.0
758,350.0,320.0,300.0,900.0,820.0,850.0
759,350.0,320.0,300.0,900.0,820.0,850.0
760,350.0,320.0,300.0,900.0,820.0,850.0
761,350.0,320.0,300.0,900.0,820.0,850.0
762,350.0,320.0,300.0,900.0,820.0,850.0
763,350.0,320.0,300.0,900.0,820.0,850.0
764,350.0,320.0,300.0,900.0,820.0,850.0
765,350.0,320.0,300.0,900.0,820.0,850.0
766,350.0,320.0,300.0,900.0,820.0,850.0
767,350.0,320.0,300.0,900.0,820.0,850.0
768,350.0,320.0,300.0,900.0,820.0,850.0
769,350.0,320.0,300.0,900.0,820.0,850.0
770,350.0,320.0,300.0,900.0,820.0,850.0
771,350.0,320.0,300.0,900.0,820.0,850.0
772,350.0,320.0,300.0,900.0,820.0,850.0
773,350.0,320.0,300.0,900.0,820.0,850.0
774,350.0,320.0,300.0,900.0,820.0,850.0
775,350.0,320.0,300.0,900.0,820.0,850.0
776,350.0,320.0,300.0,900.0,820.0,850.0
777,350.0,320.0,300.0,900.0,820.0,850.0
778,350.0,320.0,300.0,900.0,820.0,850.0
779,350.0,320.0,300.0,900.0,820.0,850.0
780,350.0,320.0,300.0,900.0,820.0,850.0
781,350.0,320.0,300.0,900.0,820.0,850.0
782,350.0,320.0,300.0,900.0,820.0,850.0
783,350.0,320.0,300.0,900.0,820.0,850.0
784,350.0,320.0,300.0,900.0,820.0,850.0
785,350.0,320.0,300.0,900.0,820.0,850.0
786,350.0,320.0,300.0,900.0,820.0,850.0
787,350.0,320.0,300.0,900.0,820.0,850.0
788,350.0,320.0,300.0,900.0,820.0,850.0
789,350.0,320.0,300.0,900.0,820.0,850.0
790,350.0,320.0,300.0,900.0,820.0,850.0
791,350.0,320.0,300.0,900.0,820.0,850.0
792,350.0,320.0,300.0,900.0,820.0,850.0
793,350.0,320.0,300.0,900.0,820.0,850.0
794,350.0,320.0,300.0,900.0,820.0,850.0
795,350.0,320.0,300.0,900.0,820.0,850.0
796,350.0,320.0,300.0,900.0,820.0,850.0
797,350.0,320.0,300.0,900.0,820.0,850.0
798,350.0,320.0,300.0,900.0,820.0,850.0
799,350.0,320.0,300.0,900.0,820.0,850.0
800,350.0,320.0,300.0,900.0,820.0,850.0
801,350.0,320.0,300.0,900.0,820.0,850.0
802,350.0,320.0,300.0,900.0,820.0,850.0
803,350.0,320.0,300.0,900.0,820.0,850.0
804,350.0,320.0,300.0,900.0,820.0,850.0
805,350.0,320.0,300.0,900.0,820.0,850.0
806,350.0,320.0,300.0,900.0,820.0,850.0
807,350.0,320.0,300.0,900.0,820.0,850.0
808,350.0,320.0,300.0,900.0,820.0,850.0
809,350.0,320.0,300.0,900.0,820.0,850.0
810,350.0,320.0,300.0,900.0,820.0,850.0
811,350.0,320.0,300.0,900.0,820.0,850.0
812,350.0,320.0,300.0,900.0,820.0,850.0
813,350.0,320.0,300.0,900.0,820.0,850.0
814,350.0,320.0,300.0,900.0,820.0,850.0
815,350.0,320.0,300.0,900.0,820.0,850.0
816,350.0,320.0,300.0,900.0,820.0,850.0
817,350.0,320.0,300.0,900.0,820.0,850.0
818,350.0,320.0,300.0,900.0,820.0,850.0
819,350.0,320.0,300.0,900.0,820.0,850.0
820,350.0,320.0,300.0,900.0,820.0,850.0
821,350.0,320.0,300.0,900.0,820.0,850.0
822,350.0,320.0,300.0,900.0,820.0,850.0
823,350.0,320.0,300.0,900.0,820.0,850.0
824,350.0,320.0,300.0,900.0,820.0,850.0
825,350.0,320.0,300.0,900.0,820.0,850.0
826,350.0,320.0,300.0,900.0,820.0,850.0
827,350.0,320.0,300.0,900.0,820.0,850.0
828,350.0,320.0,300.0,900.0,820.0,850.0
829,350.0,320.0,300.0,900.0,820.0,850.0
830,350.0,320.0,300.0,900.0,820.0,850.0
831,350.0,320.0,300.0,900.0,820.0,850.0
832,350.0,320.0,300.0,900.0,820.0,850.0
833,350.0,320.0,300.0,900.0,820.0,850.0
834,350.0,320.0,300.0,900.0,820.0,850.0
835,350.0,320.0,300.0,900.0,820.0,850.0
836,350.0,320.0,300.0,900.0,820.0,850.0
837,350.0,320.0,300.0,900.0,820.0,850.0
838,350.0,320.0,300.0,900.0,820.0,850.0
839,350.0,320.0,300.0,900.0,820.0,850.0
840,350.0,320.0,300.0,900.0,820.0,850.0
841,350.0,320.0,300.0,900.0,820.0,850.0
842,350.0,320.0,300.0,900.0,820.0,850.0
843,350.0,320.0,300.0,900.0,820.0,850.0
844,350.0,320.0,300.0,900.0,820.0,850.0
845,350.0,320.0,300.0,900.0,820.0,850.0
846,350.0,320.0,300.0,900.0,820.0,850.0
847,350.0,320.0,300.0,900.0,820.0,850.0
848,350.0,320.0,300.0,900.0,820.0,850.0
849,350.0,320.0,300.0,900.0,820.0,850.0
850,350.0,320.0,300.0,900.0,820.0,850.0
851,350.0,320.0,300.0,900.0,820.0,850.0
852,350.0,320.0,300.0,900.0,820.0,850.0
853,350.0,320.0,300.0,900.0,820.0,850.0
854,350.0,320.0,300.0,900.0,820.0,850.0
855,350.0,320.0,300.0,900.0,820.0,850.0
856,350.0,320.0,300.0,900.0,820.0,850.0
857,350.0,320.0,300.0,900.0,820.0,850.0
858,350.0,320.0,300.0,900.0,820.0,850.0
859,350.0,320.0,300.0,900.0,820.0,850.0
860,350.0,320.0,300.0,900.0,820.0,850.0
861,350.0,320.0,300.0,900.0,820.0,850.0
862,350.0,320.0,300.0,900.0,820.0,850.0
863,350.0,320.0,300.0,900.0,820.0,850.0
864,350.0,320.0,300.0,900.0,820.0,850.0
865,350.0,320.0,300.0,900.0,820.0,850.0
866,350.0,320.0,300.0,900.0,820.0,850.0
867,350.0,320.0,300.0,900.0,820.0,850.0
868,350.0,320.0,300.0,900.0,820.0,850.0
869,350.0,320.0,300.0,900.0,820.0,850.0
870,350.0,320.0,300.0,900.0,820.0,850.0
871,350.0,320.0,300.0,900.0,820.0,850.0
872,350.0,320.0,300.0,900.0,820.0,850.0
873,350.0,320.0,300.0,900.0,820.0,850.0
874,350.0,320.0,300.0,900.0,820.0,850.0
875,350.0,320.0,300.0,900.0,820.0,850.0
876,350.0,320.0,300.0,900.0,820.0,850.0
877,350.0,320.0,300.0,900.0,820.0,850.0
878,350.0,320.0,300.0,900.0,820.0,850.0
879,350.0,320.0,300.0,900.0,820.0,850.0
880,350.0,320.0,300.0,900.0,820.0,850.0
881,350.0,320.0,300.0,900.0,820.0,850.0
882,350.0,320.0,300.0,900.0,820.0,850.0
883,350.0,320.0,300.0,900.0,820.0,850.0
884,350.0,320.0,300.0,900.0,820.0,850.0
885,350.0,320.0,300.0,900.0,820.0,850.0
886,350.0,320.0,300.0,900.0,820.0,850.0
887,350.0,320.0,300.0,900.0,820.0,850.0
888,350.0,320.0,300.0,900.0,820.0,850.0
889,350.0,320.0,300.0,900.0,820.0,850.0
890,350.0,320.0,300.0,900.0,820.0,850.0
891,350.0,320.0,300.0,900.0,820.0,850.0
892,350.0,320.0,300.0,900.0,820.0,850.0
893,350.0,320.0,300.0,900.0,820.0,850.0
894,350.0,320.0,300.0,900.0,820.0,850.0
895,350.0,320.0,300.0,900.0,820.0,850.0
896,350.0,320.0,300.0,900.0,820.0,850.0
897,350.0,320.0,300.0,900.0,820.0,850.0
898,350.0,320.0,300.0,900.0,820.0,850.0
899,350.0,320.0,300.0,900.0,820.0,850.0
900,350.0,320.0,300.0,900.0,820.0,850.0
901,350.0,320.0,300.0,900.0,820.0,850.0
902,350.0,320.0,300.0,900.0,820.0,850.0
903,350.0,320.0,300.0,900.0,820.0,850.0
904,350.0,320.0,300.0,900.0,820.0,850.0
905,350.0,320.0,300.0,900.0,820.0,850.0
906,350.0,320.0,300.0,900.0,820.0,850.0
907,350.0,320.0,300.0,900.0,820.0,850.0
908,350.0,320.0,300.0,900.0,820.0,850.0
909,350.0,320.0,300.0,900.0,820.0,850.0
910,350.0,320.0,300.0,900.0,820.0,850.0
911,350.0,320.0,300.0,900.0,820.0,850.0
912,350.0,320.0,300.0,900.0,820.0,850.0
913,350.0,320.0,300.0,900.0,820.0,850.0
914,350.0,320.0,300.0,900.0,820.0,850.0
915,350.0,320.0,300.0,900.0,820.0,850.0
916,350.0,320.0,300.0,900.0,820.0,850.0
917,350.0,320.0,300.0,900.0,820.0,850.0
918,350.0,320.0,300.0,900.0,820.0,850.0
919,350.0,320.0,300.0,900.0,820.0,850.0
920,350.0,320.0,300.0,900.0,820.0,850.0
921,350.0,320.0,300.0,900.0,820.0,850.0
922,350.0,320.0,300.0,900.0,820.0,850.0
923,350.0,320.0,300.0,900.0,820.0,850.0
924,350.0,320.0,300.0,900.0,820.0,850.0
925,350.0,320.0,300.0,900.0,820.0,850.0
926,350.0,320.0,300.0,900.0,820.0,850.0
927,350.0,320.0,300.0,900.0,820.0,850.0
928,350.0,320.0,300.0,900.0,820.0,850.0
929,350.0,320.0,300.0,900.0,820.0,850.0
930,350.0,320.0,300.0,900.0,820.0,850.0
931,350.0,320.0,300.0,900.0,820.0,850.0
932,350.0,320.0,300.0,900.0,820.0,850.0
933,350.0,320.0,300.0,900.0,820.0,850.0
934,350.0,320.0,300.0,900.0,820.0,850.0
935,350.0,320.0,300.0,900.0,820.0,850.0
936,350.0,320.0,300.0,900.0,820.0,850.0
937,350.0,320.0,300.0,900.0,820.0,850.0
938,350.0,320.0,300.0,900.0,820.0,850.0
939,350.0,320.0,300.0,900.0,820.0,850.0
940,350.0,320.0,300.0,900.0,820.0,850.0
941,350.0,320.0,300.0,900.0,820.0,850.0
942,350.0,320.0,300.0,900.0,820.0,850.0
943,350.0,320.0,300.0,900.0,820.0,850.0
944,350.0,320.0,300.0,900.0,820.0,850.0
945,350.0,320.0,300.0,900.0,820.0,850.0
946,350.0,320.0,300.0,900.0,820.0,850.0
947,350.0,320.0,300.0,900.0,820.0,850.0
948,350.0,320.0,300.0,900.0,820.0,850.0
949,350.0,320.0,300.0,900.0,820.0,850.0
950,350.0,320.0,300.0,900.0,820.0,850.0
951,350.0,320.0,300.0,900.0,820.0,850.0
952,350.0,320.0,300.0,900.0,820.0,850.0
953,350.0,320.0,300.0,900.0,820.0,850.0
954,350.0,320.0,300.0,900.0,820.0,850.0
955,350.0,320.0,300.0,900.0,820.0,850.0
956,350.0,320.0,300.0,900.0,820.0,850.0
957,350.0,320.0,300.0,900.0,820.0,850.0
958,350.0,320.0,300.0,900.0,820.0,850.0
959,350.0,320.0,300.0,900.0,820.0,850.0
960,350.0,320.0,300.0,900.0,820.0,850.0
961,350.0,320.0,300.0,900.0,820.0,850.0
962,350.0,320.0,300.0,900.0,820.0,850.0
963,350.0,320.0,300.0,900.0,820.0,850.0
964,350.0,320.0,300.0,900.0,820.0,850.0
965,350.0,320.0,300.0,900.0,820.0,850.0
966,350.0,320.0,300.0,900.0,820.0,850.0
967,350.0,320.0,300.0,900.0,820.0,850.0
968,350.0,320.0,300.0,900.0,820.0,850.0
969,350.0,320.0,300.0,900.0,820.0,850.0
970,350.0,320.0,300.0,900.0,820.0,850.0
971,350.0,320.0,300.0,900.0,820.0,850.0
972,350.0,320.0,300.0,900.0,820.0,850.0
973,350.0,320.0,300.0,900.0,820.0,850.0
974,350.0,320.0,300.0,900.0,820.0,850.0
975,350.0,320.0,300.0,900.0,820.0,850.0
976,350.0,320.0,300.0,900.0,820.0,850.0
977,350.0,320.0,300.0,900.0,820.0,850.0
978,350.0,320.0,300.0,900.0,820.0,850.0
979,350.0,320.0,300.0,900.0,820.0,850.0
980,350.0,320.0,300.0,900.0,820.0,850.0
981,350.0,320.0,300.0,900.0,820.0,850.0
982,350.0,320.0,300.0,900.0,820.0,850.0
983,350.0,320.0,300.0,900.0,820.0,850.0
984,350.0,320.0,300.0,900.0,820.0,850.0
985,350.0,320.0,300.0,900.0,820.0,850.0
986,350.0,320.0,300.0,900.0,820.0,850.0
987,350.0,320.0,300.0,900.0,820.0,850.0
988,350.0,320.0,300.0,900.0,820.0,850.0
989,350.0,320.0,300.0,900.0,820.0,850.0
990,350.0,320.0,300.0,900.0,820.0,850.0
991,350.0,320.0,300.0,900.0,820.0,850.0
992,350.0,320.0,300.0,900.0,820.0,850.0
993,350.0,320.0,300.0,900.0,820.0,850.0
994,350.0,320.0,300.0,900.0,820.0,850.0
995,350.0,320.0,300.0,900.0,820.0,850.0
996,350.0,320.0,300.0,900.0,820.0,850.0
997,350.0,320.0,300.0,900.0,820.0,850.0
998,350.0,320.0,300.0,900.0,820.0,850.0
999,350.0,320.0,300.0,900.0,820.0,850.0
1000,350.0,320.0,300.0,900.0,820.0,850.0
1001,350.0,320.0,300.0,900.0,820.0,850.0
1002,350.0,320.0,300.0,900.0,820.0,850.0
1003,350.0,320.0,300.0,900.0,820.0,850.0
1004,350.0,320.0,300.0,900.0,820.0,850.0
1005,350.0,320.0,300.0,900.0,820.0,850.0
1006,350.0,320.0,300.0,900.0,820.0,850.0
1007,350.0,320.0,300.0,900.0,820.0,850.0
1008,350.0,320.0,300.0,900.0,820.0,850.0
1009,350.0,320.0,300.0,900.0,820.0,850.0
1010,350.0,320.0,300.0,900.0,820.0,850.0
1011,350.0,320.0,300.0,900.0,820.0,850.0
1012,350.0,320.0,300.0,900.0,820.0,850.0
1013,350.0,320.0,300.0,900.0,820.0,850.0
1014,350.0,320.0,300.0,900.0,820.0,850.0
1015,350.0,320.0,300.0,900.0,820.0,850.0
1016,350.0,320.0,300.0,900.0,820.0,850.0
1017,350.0,320.0,300.0,900.0,820.0,850.0
1018,350.0,320.0,300.0,900.0,820.0,850.0
1019,350.0,320.0,300.0,900.0,820.0,850.0
1020,350.0,320.0,300.0,900.0,820.0,850.0
1021,350.0,320.0,300.0,900.0,820.0,850.0
1022,350.0,320.0,300.0,900.0,820.0,850.0
1023,350.0,320.0,300.0,900.0,820.0,850.0
1024,350.0,320.0,300.0,900.0,820.0,850.0
1025,350.0,320.0,300.0,900.0,820.0,850.0
1026,350.0,320.0,300.0,900.0,820.0,850.0
1027,350.0,320.0,300.0,900.0,820.0,850.0
1028,350.0,320.0,300.0,900.0,820.0,850.0
1029,350.0,320.0,300.0,900.0,820.0,850.0
1030,350.0,320.0,300.0,900.0,820.0,850.0
1031,350.0,320.0,300.0,900.0,820.0,850.0
1032,350.0,320.0,300.0,900.0,820.0,850.0
1033,350.0,320.0,300.0,900.0,820.0,850.0
1034,350.0,320.0,300.0,900.0,820.0,850.0
1035,350.0,320.0,300.0,900.0,820.0,850.0
1036,350.0,320.0,300.0,900.0,820.0,850.0
1037,350.0,320.0,300.0,900.0,820.0,850.0
1038,350.0,320.0,300.0,900.0,820.0,850.0
1039,350.0,320.0,300.0,900.0,820.0,850.0
1040,350.0,320.0,300.0,900.0,820.0,850.0
1041,350.0,320.0,300.0,900.0,820.0,850.0
1042,350.0,320.0,300.0,900.0,820.0,850.0
1043,350.0,320.0,300.0,900.0,820.0,850.0
1044,350.0,320.0,300.0,900.0,820.0,850.0
1045,350.0,320.0,300.0,900.0,820.0,850.0
1046,350.0,320.0,300.0,900.0,820.0,850.0
1047,350.0,320.0,300.0,900.0,820.0,850.0
1048,350.0,320.0,300.0,900.0,820.0,850.0
1049,350.0,320.0,300.0,900.0,820.0,850.0
1050,350.0,320.0,300.0,900.0,820.0,850.0
1051,350.0,320.0,300.0,900.0,820.0,850.0
1052,350.0,320.0,300.0,900.0,820.0,850.0
1053,350.0,320.0,300.0,900.0,820.0,850.0
1054,350.0,320.0,300.0,900.0,820.0,850.0
1055,350.0,320.0,300.0,900.0,820.0,850.0
1056,350.0,320.0,300.0,900.0,820.0,850.0
1057,350.0,320.0,300.0,900.0,820.0,850.0
1058,350.0,320.0,300.0,900.0,820.0,850.0
1059,350.0,320.0,300.0,900.0,820.0,850.0
1060,350.0,320.0,300.0,900.0,820.0,850.0
1061,350.0,320.0,300.0,900.0,820.0,850.0
1062,350.0,320.0,300.0,900.0,820.0,850.0
1063,350.0,320.0,300.0,900.0,820.0,850.0
1064,350.0,320.0,300.0,900.0,820.0,850.0
1065,350.0,320.0,300.0,900.0,820.0,850.0
1066,350.0,320.0,300.0,900.0,820.0,850.0
1067,350.0,320.0,300.0,900.0,820.0,850.0
1068,350.0,320.0,300.0,900.0,820.0,850.0
1069,350.0,320.0,300.0,900.0,820.0,850.0
1070,350.0,320.0,300.0,900.0,820.0,850.0
1071,350.0,320.0,300.0,900.0,820.0,850.0
1072,350.0,320.0,300.0,900.0,820.0,850.0
1073,350.0,320.0,300.0,900.0,820.0,850.0
1074,350.0,320.0,300.0,900.0,820.0,850.0
1075,350.0,320.0,300.0,900.0,820.0,850.0
1076,350.0,320.0,300.0,900.0,820.0,850.0
1077,350.0,320.0,300.0,900.0,820.0,850.0
1078,350.0,320.0,300.0,900.0,820.0,850.0
1079,350.0,320.0,300.0,900.0,820.0,850.0
1080,350.0,320.0,300.0,900.0,820.0,850.0
1081,350.0,320.0,300.0,900.0,820.0,850.0
1082,350.0,320.0,300.0,900.0,820.0,850.0
1083,350.0,320.0,300.0,900.0,820.0,850.0
1084,350.0,320.0,300.0,900.0,820.0,850.0
1085,350.0,320.0,300.0,900.0,820.0,850.0
1086,350.0,320.0,300.0,900.0,820.0,850.0
1087,350.0,320.0,300.0,900.0,820.0,850.0
1088,350.0,320.0,300.0,900.0,820.0,850.0
1089,350.0,320.0,300.0,900.0,820.0,850.0
1090,350.0,320.0,300.0,900.0,820.0,850.0
1091,350.0,320.0,300.0,900.0,820.0,850.0
1092,350.0,320.0,300.0,900.0,820.0,850.0
1093,350.0,320.0,300.0,900.0,820.0,850.0
1094,350.0,320.0,300.0,900.0,820.0,850.0
1095,350.0,320.0,300.0,900.0,820.0,850.0
1096,350.0,320.0,300.0,900.0,820.0,850.0
1097,350.0,320.0,300.0,900.0,820.0,850.0
1098,350.0,320.0,300.0,900.0,820.0,850.0
1099,350.0,320.0,300.0,900.0,820.0,850.0
1100,350.0,320.0,300.0,900.0,820.0,850.0
1101,350.0,320.0,300.0,900.0,820.0,850.0
1102,350.0,320.0,300.0,900.0,820.0,850.0
1103,350.0,320.0,300.0,900.0,820.0,850.0
1104,350.0,320.0,300.0,900.0,820.0,850.0
1105,350.0,320.0,300.0,900.0,820.0,850.0
1106,350.0,320.0,300.0,900.0,820.0,850.0
1107,350.0,320.0,300.0,900.0,820.0,850.0
1108,350.0,320.0,300.0,900.0,820.0,850.0
1109,350.0,320.0,300.0,900.0,820.0,850.0
1110,350.0,320.0,300.0,900.0,820.0,850.0
1111,350.0,320.0,300.0,900.0,820.0,850.0
1112,350.0,320.0,300.0,900.0,820.0,850.0
1113,350.0,320.0,300.0,900.0,820.0,850.0
1114,350.0,320.0,300.0,900.0,820.0,850.0
1115,350.0,320.0,300.0,900.0,820.0,850.0
1116,350.0,320.0,300.0,900.0,820.0,850.0
1117,350.0,320.0,300.0,900.0,820.0,850.0
1118,350.0,320.0,300.0,900.0,820.0,850.0
1119,350.0,320.0,300.0,900.0,820.0,850.0
1120,350.0,320.0,300.0,900.0,820.0,850.0
1121,350.0,320.0,300.0,900.0,820.0,850.0
1122,350.0,320.0,300.0,900.0,820.0,850.0
1123,350.0,320.0,300.0,900.0,820.0,850.0
1124,350.0,320.0,300.0,900.0,820.0,850.0
1125,350.0,320.0,300.0,900.0,820.0,850.0
1126,350.0,320.0,300.0,900.0,820.0,850.0
1127,350.0,320.0,300.0,900.0,820.0,850.0
1128,350.0,320.0,300.0,900.0,820.0,850.0
1129,350.0,320.0,300.0,900.0,820.0,850.0
1130,350.0,320.0,300.0,900.0,820.0,850.0
1131,350.0,320.0,300.0,900.0,820.0,850.0
1132,350.0,320.0,300.0,900.0,820.0,850.0
1133,350.0,320.0,300.0,900.0,820.0,850.0
1134,350.0,320.0,300.0,900.0,820.0,850.0
1135,350.0,320.0,300.0,900.0,820.0,850.0
1136,350.0,320.0,300.0,900.0,820.0,850.0
1137,350.0,320.0,300.0,900.0,820.0,850.0
1138,350.0,320.0,300.0,900.0,820.0,850.0
1139,350.0,320.0,300.0,900.0,820.0,850.0
1140,350.0,320.0,300.0,900.0,820.0,850.0
1141,350.0,320.0,300.0,900.0,820.0,850.0
1142,350.0,320.0,300.0,900.0,820.0,850.0
1143,350.0,320.0,300.0,900.0,820.0,850.0
1144,350.0,320.0,300.0,900.0,820.0,850.0
1145,350.0,320.0,300.0,900.0,820.0,850.0
1146,350.0,320.0,300.0,900.0,820.0,850.0
1147,350.0,320.0,300.0,900.0,820.0,850.0
1148,350.0,320.0,300.0,900.0,820.0,850.0
1149,350.0,320.0,300.0,900.0,820.0,850.0
1150,350.0,320.0,300.0,900.0,820.0,850.0
1151,350.0,320.0,300.0,900.0,820.0,850.0
1152,350.0,320.0,300.0,900.0,820.0,850.0
1153,350.0,320.0,300.0,900.0,820.0,850.0
1154,350.0,320.0,300.0,900.0,820.0,850.0
1155,350.0,320.0,300.0,900.0,820.0,850.0
1156,350.0,320.0,300.0,900.0,820.0,850.0
1157,350.0,320.0,300.0,900.0,820.0,850.0
1158,350.0,320.0,300.0,900.0,820.0,850.0
1159,350.0,320.0,300.0,900.0,820.0,850.0
1160,350.0,320.0,300.0,900.0,820.0,850.0
1161,350.0,320.0,300.0,900.0,820.0,850.0
1162,350.0,320.0,300.0,900.0,820.0,850.0
1163,350.0,320.0,300.0,900.0,820.0,850.0
1164,350.0,320.0,300.0,900.0,820.0,850.0
1165,350.0,320.0,300.0,900.0,820.0,850.0
1166,350.0,320.0,300.0,900.0,820.0,850.0
1167,350.0,320.0,300.0,900.0,820.0,850.0
1168,350.0,320.0,300.0,900.0,820.0,850.0
1169,350.0,320.0,300.0,900.0,820.0,850.0
1170,350.0,320.0,300.0,900.0,820.0,850.0
1171,350.0,320.0,300.0,900.0,820.0,850.0
1172,350.0,320.0,300.0,900.0,820.0,850.0
1173,350.0,320.0,300.0,900.0,820.0,850.0
1174,350.0,320.0,300.0,900.0,820.0,850.0
1175,350.0,320.0,300.0,900.0,820.0,850.0
1176,350.0,320.0,300.0,900.0,820.0,850.0
1177,350.0,320.0,300.0,900.0,820.0,850.0
1178,350.0,320.0,300.0,900.0,820.0,850.0
1179,350.0,320.0,300.0,900.0,820.0,850.0
1180,350.0,320.0,300.0,900.0,820.0,850.0
1181,350.0,320.0,300.0,900.0,820.0,850.0
1182,350.0,320.0,300.0,900.0,820.0,850.0
1183,350.0,320.0,300.0,900.0,820.0,850.0
1184,350.0,320.0,300.0,900.0,820.0,850.0
1185,350.0,320.0,300.0,900.0,820.0,850.0
1186,350.0,320.0,300.0,900.0,820.0,850.0
1187,350.0,320.0,300.0,900.0,820.0,850.0
1188,350.0,320.0,300.0,900.0,820.0,850.0
1189,350.0,320.0,300.0,900.0,820.0,850.0
1190,350.0,320.0,300.0,900.0,820.0,850.0
1191,350.0,320.0,300.0,900.0,820.0,850.0
1192,350.0,320.0,300.0,900.0,820.0,850.0
1193,350.0,320.0,300.0,900.0,820.0,850.0
1194,350.0,320.0,300.0,900.0,820.0,850.0
1195,350.0,320.0,300.0,900.0,820.0,850.0
1196,350.0,320.0,300.0,900.0,820.0,850.0
1197,350.0,320.0,300.0,900.0,820.0,850.0
1198,350.0,320.0,300.0,900.0,820.0,850.0
1199,350.0,320.0,300.0,900.0,820.0,850.0
1200,350.0,320.0,300.0,900.0,820.0,850.0
1201,350.0,320.0,300.0,900.0,820.0,850.0
1202,350.0,320.0,300.0,900.0,820.0,850.0
1203,350.0,320.0,300.0,900.0,820.0,850.0
1204,350.0,320.0,300.0,900.0,820.0,850.0
1205,350.0,320.0,300.0,900.0,820.0,850.0
1206,350.0,320.0,300.0,900.0,820.0,850.0
1207,350.0,320.0,300.0,900.0,820.0,850.0
1208,350.0,320.0,300.0,900.0,820.0,850.0
1209,350.0,320.0,300.0,900.0,820.0,850.0
1210,350.0,320.0,300.0,900.0,820.0,850.0
1211,350.0,320.0,300.0,900.0,820.0,850.0
1212,350.0,320.0,300.0,900.0,820.0,850.0
1213,350.0,320.0,300.0,900.0,820.0,850.0
1214,350.0,320.0,300.0,900.0,820.0,850.0
1215,350.0,320.0,300.0,900.0,820.0,850.0
1216,350.0,320.0,300.0,900.0,820.0,850.0
1217,350.0,320.0,300.0,900.0,820.0,850.0
1218,350.0,320.0,300.0,900.0,820.0,850.0
1219,350.0,320.0,300.0,900.0,820.0,850.0
1220,350.0,320.0,300.0,900.0,820.0,850.0
1221,350.0,320.0,300.0,900.0,820.0,850.0
1222,350.0,320.0,300.0,900.0,820.0,850.0
1223,350.0,320.0,300.0,900.0,820.0,850.0
1224,350.0,320.0,300.0,900.0,820.0,850.0
1225,350.0,320.0,300.0,900.0,820.0,850.0
1226,350.0,320.0,300.0,900.0,820.0,850.0
1227,350.0,320.0,300.0,900.0,820.0,850.0
1228,350.0,320.0,300.0,900.0,820.0,850.0
1229,350.0,320.0,300.0,900.0,820.0,850.0
1230,350.0,320.0,300.0,900.0,820.0,850.0
1231,350.0,320.0,300.0,900.0,820.0,850.0
1232,350.0,320.0,300.0,900.0,820.0,850.0
1233,350.0,320.0,300.0,900.0,820.0,850.0
1234,350.0,320.0,300.0,900.0,820.0,850.0
1235,350.0,320.0,300.0,900.0,820.0,850.0
1236,350.0,320.0,300.0,900.0,820.0,850.0
1237,350.0,320.0,300.0,900.0,820.0,850.0
1238,350.0,320.0,300.0,900.0,820.0,850.0
1239,350.0,320.0,300.0,900.0,820.0,850.0
1240,350.0,320.0,300.0,900.0,820.0,850.0
1241,350.0,320.0,300.0,900.0,820.0,850.0
1242,350.0,320.0,300.0,900.0,820.0,850.0
1243,350.0,320.0,300.0,900.0,820.0,850.0
1244,350.0,320.0,300.0,900.0,820.0,850.0
1245,350.0,320.0,300.0,900.0,820.0,850.0
1246,350.0,320.0,300.0,900.0,820.0,850.0
1247,350.0,320.0,300.0,900.0,820.0,850.0
1248,350.0,320.0,300.0,900.0,820.0,850.0
1249,350.0,320.0,300.0,900.0,820.0,850.0
1250,350.0,320.0,300.0,900.0,820.0,850.0
1251,350.0,320.0,300.0,900.0,820.0,850.0
1252,350.0,320.0,300.0,900.0,820.0,850.0
1253,350.0,320.0,300.0,900.0,820.0,850.0
1254,350.0,320.0,300.0,900.0,820.0,850.0
1255,350.0,320.0,300.0,900.0,820.0,850.0
1256,350.0,320.0,300.0,900.0,820.0,850.0
1257,350.0,320.0,300.0,900.0,820.0,850.0
1258,350.0,320.0,300.0,900.0,820.0,850.0
1259,350.0,320.0,300.0,900.0,820.0,850.0
1260,350.0,320.0,300.0,900.0,820.0,850.0
1261,350.0,320.0,300.0,900.0,820.0,850.0
1262,350.0,320.0,300.0,900.0,820.0,850.0
1263,350.0,320.0,300.0,900.0,820.0,850.0
1264,350.0,320.0,300.0,900.0,820.0,850.0
1265,350.0,320.0,300.0,900.0,820.0,850.0
1266,350.0,320.0,300.0,900.0,820.0,850.0
1267,350.0,320.0,300.0,900.0,820.0,850.0
1268,350.0,320.0,300.0,900.0,820.0,850.0
1269,350.0,320.0,300.0,900.0,820.0,850.0
1270,350.0,320.0,300.0,900.0,820.0,850.0
1271,350.0,320.0,300.0,900.0,820.0,850.0
1272,350.0,320.0,300.0,900.0,820.0,850.0
1273,350.0,320.0,300.0,900.0,820.0,850.0
1274,350.0,320.0,300.0,900.0,820.0,850.0
1275,350.0,320.0,300.0,900.0,820.0,850.0
1276,350.0,320.0,300.0,900.0,820.0,850.0
1277,350.0,320.0,300.0,900.0,820.0,850.0
1278,350.0,320.0,300.0,900.0,820.0,850.0
1279,350.0,320.0,300.0,900.0,820.0,850.0
1280,350.0,320.0,300.0,900.0,820.0,850.0
1281,350.0,320.0,300.0,900.0,820.0,850.0
1282,350.0,320.0,300.0,900.0,820.0,850.0
1283,350.0,320.0,300.0,900.0,820.0,850.0
1284,350.0,320.0,300.0,900.0,820.0,850.0
1285,350.0,320.0,300.0,900.0,820.0,850.0
1286,350.0,320.0,300.0,900.0,820.0,850.0
1287,350.0,320.0,300.0,900.0,820.0,850.0
1288,350.0,320.0,300.0,900.0,820.0,850.0
1289,350.0,320.0,300.0,900.0,820.0,850.0
1290,350.0,320.0,300.0,900.0,820.0,850.0
1291,350.0,320.0,300.0,900.0,820.0,850.0
1292,350.0,320.0,300.0,900.0,820.0,850.0
1293,350.0,320.0,300.0,900.0,820.0,850.0
1294,350.0,320.0,300.0,900.0,820.0,850.0
1295,350.0,320.0,300.0,900.0,820.0,850.0
1296,350.0,320.0,300.0,900.0,820.0,850.0
1297,350.0,320.0,300.0,900.0,820.0,850.0
1298,350.0,320.0,300.0,900.0,820.0,850.0
1299,350.0,320.0,300.0,900.0,820.0,850.0
1300,350.0,320.0,300.0,900.0,820.0,850.0
1301,350.0,320.0,300.0,900.0,820.0,850.0
1302,350.0,320.0,300.0,900.0,820.0,850.0
1303,350.0,320.0,300.0,900.0,820.0,850.0
1304,350.0,320.0,300.0,900.0,820.0,850.0
1305,350.0,320.0,300.0,900.0,820.0,850.0
1306,350.0,320.0,300.0,900.0,820.0,850.0
1307,350.0,320.0,300.0,900.0,820.0,850.0
1308,350.0,320.0,300.0,900.0,820.0,850.0
1309,350.0,320.0,300.0,900.0,820.0,850.0
1310,350.0,320.0,300.0,900.0,820.0,850.0
1311,350.0,320.0,300.0,900.0,820.0,850.0
1312,350.0,320.0,300.0,900.0,820.0,850.0
1313,350.0,320.0,300.0,900.0,820.0,850.0
1314,350.0,320.0,300.0,900.0,820.0,850.0
1315,350.0,320.0,300.0,900.0,820.0,850.0
1316,350.0,320.0,300.0,900.0,820.0,850.0
1317,350.0,320.0,300.0,900.0,820.0,850.0
1318,350.0,320.0,300.0,900.0,820.0,850.0
1319,350.0,320.0,300.0,900.0,820.0,850.0
1320,350.0,320.0,300.0,900.0,820.0,850.0
1321,350.0,320.0,300.0,900.0,820.0,850.0
1322,350.0,320.0,300.0,900.0,820.0,850.0
1323,350.0,320.0,300.0,900.0,820.0,850.0
1324,350.0,320.0,300.0,900.0,820.0,850.0
1325,350.0,320.0,300.0,900.0,820.0,850.0
1326,350.0,320.0,300.0,900.0,820.0,850.0
1327,350.0,320.0,300.0,900.0,820.0,850.0
1328,350.0,320.0,300.0,900.0,820.0,850.0
1329,350.0,320.0,300.0,900.0,820.0,850.0
1330,350.0,320.0,300.0,900.0,820.0,850.0
1331,350.0,320.0,300.0,900.0,820.0,850.0
1332,350.0,320.0,300.0,900.0,820.0,850.0
1333,350.0,320.0,300.0,900.0,820.0,850.0
1334,350.0,320.0,300.0,900.0,820.0,850.0
1335,350.0,320.0,300.0,900.0,820.0,850.0
1336,350.0,320.0,300.0,900.0,820.0,850.0
1337,350.0,320.0,300.0,900.0,820.0,850.0
1338,350.0,320.0,300.0,900.0,820.0,850.0
1339,350.0,320.0,300.0,900.0,820.0,850.0
1340,350.0,320.0,300.0,900.0,820.0,850.0
1341,350.0,320.0,300.0,900.0,820.0,850.0
1342,350.0,320.0,300.0,900.0,820.0,850.0
1343,350.0,320.0,300.0,900.0,820.0,850.0
1344,350.0,320.0,300.0,900.0,820.0,850.0
1345,350.0,320.0,300.0,900.0,820.0,850.0
1346,350.0,320.0,300.0,900.0,820.0,850.0
1347,350.0,320.0,300.0,900.0,820.0,850.0
1348,350.0,320.0,300.0,900.0,820.0,850.0
1349,350.0,320.0,300.0,900.0,820.0,850.0
1350,350.0,320.0,300.0,900.0,820.0,850.0
1351,350.0,320.0,300.0,900.0,820.0,850.0
1352,350.0,320.0,300.0,900.0,820.0,850.0
1353,350.0,320.0,300.0,900.0,820.0,850.0
1354,350.0,320.0,300.0,900.0,820.0,850.0
1355,350.0,320.0,300.0,900.0,820.0,850.0
1356,350.0,320.0,300.0,900.0,820.0,850.0
1357,350.0,320.0,300.0,900.0,820.0,850.0
1358,350.0,320.0,300.0,900.0,820.0,850.0
1359,350.0,320.0,300.0,900.0,820.0,850.0
1360,350.0,320.0,300.0,900.0,820.0,850.0
1361,350.0,320.0,300.0,900.0,820.0,850.0
1362,350.0,320.0,300.0,900.0,820.0,850.0
1363,350.0,320.0,300.0,900.0,820.0,850.0
1364,350.0,320.0,300.0,900.0,820.0,850.0
1365,350.0,320.0,300.0,900.0,820.0,850.0
1366,350.0,320.0,300.0,900.0,820.0,850.0
1367,350.0,320.0,300.0,900.0,820.0,850.0
1368,350.0,320.0,300.0,900.0,820.0,850.0
1369,350.0,320.0,300.0,900.0,820.0,850.0
1370,350.0,320.0,300.0,900.0,820.0,850.0
1371,350.0,320.0,300.0,900.0,820.0,850.0
1372,350.0,320.0,300.0,900.0,820.0,850.0
1373,350.0,320.0,300.0,900.0,820.0,850.0
1374,350.0,320.0,300.0,900.0,820.0,850.0
1375,350.0,320.0,300.0,900.0,820.0,850.0
1376,350.0,320.0,300.0,900.0,820.0,850.0
1377,350.0,320.0,300.0,900.0,820.0,850.0
1378,350.0,320.0,300.0,900.0,820.0,850.0
1379,350.0,320.0,300.0,900.0,820.0,850.0
1380,350.0,320.0,300.0,900.0,820.0,850.0
1381,350.0,320.0,300.0,900.0,820.0,850.0
1382,350.0,320.0,300.0,900.0,820.0,850.0
1383,350.0,320.0,300.0,900.0,820.0,850.0
1384,350.0,320.0,300.0,900.0,820.0,850.0
1385,350.0,320.0,300.0,900.0,820.0,850.0
1386,350.0,320.0,300.0,900.0,820.0,850.0
1387,350.0,320.0,300.0,900.0,820.0,850.0
1388,350.0,320.0,300.0,900.0,820.0,850.0
1389,350.0,320.0,300.0,900.0,820.0,850.0
1390,350.0,320.0,300.0,900.0,820.0,850.0
1391,350.0,320.0,300.0,900.0,820.0,850.0
1392,350.0,320.0,300.0,900.0,820.0,850.0
1393,350.0,320.0,300.0,900.0,820.0,850.0
1394,350.0,320.0,300.0,900.0,820.0,850.0
1395,350.0,320.0,300.0,900.0,820.0,850.0
1396,350.0,320.0,300.0,900.0,820.0,850.0
1397,350.0,320.0,300.0,900.0,820.0,850.0
1398,350.0,320.0,300.0,900.0,820.0,850.0
1399,350.0,320.0,300.0,900.0,820.0,850.0
1400,350.0,320.0,300.0,900.0,820.0,850.0
1401,350.0,320.0,300.0,900.0,820.0,850.0
1402,350.0,320.0,300.0,900.0,820.0,850.0
1403,350.0,320.0,300.0,900.0,820.0,850.0
1404,350.0,320.0,300.0,900.0,820.0,850.0
1405,350.0,320.0,300.0,900.0,820.0,850.0
1406,350.0,320.0,300.0,900.0,820.0,850.0
1407,350.0,320.0,300.0,900.0,820.0,850.0
1408,350.0,320.0,300.0,900.0,820.0,850.0
1409,350.0,320.0,300.0,900.0,820.0,850.0
1410,350.0,320.0,300.0,900.0,820.0,850.0
1411,350.0,320.0,300.0,900.0,820.0,850.0
1412,350.0,320.0,300.0,900.0,820.0,850.0
1413,350.0,320.0,300.0,900.0,820.0,850.0
1414,350.0,320.0,300.0,900.0,820.0,850.0
1415,350.0,320.0,300.0,900.0,820.0,850.0
1416,350.0,320.0,300.0,900.0,820.0,850.0
1417,350.0,320.0,300.0,900.0,820.0,850.0
1418,350.0,320.0,300.0,900.0,820.0,850.0
1419,350.0,320.0,300.0,900.0,820.0,850.0
1420,350.0,320.0,300.0,900.0,820.0,850.0
1421,350.0,320.0,300.0,900.0,820.0,850.0
1422,350.0,320.0,300.0,900.0,820.0,850.0
1423,350.0,320.0,300.0,900.0,820.0,850.0
1424,350.0,320.0,300.0,900.0,820.0,850.0
1425,350.0,320.0,300.0,900.0,820.0,850.0
1426,350.0,320.0,300.0,900.0,820.0,850.0
1427,350.0,320.0,300.0,900.0,820.0,850.0
1428,350.0,320.0,300.0,900.0,820.0,850.0
1429,350.0,320.0,300.0,900.0,820.0,850.0
1430,350.0,320.0,300.0,900.0,820.0,850.0
1431,350.0,320.0,300.0,900.0,820.0,850.0
1432,350.0,320.0,300.0,900.0,820.0,850.0
1433,350.0,320.0,300.0,900.0,820.0,850.0
1434,350.0,320.0,300.0,900.0,820.0,850.0
1435,350.0,320.0,300.0,900.0,820.0,850.0
1436,350.0,320.0,300.0,900.0,820.0,850.0
1437,350.0,320.0,300.0,900.0,820.0,850.0
1438,350.0,320.0,300.0,900.0,820.0,850.0
1439,350.0,320.0,300.0,900.0,820.0,850.0
1440,350.0,320.0,300.0,900.0,820.0,850.0
1441,350.0,320.0,300.0,900.0,820.0,850.0
1442,350.0,320.0,300.0,900.0,820.0,850.0
1443,350.0,320.0,300.0,900.0,820.0,850.0
1444,350.0,320.0,300.0,900.0,820.0,850.0
1445,350.0,320.0,300.0,900.0,820.0,850.0
1446,350.0,320.0,300.0,900.0,820.0,850.0
1447,350.0,320.0,300.0,900.0,820.0,850.0
1448,350.0,320.0,300.0,900.0,820.0,850.0
1449,350.0,320.0,300.0,900.0,820.0,850.0
1450,350.0,320.0,300.0,900.0,820.0,850.0
1451,350.0,320.0,300.0,900.0,820.0,850.0
1452,350.0,320.0,300.0,900.0,820.0,850.0
1453,350.0,320.0,300.0,900.0,820.0,850.0
1454,350.0,320.0,300.0,900.0,820.0,850.0
1455,350.0,320.0,300.0,900.0,820.0,850.0
1456,350.0,320.0,300.0,900.0,820.0,850.0
1457,350.0,320.0,300.0,900.0,820.0,850.0
1458,350.0,320.0,300.0,900.0,820.0,850.0
1459,350.0,320.0,300.0,900.0,820.0,850.0
1460,350.0,320.0,300.0,900.0,820.0,850.0
1461,350.0,320.0,300.0,900.0,820.0,850.0
1462,350.0,320.0,300.0,900.0,820.0,850.0
1463,350.0,320.0,300.0,900.0,820.0,850.0
1464,350.0,320.0,300.0,900.0,820.0,850.0
1465,350.0,320.0,300.0,900.0,820.0,850.0
1466,350.0,320.0,300.0,900.0,820.0,850.0
1467,350.0,320.0,300.0,900.0,820.0,850.0
1468,350.0,320.0,300.0,900.0,820.0,850.0
1469,350.0,320.0,300.0,900.0,820.0,850.0
1470,350.0,320.0,300.0,900.0,820.0,850.0
1471,350.0,320.0,300.0,900.0,820.0,850.0
1472,350.0,320.0,300.0,900.0,820.0,850.0
1473,350.0,320.0,300.0,900.0,820.0,850.0
1474,350.0,320.0,300.0,900.0,820.0,850.0
1475,350.0,320.0,300.0,900.0,820.0,850.0
1476,350.0,320.0,300.0,900.0,820.0,850.0
1477,350.0,320.0,300.0,900.0,820.0,850.0
1478,350.0,320.0,300.0,900.0,820.0,850.0
1479,350.0,320.0,300.0,900.0,820.0,850.0
1480,350.0,320.0,300.0,900.0,820.0,850.0
1481,350.0,320.0,300.0,900.0,820.0,850.0
1482,350.0,320.0,300.0,900.0,820.0,850.0
1483,350.0,320.0,300.0,900.0,820.0,850.0
1484,350.0,320.0,300.0,900.0,820.0,850.0
1485,350.0,320.0,300.0,900.0,820.0,850.0
1486,350.0,320.0,300.0,900.0,820.0,850.0
1487,350.0,320.0,300.0,900.0,820.0,850.0
1488,350.0,320.0,300.0,900.0,820.0,850.0
1489,350.0,320.0,300.0,900.0,820.0,850.0
1490,350.0,320.0,300.0,900.0,820.0,850.0
1491,350.0,320.0,300.0,900.0,820.0,850.0
1492,350.0,320.0,300.0,900.0,820.0,850.0
1493,350.0,320.0,300.0,900.0,820.0,850.0
1494,350.0,320.0,300.0,900.0,820.0,850.0
1495,350.0,320.0,300.0,900.0,820.0,850.0
1496,350.0,320.0,300.0,900.0,820.0,850.0
1497,350.0,320.0,300.0,900.0,820.0,850.0
1498,350.0,320.0,300.0,900.0,820.0,850.0
1499,350.0,320.0,300.0,900.0,820.0,850.0
1500,350.0,320.0,300.0,900.0,820.0,850.0
1501,350.0,320.0,300.0,900.0,820.0,850.0
1502,350.0,320.0,300.0,900.0,820.0,850.0
1503,350.0,320.0,300.0,900.0,820.0,850.0
1504,350.0,320.0,300.0,900.0,820.0,850.0
1505,350.0,320.0,300.0,900.0,820.0,850.0
1506,350.0,320.0,300.0,900.0,820.0,850.0
1507,350.0,320.0,300.0,900.0,820.0,850.0
1508,350.0,320.0,300.0,900.0,820.0,850.0
1509,350.0,320.0,300.0,900.0,820.0,850.0
1510,350.0,320.0,300.0,900.0,820.0,850.0
1511,350.0,320.0,300.0,900.0,820.0,850.0
1512,350.0,320.0,300.0,900.0,820.0,850.0
1513,350.0,320.0,300.0,900.0,820.0,850.0
1514,350.0,320.0,300.0,900.0,820.0,850.0
1515,350.0,320.0,300.0,900.0,820.0,850.0
1516,350.0,320.0,300.0,900.0,820.0,850.0
1517,350.0,320.0,300.0,900.0,820.0,850.0
1518,350.0,320.0,300.0,900.0,820.0,850.0
1519,350.0,320.0,300.0,900.0,820.0,850.0
1520,350.0,320.0,300.0,900.0,820.0,850.0
1521,350.0,320.0,300.0,900.0,820.0,850.0
1522,350.0,320.0,300.0,900.0,820.0,850.0
1523,350.0,320.0,300.0,900.0,820.0,850.0
1524,350.0,320.0,300.0,900.0,820.0,850.0
1525,350.0,320.0,300.0,900.0,820.0,850.0
1526,350.0,320.0,300.0,900.0,820.0,850.0
1527,350.0,320.0,300.0,900.0,820.0,850.0
1528,350.0,320.0,300.0,900.0,820.0,850.0
1529,350.0,320.0,300.0,900.0,820.0,850.0
1530,350.0,320.0,300.0,900.0,820.0,850.0
1531,350.0,320.0,300.0,900.0,820.0,850.0
1532,350.0,320.0,300.0,900.0,820.0,850.0
1533,350.0,320.0,300.0,900.0,820.0,850.0
1534,350.0,320.0,300.0,900.0,820.0,850.0
1535,350.0,320.0,300.0,900.0,820.0,850.0
1536,350.0,320.0,300.0,900.0,820.0,850.0
1537,350.0,320.0,300.0,900.0,820.0,850.0
1538,350.0,320.0,300.0,900.0,820.0,850.0
1539,350.0,320.0,300.0,900.0,820.0,850.0
1540,350.0,320.0,300.0,900.0,820.0,850.0
1541,350.0,320.0,300.0,900.0,820.0,850.0
1542,350.0,320.0,300.0,900.0,820.0,850.0
1543,350.0,320.0,300.0,900.0,820.0,850.0
1544,350.0,320.0,300.0,900.0,820.0,850.0
1545,350.0,320.0,300.0,900.0,820.0,850.0
1546,350.0,320.0,300.0,900.0,820.0,850.0
1547,350.0,320.0,300.0,900.0,820.0,850.0
1548,350.0,320.0,300.0,900.0,820.0,850.0
1549,350.0,320.0,300.0,900.0,820.0,850.0
1550,350.0,320.0,300.0,900.0,820.0,850.0
1551,350.0,320.0,300.0,900.0,820.0,850.0
1552,350.0,320.0,300.0,900.0,820.0,850.0
1553,350.0,320.0,300.0,900.0,820.0,850.0
1554,350.0,320.0,300.0,900.0,820.0,850.0
1555,350.0,320.0,300.0,900.0,820.0,850.0
1556,350.0,320.0,300.0,900.0,820.0,850.0
1557,350.0,320.0,300.0,900.0,820.0,850.0
1558,350.0,320.0,300.0,900.0,820.0,850.0
1559,350.0,320.0,300.0,900.0,820.0,850.0
1560,350.0,320.0,300.0,900.0,820.0,850.0
1561,350.0,320.0,300.0,900.0,820.0,850.0
1562,350.0,320.0,300.0,900.0,820.0,850.0
1563,350.0,320.0,300.0,900.0,820.0,850.0
1564,350.0,320.0,300.0,900.0,820.0,850.0
1565,350.0,320.0,300.0,900.0,820.0,850.0
1566,350.0,320.0,300.0,900.0,820.0,850.0
1567,350.0,320.0,300.0,900.0,820.0,850.0
1568,350.0,320.0,300.0,900.0,820.0,850.0
1569,350.0,320.0,300.0,900.0,820.0,850.0
1570,350.0,320.0,300.0,900.0,820.0,850.0
1571,350.0,320.0,300.0,900.0,820.0,850.0
1572,350.0,320.0,300.0,900.0,820.0,850.0
1573,350.0,320.0,300.0,900.0,820.0,850.0
1574,350.0,320.0,300.0,900.0,820.0,850.0
1575,350.0,320.0,300.0,900.0,820.0,850.0
1576,350.0,320.0,300.0,900.0,820.0,850.0
1577,350.0,320.0,300.0,900.0,820.0,850.0
1578,350.0,320.0,300.0,900.0,820.0,850.0
1579,350.0,320.0,300.0,900.0,820.0,850.0
1580,350.0,320.0,300.0,900.0,820.0,850.0
1581,350.0,320.0,300.0,900.0,820.0,850.0
1582,350.0,320.0,300.0,900.0,820.0,850.0
1583,350.0,320.0,300.0,900.0,820.0,850.0
1584,350.0,320.0,300.0,900.0,820.0,850.0
1585,350.0,320.0,300.0,900.0,820.0,850.0
1586,350.0,320.0,300.0,900.0,820.0,850.0
1587,350.0,320.0,300.0,900.0,820.0,850.0
1588,350.0,320.0,300.0,900.0,820.0,850.0
1589,350.0,320.0,300.0,900.0,820.0,850.0
1590,350.0,320.0,300.0,900.0,820.0,850.0
1591,350.0,320.0,300.0,900.0,820.0,850.0
1592,350.0,320.0,300.0,900.0,820.0,850.0
1593,350.0,320.0,300.0,900.0,820.0,850.0
1594,350.0,320.0,300.0,900.0,820.0,850.0
1595,350.0,320.0,300.0,900.0,820.0,850.0
1596,350.0,320.0,300.0,900.0,820.0,850.0
1597,350.0,320.0,300.0,900.0,820.0,850.0
1598,350.0,320.0,300.0,900.0,820.0,850.0
1599,350.0,320.0,300.0,900.0,820.0,850.0
1600,350.0,320.0,300.0,900.0,820.0,850.0
1601,350.0,320.0,300.0,900.0,820.0,850.0
1602,350.0,320.0,300.0,900.0,820.0,850.0
1603,350.0,320.0,300.0,900.0,820.0,850.0
1604,350.0,320.0,300.0,900.0,820.0,850.0
1605,350.0,320.0,300.0,900.0,820.0,850.0
1606,350.0,320.0,300.0,900.0,820.0,850.0
1607,350.0,320.0,300.0,900.0,820.0,850.0
1608,350.0,320.0,300.0,900.0,820.0,850.0
1609,350.0,320.0,300.0,900.0,820.0,850.0
1610,350.0,320.0,300.0,900.0,820.0,850.0
1611,350.0,320.0,300.0,900.0,820.0,850.0
1612,350.0,320.0,300.0,900.0,820.0,850.0
1613,350.0,320.0,300.0,900.0,820.0,850.0
1614,350.0,320.0,300.0,900.0,820.0,850.0
1615,350.0,320.0,300.0,900.0,820.0,850.0
1616,350.0,320.0,300.0,900.0,820.0,850.0
1617,350.0,320.0,300.0,900.0,820.0,850.0
1618,350.0,320.0,300.0,900.0,820.0,850.0
1619,350.0,320.0,300.0,900.0,820.0,850.0
1620,350.0,320.0,300.0,900.0,820.0,850.0
1621,350.0,320.0,300.0,900.0,820.0,850.0
1622,350.0,320.0,300.0,900.0,820.0,850.0
1623,350.0,320.0,300.0,900.0,820.0,850.0
1624,350.0,320.0,300.0,900.0,820.0,850.0
1625,350.0,320.0,300.0,900.0,820.0,850.0
1626,350.0,320.0,300.0,900.0,820.0,850.0
1627,350.0,320.0,300.0,900.0,820.0,850.0
1628,350.0,320.0,300.0,900.0,820.0,850.0
1629,350.0,320.0,300.0,900.0,820.0,850.0
1630,350.0,320.0,300.0,900.0,820.0,850.0
1631,350.0,320.0,300.0,900.0,820.0,850.0
1632,350.0,320.0,300.0,900.0,820.0,850.0
1633,350.0,320.0,300.0,900.0,820.0,850.0
1634,350.0,320.0,300.0,900.0,820.0,850.0
1635,350.0,320.0,300.0,900.0,820.0,850.0
1636,350.0,320.0,300.0,900.0,820.0,850.0
1637,350.0,320.0,300.0,900.0,820.0,850.0
1638,350.0,320.0,300.0,900.0,820.0,850.0
1639,350.0,320.0,300.0,900.0,820.0,850.0
1640,350.0,320.0,300.0,900.0,820.0,850.0
1641,350.0,320.0,300.0,900.0,820.0,850.0
1642,350.0,320.0,300.0,900.0,820.0,850.0
1643,350.0,320.0,300.0,900.0,820.0,850.0
1644,350.0,320.0,300.0,900.0,820.0,850.0
1645,350.0,320.0,300.0,900.0,820.0,850.0
1646,350.0,320.0,300.0,900.0,820.0,850.0
1647,350.0,320.0,300.0,900.0,820.0,850.0
1648,350.0,320.0,300.0,900.0,820.0,850.0
1649,350.0,320.0,300.0,900.0,820.0,850.0
1650,350.0,320.0,300.0,900.0,820.0,850.0
1651,350.0,320.0,300.0,900.0,820.0,850.0
1652,350.0,320.0,300.0,900.0,820.0,850.0
1653,350.0,320.0,300.0,900.0,820.0,850.0
1654,350.0,320.0,300.0,900.0,820.0,850.0
1655,350.0,320.0,300.0,900.0,820.0,850.0
1656,350.0,320.0,300.0,900.0,820.0,850.0
1657,350.0,320.0,300.0,900.0,820.0,850.0
1658,350.0,320.0,300.0,900.0,820.0,850.0
1659,350.0,320.0,300.0,900.0,820.0,850.0
1660,350.0,320.0,300.0,900.0,820.0,850.0
1661,350.0,320.0,300.0,900.0,820.0,850.0
1662,350.0,320.0,300.0,900.0,820.0,850.0
1663,350.0,320.0,300.0,900.0,820.0,850.0
1664,350.0,320.0,300.0,900.0,820.0,850.0
1665,350.0,320.0,300.0,900.0,820.0,850.0
1666,350.0,320.0,300.0,900.0,820.0,850.0
1667,350.0,320.0,300.0,900.0,820.0,850.0
1668,350.0,320.0,300.0,900.0,820.0,850.0
1669,350.0,320.0,300.0,900.0,820.0,850.0
1670,350.0,320.0,300.0,900.0,820.0,850.0
1671,350.0,320.0,300.0,900.0,820.0,850.0
1672,350.0,320.0,300.0,900.0,820.0,850.0
1673,350.0,320.0,300.0,900.0,820.0,850.0
1674,350.0,320.0,300.0,900.0,820.0,850.0
1675,350.0,320.0,300.0,900.0,820.0,850.0
1676,350.0,320.0,300.0,900.0,820.0,850.0
1677,350.0,320.0,300.0,900.0,820.0,850.0
1678,350.0,320.0,300.0,900.0,820.0,850.0
1679,350.0,320.0,300.0,900.0,820.0,850.0
1680,350.0,320.0,300.0,900.0,820.0,850.0
1681,350.0,320.0,300.0,900.0,820.0,850.0
1682,350.0,320.0,300.0,900.0,820.0,850.0
1683,350.0,320.0,300.0,900.0,820.0,850.0
1684,350.0,320.0,300.0,900.0,820.0,850.0
1685,350.0,320.0,300.0,900.0,820.0,850.0
1686,350.0,320.0,300.0,900.0,820.0,850.0
1687,350.0,320.0,300.0,900.0,820.0,850.0
1688,350.0,320.0,300.0,900.0,820.0,850.0
1689,350.0,320.0,300.0,900.0,820.0,850.0
1690,350.0,320.0,300.0,900.0,820.0,850.0
1691,350.0,320.0,300.0,900.0,820.0,850.0
1692,350.0,320.0,300.0,900.0,820.0,850.0
1693,350.0,320.0,300.0,900.0,820.0,850.0
1694,350.0,320.0,300.0,900.0,820.0,850.0
1695,350.0,320.0,300.0,900.0,820.0,850.0
1696,350.0,320.0,300.0,900.0,820.0,850.0
1697,350.0,320.0,300.0,900.0,820.0,850.0
1698,350.0,320.0,300.0,900.0,820.0,850.0
1699,350.0,320.0,300.0,900.0,820.0,850.0
1700,350.0,320.0,300.0,900.0,820.0,850.0
1701,350.0,320.0,300.0,900.0,820.0,850.0
1702,350.0,320.0,300.0,900.0,820.0,850.0
1703,350.0,320.0,300.0,900.0,820.0,850.0
1704,350.0,320.0,300.0,900.0,820.0,850.0
1705,350.0,320.0,300.0,900.0,820.0,850.0
1706,350.0,320.0,300.0,900.0,820.0,850.0
1707,350.0,320.0,300.0,900.0,820.0,850.0
1708,350.0,320.0,300.0,900.0,820.0,850.0
1709,350.0,320.0,300.0,900.0,820.0,850.0
1710,350.0,320.0,300.0,900.0,820.0,850.0
1711,350.0,320.0,300.0,900.0,820.0,850.0
1712,350.0,320.0,300.0,900.0,820.0,850.0
1713,350.0,320.0,300.0,900.0,820.0,850.0
1714,350.0,320.0,300.0,900.0,820.0,850.0
1715,350.0,320.0,300.0,900.0,820.0,850.0
1716,350.0,320.0,300.0,900.0,820.0,850.0
1717,350.0,320.0,300.0,900.0,820.0,850.0
1718,350.0,320.0,300.0,900.0,820.0,850.0
1719,350.0,320.0,300.0,900.0,820.0,850.0
1720,350.0,320.0,300.0,900.0,820.0,850.0
1721,350.0,320.0,300.0,900.0,820.0,850.0
1722,350.0,320.0,300.0,900.0,820.0,850.0
1723,350.0,320.0,300.0,900.0,820.0,850.0
1724,350.0,320.0,300.0,900.0,820.0,850.0
1725,350.0,320.0,300.0,900.0,820.0,850.0
1726,350.0,320.0,300.0,900.0,820.0,850.0
1727,350.0,320.0,300.0,900.0,820.0,850.0
1728,350.0,320.0,300.0,900.0,820.0,850.0
1729,350.0,320.0,300.0,900.0,820.0,850.0
1730,350.0,320.0,300.0,900.0,820.0,850.0
1731,350.0,320.0,300.0,900.0,820.0,850.0
1732,350.0,320.0,300.0,900.0,820.0,850.0
1733,350.0,320.0,300.0,900.0,820.0,850.0
1734,350.0,320.0,300.0,900.0,820.0,850.0
1735,350.0,320.0,300.0,900.0,820.0,850.0
1736,350.0,320.0,300.0,900.0,820.0,850.0
1737,350.0,320.0,300.0,900.0,820.0,850.0
1738,350.0,320.0,300.0,900.0,820.0,850.0
1739,350.0,320.0,300.0,900.0,820.0,850.0
1740,350.0,320.0,300.0,900.0,820.0,850.0
1741,350.0,320.0,300.0,900.0,820.0,850.0
1742,350.0,320.0,300.0,900.0,820.0,850.0
1743,350.0,320.0,300.0,900.0,820.0,850.0
1744,350.0,320.0,300.0,900.0,820.0,850.0
1745,350.0,320.0,300.0,900.0,820.0,850.0
1746,350.0,320.0,300.0,900.0,820.0,850.0
1747,350.0,320.0,300.0,900.0,820.0,850.0
1748,350.0,320.0,300.0,900.0,820.0,850.0
1749,350.0,320.0,300.0,900.0,820.0,850.0
1750,350.0,320.0,300.0,900.0,820.0,850.0
1751,350.0,320.0,300.0,900.0,820.0,850.0
1752,350.0,320.0,300.0,900.0,820.0,850.0
1753,350.0,320.0,300.0,900.0,820.0,850.0
1754,350.0,320.0,300.0,900.0,820.0,850.0
1755,350.0,320.0,300.0,900.0,820.0,850.0
1756,350.0,320.0,300.0,900.0,820.0,850.0
1757,350.0,320.0,300.0,900.0,820.0,850.0
1758,350.0,320.0,300.0,900.0,820.0,850.0
1759,350.0,320.0,300.0,900.0,820.0,850.0
1760,350.0,320.0,300.0,900.0,820.0,850.0
1761,350.0,320.0,300.0,900.0,820.0,850.0
1762,350.0,320.0,300.0,900.0,820.0,850.0
1763,350.0,320.0,300.0,900.0,820.0,850.0
1764,350.0,320.0,300.0,900.0,820.0,850.0
1765,350.0,320.0,300.0,900.0,820.0,850.0
1766,350.0,320.0,300.0,900.0,820.0,850.0
1767,350.0,320.0,300.0,900.0,820.0,850.0
1768,350.0,320.0,300.0,900.0,820.0,850.0
1769,350.0,320.0,300.0,900.0,820.0,850.0
1770,350.0,320.0,300.0,900.0,820.0,850.0
1771,350.0,320.0,300.0,900.0,820.0,850.0
1772,350.0,320.0,300.0,900.0,820.0,850.0
1773,350.0,320.0,300.0,900.0,820.0,850.0
1774,350.0,320.0,300.0,900.0,820.0,850.0
1775,350.0,320.0,300.0,900.0,820.0,850.0
1776,350.0,320.0,300.0,900.0,820.0,850.0
1777,350.0,320.0,300.0,900.0,820.0,850.0
1778,350.0,320.0,300.0,900.0,820.0,850.0
1779,350.0,320.0,300.0,900.0,820.0,850.0
1780,350.0,320.0,300.0,900.0,820.0,850.0
1781,350.0,320.0,300.0,900.0,820.0,850.0
1782,350.0,320.0,300.0,900.0,820.0,850.0
1783,350.0,320.0,300.0,900.0,820.0,850.0
1784,350.0,320.0,300.0,900.0,820.0,850.0
1785,350.0,320.0,300.0,900.0,820.0,850.0
1786,350.0,320.0,300.0,900.0,820.0,850.0
1787,350.0,320.0,300.0,900.0,820.0,850.0
1788,350.0,320.0,300.0,900.0,820.0,850.0
1789,350.0,320.0,300.0,900.0,820.0,850.0
1790,350.0,320.0,300.0,900.0,820.0,850.0
1791,350.0,320.0,300.0,900.0,820.0,850.0
1792,350.0,320.0,300.0,900.0,820.0,850.0
1793,350.0,320.0,300.0,900.0,820.0,850.0
1794,350.0,320.0,300.0,900.0,820.0,850.0
1795,350.0,320.0,300.0,900.0,820.0,850.0
1796,350.0,320.0,300.0,900.0,820.0,850.0
1797,350.0,320.0,300.0,900.0,820.0,850.0
1798,350.0,320.0,300.0,900.0,820.0,850.0
1799,350.0,320.0,300.0,900.0,820.0,850.0
1800,350.0,320.0,300.0,900.0,820.0,850.0
1801,350.0,320.0,300.0,900.0,820.0,850.0
1802,350.0,320.0,300.0,900.0,820.0,850.0
1803,350.0,320.0,300.0,900.0,820.0,850.0
1804,350.0,320.0,300.0,900.0,820.0,850.0
1805,350.0,320.0,300.0,900.0,820.0,850.0
1806,350.0,320.0,300.0,900.0,820.0,850.0
1807,350.0,320.0,300.0,900.0,820.0,850.0
1808,350.0,320.0,300.0,900.0,820.0,850.0
1809,350.0,320.0,300.0,900.0,820.0,850.0
1810,350.0,320.0,300.0,900.0,820.0,850.0
1811,350.0,320.0,300.0,900.0,820.0,850.0
1812,350.0,320.0,300.0,900.0,820.0,850.0
1813,350.0,320.0,300.0,900.0,820.0,850.0
1814,350.0,320.0,300.0,900.0,820.0,850.0
1815,350.0,320.0,300.0,900.0,820.0,850.0
1816,350.0,320.0,300.0,900.0,820.0,850.0
1817,350.0,320.0,300.0,900.0,820.0,850.0
1818,350.0,320.0,300.0,900.0,820.0,850.0
1819,350.0,320.0,300.0,900.0,820.0,850.0
1820,350.0,320.0,300.0,900.0,820.0,850.0
1821,350.0,320.0,300.0,900.0,820.0,850.0
1822,350.0,320.0,300.0,900.0,820.0,850.0
1823,350.0,320.0,300.0,900.0,820.0,850.0
1824,350.0,320.0,300.0,900.0,820.0,850.0
1825,350.0,320.0,300.0,900.0,820.0,850.0
1826,350.0,320.0,300.0,900.0,820.0,850.0
1827,350.0,320.0,300.0,900.0,820.0,850.0
1828,350.0,320.0,300.0,900.0,820.0,850.0
1829,350.0,320.0,300.0,900.0,820.0,850.0
1830,350.0,320.0,300.0,900.0,820.0,850.0
1831,350.0,320.0,300.0,900.0,820.0,850.0
1832,350.0,320.0,300.0,900.0,820.0,850.0
1833,350.0,320.0,300.0,900.0,820.0,850.0
1834,350.0,320.0,300.0,900.0,820.0,850.0
1835,350.0,320.0,300.0,900.0,820.0,850.0
1836,350.0,320.0,300.0,900.0,820.0,850.0
1837,350.0,320.0,300.0,900.0,820.0,850.0
1838,350.0,320.0,300.0,900.0,820.0,850.0
1839,350.0,320.0,300.0,900.0,820.0,850.0
1840,350.0,320.0,300.0,900.0,820.0,850.0
1841,350.0,320.0,300.0,900.0,820.0,850.0
1842,350.0,320.0,300.0,900.0,820.0,850.0
1843,350.0,320.0,300.0,900.0,820.0,850.0
1844,350.0,320.0,300.0,900.0,820.0,850.0
1845,350.0,320.0,300.0,900.0,820.0,850.0
1846,350.0,320.0,300.0,900.0,820.0,850.0
1847,350.0,320.0,300.0,900.0,820.0,850.0
1848,350.0,320.0,300.0,900.0,820.0,850.0
1849,350.0,320.0,300.0,900.0,820.0,850.0
1850,350.0,320.0,300.0,900.0,820.0,850.0
1851,350.0,320.0,300.0,900.0,820.0,850.0
1852,350.0,320.0,300.0,900.0,820.0,850.0
1853,350.0,320.0,300.0,900.0,820.0,850.0
1854,350.0,320.0,300.0,900.0,820.0,850.0
1855,350.0,320.0,300.0,900.0,820.0,850.0
1856,350.0,320.0,300.0,900.0,820.0,850.0
1857,350.0,320.0,300.0,900.0,820.0,850.0
1858,350.0,320.0,300.0,900.0,820.0,850.0
1859,350.0,320.0,300.0,900.0,820.0,850.0
1860,350.0,320.0,300.0,900.0,820.0,850.0
1861,350.0,320.0,300.0,900.0,820.0,850.0
1862,350.0,320.0,300.0,900.0,820.0,850.0
1863,350.0,320.0,300.0,900.0,820.0,850.0
1864,350.0,320.0,300.0,900.0,820.0,850.0
1865,350.0,320.0,300.0,900.0,820.0,850.0
1866,350.0,320.0,300.0,900.0,820.0,850.0
1867,350.0,320.0,300.0,900.0,820.0,850.0
1868,350.0,320.0,300.0,900.0,820.0,850.0
1869,350.0,320.0,300.0,900.0,820.0,850.0
1870,350.0,320.0,300.0,900.0,820.0,850.0
1871,350.0,320.0,300.0,900.0,820.0,850.0
1872,350.0,320.0,300.0,900.0,820.0,850.0
1873,350.0,320.0,300.0,900.0,820.0,850.0
1874,350.0,320.0,300.0,900.0,820.0,850.0
1875,350.0,320.0,300.0,900.0,820.0,850.0
1876,350.0,320.0,300.0,900.0,820.0,850.0
1877,350.0,320.0,300.0,900.0,820.0,850.0
1878,350.0,320.0,300.0,900.0,820.0,850.0
1879,350.0,320.0,300.0,900.0,820.0,850.0
1880,350.0,320.0,300.0,900.0,820.0,850.0
1881,350.0,320.0,300.0,900.0,820.0,850.0
1882,350.0,320.0,300.0,900.0,820.0,850.0
1883,350.0,320.0,300.0,900.0,820.0,850.0
1884,350.0,320.0,300.0,900.0,820.0,850.0
1885,350.0,320.0,300.0,900.0,820.0,850.0
1886,350.0,320.0,300.0,900.0,820.0,850.0
1887,350.0,320.0,300.0,900.0,820.0,850.0
1888,350.0,320.0,300.0,900.0,820.0,850.0
1889,350.0,320.0,300.0,900.0,820.0,850.0
1890,350.0,320.0,300.0,900.0,820.0,850.0
1891,350.0,320.0,300.0,900.0,820.0,850.0
1892,350.0,320.0,300.0,900.0,820.0,850.0
1893,350.0,320.0,300.0,900.0,820.0,850.0
1894,350.0,320.0,300.0,900.0,820.0,850.0
1895,350.0,320.0,300.0,900.0,820.0,850.0
1896,350.0,320.0,300.0,900.0,820.0,850.0
1897,350.0,320.0,300.0,900.0,820.0,850.0
1898,350.0,320.0,300.0,900.0,820.0,850.0
1899,350.0,320.0,300.0,900.0,820.0,850.0
1900,350.0,320.0,300.0,900.0,820.0,850.0
1901,350.0,320.0,300.0,900.0,820.0,850.0
1902,350.0,320.0,300.0,900.0,820.0,850.0
1903,350.0,320.0,300.0,900.0,820.0,850.0
1904,350.0,320.0,300.0,900.0,820.0,850.0
1905,350.0,320.0,300.0,900.0,820.0,850.0
1906,350.0,320.0,300.0,900.0,820.0,850.0
1907,350.0,320.0,300.0,900.0,820.0,850.0
1908,350.0,320.0,300.0,900.0,820.0,850.0
1909,350.0,320.0,300.0,900.0,820.0,850.0
1910,350.0,320.0,300.0,900.0,820.0,850.0
1911,350.0,320.0,300.0,900.0,820.0,850.0
1912,350.0,320.0,300.0,900.0,820.0,850.0
1913,350.0,320.0,300.0,900.0,820.0,850.0
1914,350.0,320.0,300.0,900.0,820.0,850.0
1915,350.0,320.0,300.0,900.0,820.0,850.0
1916,350.0,320.0,300.0,900.0,820.0,850.0
1917,350.0,320.0,300.0,900.0,820.0,850.0
1918,350.0,320.0,300.0,900.0,820.0,850.0
1919,350.0,320.0,300.0,900.0,820.0,850.0
1920,350.0,320.0,300.0,900.0,820.0,850.0
1921,350.0,320.0,300.0,900.0,820.0,850.0
1922,350.0,320.0,300.0,900.0,820.0,850.0
1923,350.0,320.0,300.0,900.0,820.0,850.0
1924,350.0,320.0,300.0,900.0,820.0,850.0
1925,350.0,320.0,300.0,900.0,820.0,850.0
1926,350.0,320.0,300.0,900.0,820.0,850.0
1927,350.0,320.0,300.0,900.0,820.0,850.0
1928,350.0,320.0,300.0,900.0,820.0,850.0
1929,350.0,320.0,300.0,900.0,820.0,850.0
1930,350.0,320.0,300.0,900.0,820.0,850.0
1931,350.0,320.0,300.0,900.0,820.0,850.0
1932,350.0,320.0,300.0,900.0,820.0,850.0
1933,350.0,320.0,300.0,900.0,820.0,850.0
1934,350.0,320.0,300.0,900.0,820.0,850.0
1935,350.0,320.0,300.0,900.0,820.0,850.0
1936,350.0,320.0,300.0,900.0,820.0,850.0
1937,350.0,320.0,300.0,900.0,820.0,850.0
1938,350.0,320.0,300.0,900.0,820.0,850.0
1939,350.0,320.0,300.0,900.0,820.0,850.0
1940,350.0,320.0,300.0,900.0,820.0,850.0
1941,350.0,320.0,300.0,900.0,820.0,850.0
1942,350.0,320.0,300.0,900.0,820.0,850.0
1943,350.0,320.0,300.0,900.0,820.0,850.0
1944,350.0,320.0,300.0,900.0,820.0,850.0
1945,350.0,320.0,300.0,900.0,820.0,850.0
1946,350.0,320.0,300.0,900.0,820.0,850.0
1947,350.0,320.0,300.0,900.0,820.0,850.0
1948,350.0,320.0,300.0,900.0,820.0,850.0
1949,350.0,320.0,300.0,900.0,820.0,850.0
1950,350.0,320.0,300.0,900.0,820.0,850.0
1951,350.0,320.0,300.0,900.0,820.0,850.0
1952,350.0,320.0,300.0,900.0,820.0,850.0
1953,350.0,320.0,300.0,900.0,820.0,850.0
1954,350.0,320.0,300.0,900.0,820.0,850.0
1955,350.0,320.0,300.0,900.0,820.0,850.0
1956,350.0,320.0,300.0,900.0,820.0,850.0
1957,350.0,320.0,300.0,900.0,820.0,850.0
1958,350.0,320.0,300.0,900.0,820.0,850.0
1959,350.0,320.0,300.0,900.0,820.0,850.0
1960,350.0,320.0,300.0,900.0,820.0,850.0
1961,350.0,320.0,300.0,900.0,820.0,850.0
1962,350.0,320.0,300.0,900.0,820.0,850.0
1963,350.0,320.0,300.0,900.0,820.0,850.0
1964,350.0,320.0,300.0,900.0,820.0,850.0
1965,350.0,320.0,300.0,900.0,820.0,850.0
1966,350.0,320.0,300.0,900.0,820.0,850.0
1967,350.0,320.0,300.0,900.0,820.0,850.0
1968,350.0,320.0,300.0,900.0,820.0,850.0
1969,350.0,320.0,300.0,900.0,820.0,850.0
1970,350.0,320.0,300.0,900.0,820.0,850.0
1971,350.0,320.0,300.0,900.0,820.0,850.0
1972,350.0,320.0,300.0,900.0,820.0,850.0
1973,350.0,320.0,300.0,900.0,820.0,850.0
1974,350.0,320.0,300.0,900.0,820.0,850.0
1975,350.0,320.0,300.0,900.0,820.0,850.0
1976,350.0,320.0,300.0,900.0,820.0,850.0
1977,350.0,320.0,300.0,900.0,820.0,850.0
1978,350.0,320.0,300.0,900.0,820.0,850.0
1979,350.0,320.0,300.0,900.0,820.0,850.0
1980,350.0,320.0,300.0,900.0,820.0,850.0
1981,350.0,320.0,300.0,900.0,820.0,850.0
1982,350.0,320.0,300.0,900.0,820.0,850.0
1983,350.0,320.0,300.0,900.0,820.0,850.0
1984,350.0,320.0,300.0,900.0,820.0,850.0
1985,350.0,320.0,300.0,900.0,820.0,850.0
1986,350.0,320.0,300.0,900.0,820.0,850.0
1987,350.0,320.0,300.0,900.0,820.0,850.0
1988,350.0,320.0,300.0,900.0,820.0,850.0
1989,350.0,320.0,300.0,900.0,820.0,850.0
1990,350.0,320.0,300.0,900.0,820.0,850.0
1991,350.0,320.0,300.0,900.0,820.0,850.0
1992,350.0,320.0,300.0,900.0,820.0,850.0
1993,350.0,320.0,300.0,900.0,820.0,850.0
1994,350.0,320.0,300.0,900.0,820.0,850.0
1995,350.0,320.0,300.0,900.0,820.0,850.0
1996,350.0,320.0,300.0,900.0,820.0,850.0
1997,350.0,320.0,300.0,900.0,820.0,850.0
1998,350.0,320.0,300.0,900.0,820.0,850.0
1999,350.0,320.0,300.0,900.0,820.0,850.0
2000,350.0,320.0,300.0,900.0,820.0,850.0
2001,350.0,320.0,300.0,900.0,820.0,850.0
2002,350.0,320.0,300.0,900.0,820.0,850.0
2003,350.0,320.0,300.0,900.0,820.0,850.0
2004,350.0,320.0,300.0,900.0,820.0,850.0
2005,350.0,320.0,300.0,900.0,820.0,850.0
2006,350.0,320.0,300.0,900.0,820.0,850.0
2007,350.0,320.0,300.0,900.0,820.0,850.0
2008,350.0,320.0,300.0,900.0,820.0,850.0
2009,350.0,320.0,300.0,900.0,820.0,850.0
2010,350.0,320.0,300.0,900.0,820.0,850.0
2011,350.0,320.0,300.0,900.0,820.0,850.0
2012,350.0,320.0,300.0,900.0,820.0,850.0
2013,350.0,320.0,300.0,900.0,820.0,850.0
2014,350.0,320.0,300.0,900.0,820.0,850.0
2015,350.0,320.0,300.0,900.0,820.0,850.0
2016,350.0,320.0,300.0,900.0,820.0,850.0
2017,350.0,320.0,300.0,900.0,820.0,850.0
2018,350.0,320.0,300.0,900.0,820.0,850.0
2019,350.0,320.0,300.0,900.0,820.0,850.0
2020,350.0,320.0,300.0,900.0,820.0,850.0
2021,350.0,320.0,300.0,900.0,820.0,850.0
2022,350.0,320.0,300.0,900.0,820.0,850.0
2023,350.0,320.0,300.0,900.0,820.0,850.0
2024,350.0,320.0,300.0,900.0,820.0,850.0
2025,350.0,320.0,300.0,900.0,820.0,850.0
2026,350.0,320.0,300.0,900.0,820.0,850.0
2027,350.0,320.0,300.0,900.0,820.0,850.0
2028,350.0,320.0,300.0,900.0,820.0,850.0
2029,350.0,320.0,300.0,900.0,820.0,850.0
2030,350.0,320.0,300.0,900.0,820.0,850.0
2031,350.0,320.0,300.0,900.0,820.0,850.0
2032,350.0,320.0,300.0,900.0,820.0,850.0
2033,350.0,320.0,300.0,900.0,820.0,850.0
2034,350.0,320.0,300.0,900.0,820.0,850.0
2035,350.0,320.0,300.0,900.0,820.0,850.0
2036,350.0,320.0,300.0,900.0,820.0,850.0
2037,350.0,320.0,300.0,900.0,820.0,850.0
2038,350.0,320.0,300.0,900.0,820.0,850.0
2039,350.0,320.0,300.0,900.0,820.0,850.0
2040,350.0,320.0,300.0,900.0,820.0,850.0
2041,350.0,320.0,300.0,900.0,820.0,850.0
2042,350.0,320.0,300.0,900.0,820.0,850.0
2043,350.0,320.0,300.0,900.0,820.0,850.0
2044,350.0,320.0,300.0,900.0,820.0,850.0
2045,350.0,320.0,300.0,900.0,820.0,850.0
2046,350.0,320.0,300.0,900.0,820.0,850.0
2047,350.0,320.0,300.0,900.0,820.0,850.0
2048,350.0,320.0,300.0,900.0,820.0,850.0
2049,350.0,320.0,300.0,900.0,820.0,850.0
2050,350.0,320.0,300.0,900.0,820.0,850.0
2051,350.0,320.0,300.0,900.0,820.0,850.0
2052,350.0,320.0,300.0,900.0,820.0,850.0
2053,350.0,320.0,300.0,900.0,820.0,850.0
2054,350.0,320.0,300.0,900.0,820.0,850.0
2055,350.0,320.0,300.0,900.0,820.0,850.0
2056,350.0,320.0,300.0,900.0,820.0,850.0
2057,350.0,320.0,300.0,900.0,820.0,850.0
2058,350.0,320.0,300.0,900.0,820.0,850.0
2059,350.0,320.0,300.0,900.0,820.0,850.0
2060,350.0,320.0,300.0,900.0,820.0,850.0
2061,350.0,320.0,300.0,900.0,820.0,850.0
2062,350.0,320.0,300.0,900.0,820.0,850.0
2063,350.0,320.0,300.0,900.0,820.0,850.0
2064,350.0,320.0,300.0,900.0,820.0,850.0
2065,350.0,320.0,300.0,900.0,820.0,850.0
2066,350.0,320.0,300.0,900.0,820.0,850.0
2067,350.0,320.0,300.0,900.0,820.0,850.0
2068,350.0,320.0,300.0,900.0,820.0,850.0
2069,350.0,320.0,300.0,900.0,820.0,850.0
2070,350.0,320.0,300.0,900.0,820.0,850.0
2071,350.0,320.0,300.0,900.0,820.0,850.0
2072,350.0,320.0,300.0,900.0,820.0,850.0
2073,350.0,320.0,300.0,900.0,820.0,850.0
2074,350.0,320.0,300.0,900.0,820.0,850.0
2075,350.0,320.0,300.0,900.0,820.0,850.0
2076,350.0,320.0,300.0,900.0,820.0,850.0
2077,350.0,320.0,300.0,900.0,820.0,850.0
2078,350.0,320.0,300.0,900.0,820.0,850.0
2079,350.0,320.0,300.0,900.0,820.0,850.0
2080,350.0,320.0,300.0,900.0,820.0,850.0
2081,350.0,320.0,300.0,900.0,820.0,850.0
2082,350.0,320.0,300.0,900.0,820.0,850.0
2083,350.0,320.0,300.0,900.0,820.0,850.0
2084,350.0,320.0,300.0,900.0,820.0,850.0
2085,350.0,320.0,300.0,900.0,820.0,850.0
2086,350.0,320.0,300.0,900.0,820.0,850.0
2087,350.0,320.0,300.0,900.0,820.0,850.0
2088,350.0,320.0,300.0,900.0,820.0,850.0
2089,350.0,320.0,300.0,900.0,820.0,850.0
2090,350.0,320.0,300.0,900.0,820.0,850.0
2091,350.0,320.0,300.0,900.0,820.0,850.0
2092,350.0,320.0,300.0,900.0,820.0,850.0
2093,350.0,320.0,300.0,900.0,820.0,850.0
2094,350.0,320.0,300.0,900.0,820.0,850.0
2095,350.0,320.0,300.0,900.0,820.0,850.0
2096,350.0,320.0,300.0,900.0,820.0,850.0
2097,350.0,320.0,300.0,900.0,820.0,850.0
2098,350.0,320.0,300.0,900.0,820.0,850.0
2099,350.0,320.0,300.0,900.0,820.0,850.0
2100,350.0,320.0,300.0,900.0,820.0,850.0
2101,350.0,320.0,300.0,900.0,820.0,850.0
2102,350.0,320.0,300.0,900.0,820.0,850.0
2103,350.0,320.0,300.0,900.0,820.0,850.0
2104,350.0,320.0,300.0,900.0,820.0,850.0
2105,350.0,320.0,300.0,900.0,820.0,850.0
2106,350.0,320.0,300.0,900.0,820.0,850.0
2107,350.0,320.0,300.0,900.0,820.0,850.0
2108,350.0,320.0,300.0,900.0,820.0,850.0
2109,350.0,320.0,300.0,900.0,820.0,850.0
2110,350.0,320.0,300.0,900.0,820.0,850.0
2111,350.0,320.0,300.0,900.0,820.0,850.0
2112,350.0,320.0,300.0,900.0,820.0,850.0
2113,350.0,320.0,300.0,900.0,820.0,850.0
2114,350.0,320.0,300.0,900.0,820.0,850.0
2115,350.0,320.0,300.0,900.0,820.0,850.0
2116,350.0,320.0,300.0,900.0,820.0,850.0
2117,350.0,320.0,300.0,900.0,820.0,850.0
2118,350.0,320.0,300.0,900.0,820.0,850.0
2119,350.0,320.0,300.0,900.0,820.0,850.0
2120,350.0,320.0,300.0,900.0,820.0,850.0
2121,350.0,320.0,300.0,900.0,820.0,850.0
2122,350.0,320.0,300.0,900.0,820.0,850.0
2123,350.0,320.0,300.0,900.0,820.0,850.0
2124,350.0,320.0,300.0,900.0,820.0,850.0
2125,350.0,320.0,300.0,900.0,820.0,850.0
2126,350.0,320.0,300.0,900.0,820.0,850.0
2127,350.0,320.0,300.0,900.0,820.0,850.0
2128,350.0,320.0,300.0,900.0,820.0,850.0
2129,350.0,320.0,300.0,900.0,820.0,850.0
2130,350.0,320.0,300.0,900.0,820.0,850.0
2131,350.0,320.0,300.0,900.0,820.0,850.0
2132,350.0,320.0,300.0,900.0,820.0,850.0
2133,350.0,320.0,300.0,900.0,820.0,850.0
2134,350.0,320.0,300.0,900.0,820.0,850.0
2135,350.0,320.0,300.0,900.0,820.0,850.0
2136,350.0,320.0,300.0,900.0,820.0,850.0
2137,350.0,320.0,300.0,900.0,820.0,850.0
2138,350.0,320.0,300.0,900.0,820.0,850.0
2139,350.0,320.0,300.0,900.0,820.0,850.0
2140,350.0,320.0,300.0,900.0,820.0,850.0
2141,350.0,320.0,300.0,900.0,820.0,850.0
2142,350.0,320.0,300.0,900.0,820.0,850.0
2143,350.0,320.0,300.0,900.0,820.0,850.0
2144,350.0,320.0,300.0,900.0,820.0,850.0
2145,350.0,320.0,300.0,900.0,820.0,850.0
2146,350.0,320.0,300.0,900.0,820.0,850.0
2147,350.0,320.0,300.0,900.0,820.0,850.0
2148,350.0,320.0,300.0,900.0,820.0,850.0
2149,350.0,320.0,300.0,900.0,820.0,850.0
2150,350.0,320.0,300.0,900.0,820.0,850.0
2151,350.0,320.0,300.0,900.0,820.0,850.0
2152,350.0,320.0,300.0,900.0,820.0,850.0
2153,350.0,320.0,300.0,900.0,820.0,850.0
2154,350.0,320.0,300.0,900.0,820.0,850.0
2155,350.0,320.0,300.0,900.0,820.0,850.0
2156,350.0,320.0,300.0,900.0,820.0,850.0
2157,350.0,320.0,300.0,900.0,820.0,850.0
2158,350.0,320.0,300.0,900.0,820.0,850.0
2159,350.0,320.0,300.0,900.0,820.0,850.0
2160,350.0,320.0,300.0,900.0,820.0,850.0
2161,350.0,320.0,300.0,900.0,820.0,850.0
2162,350.0,320.0,300.0,900.0,820.0,850.0
2163,350.0,320.0,300.0,900.0,820.0,850.0
2164,350.0,320.0,300.0,900.0,820.0,850.0
2165,350.0,320.0,300.0,900.0,820.0,850.0
2166,350.0,320.0,300.0,900.0,820.0,850.0
2167,350.0,320.0,300.0,900.0,820.0,850.0
2168,350.0,320.0,300.0,900.0,820.0,850.0
2169,350.0,320.0,300.0,900.0,820.0,850.0
2170,350.0,320.0,300.0,900.0,820.0,850.0
2171,350.0,320.0,300.0,900.0,820.0,850.0
2172,350.0,320.0,300.0,900.0,820.0,850.0
2173,350.0,320.0,300.0,900.0,820.0,850.0
2174,350.0,320.0,300.0,900.0,820.0,850.0
2175,350.0,320.0,300.0,900.0,820.0,850.0
2176,350.0,320.0,300.0,900.0,820.0,850.0
2177,350.0,320.0,300.0,900.0,820.0,850.0
2178,350.0,320.0,300.0,900.0,820.0,850.0
2179,350.0,320.0,300.0,900.0,820.0,850.0
2180,350.0,320.0,300.0,900.0,820.0,850.0
2181,350.0,320.0,300.0,900.0,820.0,850.0
2182,350.0,320.0,300.0,900.0,820.0,850.0
2183,350.0,320.0,300.0,900.0,820.0,850.0
2184,350.0,320.0,300.0,900.0,820.0,850.0
2185,350.0,320.0,300.0,900.0,820.0,850.0
2186,350.0,320.0,300.0,900.0,820.0,850.0
2187,350.0,320.0,300.0,900.0,820.0,850.0
2188,350.0,320.0,300.0,900.0,820.0,850.0
2189,350.0,320.0,300.0,900.0,820.0,850.0
2190,350.0,320.0,300.0,900.0,820.0,850.0
2191,350.0,320.0,300.0,900.0,820.0,850.0
2192,350.0,320.0,300.0,900.0,820.0,850.0
2193,350.0,320.0,300.0,900.0,820.0,850.0
2194,350.0,320.0,300.0,900.0,820.0,850.0
2195,350.0,320.0,300.0,900.0,820.0,850.0
2196,350.0,320.0,300.0,900.0,820.0,850.0
2197,350.0,320.0,300.0,900.0,820.0,850.0
2198,350.0,320.0,300.0,900.0,820.0,850.0
2199,350.0,320.0,300.0,900.0,820.0,850.0
2200,350.0,320.0,300.0,900.0,820.0,850.0
2201,350.0,320.0,300.0,900.0,820.0,850.0
2202,350.0,320.0,300.0,900.0,820.0,850.0
2203,350.0,320.0,300.0,900.0,820.0,850.0
2204,350.0,320.0,300.0,900.0,820.0,850.0
2205,350.0,320.0,300.0,900.0,820.0,850.0
2206,350.0,320.0,300.0,900.0,820.0,850.0
2207,350.0,320.0,300.0,900.0,820.0,850.0
2208,350.0,320.0,300.0,900.0,820.0,850.0
2209,350.0,320.0,300.0,900.0,820.0,850.0
2210,350.0,320.0,300.0,900.0,820.0,850.0
2211,350.0,320.0,300.0,900.0,820.0,850.0
2212,350.0,320.0,300.0,900.0,820.0,850.0
2213,350.0,320.0,300.0,900.0,820.0,850.0
2214,350.0,320.0,300.0,900.0,820.0,850.0
2215,350.0,320.0,300.0,900.0,820.0,850.0
2216,350.0,320.0,300.0,900.0,820.0,850.0
2217,350.0,320.0,300.0,900.0,820.0,850.0
2218,350.0,320.0,300.0,900.0,820.0,850.0
2219,350.0,320.0,300.0,900.0,820.0,850.0
2220,350.0,320.0,300.0,900.0,820.0,850.0
2221,350.0,320.0,300.0,900.0,820.0,850.0
2222,350.0,320.0,300.0,900.0,820.0,850.0
2223,350.0,320.0,300.0,900.0,820.0,850.0
2224,350.0,320.0,300.0,900.0,820.0,850.0
2225,350.0,320.0,300.0,900.0,820.0,850.0
2226,350.0,320.0,300.0,900.0,820.0,850.0
2227,350.0,320.0,300.0,900.0,820.0,850.0
2228,350.0,320.0,300.0,900.0,820.0,850.0
2229,350.0,320.0,300.0,900.0,820.0,850.0
2230,350.0,320.0,300.0,900.0,820.0,850.0
2231,350.0,320.0,300.0,900.0,820.0,850.0
2232,350.0,320.0,300.0,900.0,820.0,850.0
2233,350.0,320.0,300.0,900.0,820.0,850.0
2234,350.0,320.0,300.0,900.0,820.0,850.0
2235,350.0,320.0,300.0,900.0,820.0,850.0
2236,350.0,320.0,300.0,900.0,820.0,850.0
2237,350.0,320.0,300.0,900.0,820.0,850.0
2238,350.0,320.0,300.0,900.0,820.0,850.0
2239,350.0,320.0,300.0,900.0,820.0,850.0
2240,350.0,320.0,300.0,900.0,820.0,850.0
2241,350.0,320.0,300.0,900.0,820.0,850.0
2242,350.0,320.0,300.0,900.0,820.0,850.0
2243,350.0,320.0,300.0,900.0,820.0,850.0
2244,350.0,320.0,300.0,900.0,820.0,850.0
2245,350.0,320.0,300.0,900.0,820.0,850.0
2246,350.0,320.0,300.0,900.0,820.0,850.0
2247,350.0,320.0,300.0,900.0,820.0,850.0
2248,350.0,320.0,300.0,900.0,820.0,850.0
2249,350.0,320.0,300.0,900.0,820.0,850.0
2250,350.0,320.0,300.0,900.0,820.0,850.0
2251,350.0,320.0,300.0,900.0,820.0,850.0
2252,350.0,320.0,300.0,900.0,820.0,850.0
2253,350.0,320.0,300.0,900.0,820.0,850.0
2254,350.0,320.0,300.0,900.0,820.0,850.0
2255,350.0,320.0,300.0,900.0,820.0,850.0
2256,350.0,320.0,300.0,900.0,820.0,850.0
2257,350.0,320.0,300.0,900.0,820.0,850.0
2258,350.0,320.0,300.0,900.0,820.0,850.0
2259,350.0,320.0,300.0,900.0,820.0,850.0
2260,350.0,320.0,300.0,900.0,820.0,850.0
2261,350.0,320.0,300.0,900.0,820.0,850.0
2262,350.0,320.0,300.0,900.0,820.0,850.0
2263,350.0,320.0,300.0,900.0,820.0,850.0
2264,350.0,320.0,300.0,900.0,820.0,850.0
2265,350.0,320.0,300.0,900.0,820.0,850.0
2266,350.0,320.0,300.0,900.0,820.0,850.0
2267,350.0,320.0,300.0,900.0,820.0,850.0
2268,350.0,320.0,300.0,900.0,820.0,850.0
2269,350.0,320.0,300.0,900.0,820.0,850.0
2270,350.0,320.0,300.0,900.0,820.0,850.0
2271,350.0,320.0,300.0,900.0,820.0,850.0
2272,350.0,320.0,300.0,900.0,820.0,850.0
2273,350.0,320.0,300.0,900.0,820.0,850.0
2274,350.0,320.0,300.0,900.0,820.0,850.0
2275,350.0,320.0,300.0,900.0,820.0,850.0
2276,350.0,320.0,300.0,900.0,820.0,850.0
2277,350.0,320.0,300.0,900.0,820.0,850.0
2278,350.0,320.0,300.0,900.0,820.0,850.0
2279,350.0,320.0,300.0,900.0,820.0,850.0
2280,350.0,320.0,300.0,900.0,820.0,850.0
2281,350.0,320.0,300.0,900.0,820.0,850.0
2282,350.0,320.0,300.0,900.0,820.0,850.0
2283,350.0,320.0,300.0,900.0,820.0,850.0
2284,350.0,320.0,300.0,900.0,820.0,850.0
2285,350.0,320.0,300.0,900.0,820.0,850.0
2286,350.0,320.0,300.0,900.0,820.0,850.0
2287,350.0,320.0,300.0,900.0,820.0,850.0
2288,350.0,320.0,300.0,900.0,820.0,850.0
2289,350.0,320.0,300.0,900.0,820.0,850.0
2290,350.0,320.0,300.0,900.0,820.0,850.0
2291,350.0,320.0,300.0,900.0,820.0,850.0
2292,350.0,320.0,300.0,900.0,820.0,850.0
2293,350.0,320.0,300.0,900.0,820.0,850.0
2294,350.0,320.0,300.0,900.0,820.0,850.0
2295,350.0,320.0,300.0,900.0,820.0,850.0
2296,350.0,320.0,300.0,900.0,820.0,850.0
2297,350.0,320.0,300.0,900.0,820.0,850.0
2298,350.0,320.0,300.0,900.0,820.0,850.0
2299,350.0,320.0,300.0,900.0,820.0,850.0
2300,350.0,320.0,300.0,900.0,820.0,850.0
2301,350.0,320.0,300.0,900.0,820.0,850.0
2302,350.0,320.0,300.0,900.0,820.0,850.0
2303,350.0,320.0,300.0,900.0,820.0,850.0
2304,350.0,320.0,300.0,900.0,820.0,850.0
2305,350.0,320.0,300.0,900.0,820.0,850.0
2306,350.0,320.0,300.0,900.0,820.0,850.0
2307,350.0,320.0,300.0,900.0,820.0,850.0
2308,350.0,320.0,300.0,900.0,820.0,850.0
2309,350.0,320.0,300.0,900.0,820.0,850.0
2310,350.0,320.0,300.0,900.0,820.0,850.0
2311,350.0,320.0,300.0,900.0,820.0,850.0
2312,350.0,320.0,300.0,900.0,820.0,850.0
2313,350.0,320.0,300.0,900.0,820.0,850.0
2314,350.0,320.0,300.0,900.0,820.0,850.0
2315,350.0,320.0,300.0,900.0,820.0,850.0
2316,350.0,320.0,300.0,900.0,820.0,850.0
2317,350.0,320.0,300.0,900.0,820.0,850.0
2318,350.0,320.0,300.0,900.0,820.0,850.0
2319,350.0,320.0,300.0,900.0,820.0,850.0
2320,350.0,320.0,300.0,900.0,820.0,850.0
2321,350.0,320.0,300.0,900.0,820.0,850.0
2322,350.0,320.0,300.0,900.0,820.0,850.0
2323,350.0,320.0,300.0,900.0,820.0,850.0
2324,350.0,320.0,300.0,900.0,820.0,850.0
2325,350.0,320.0,300.0,900.0,820.0,850.0
2326,350.0,320.0,300.0,900.0,820.0,850.0
2327,350.0,320.0,300.0,900.0,820.0,850.0
2328,350.0,320.0,300.0,900.0,820.0,850.0
2329,350.0,320.0,300.0,900.0,820.0,850.0
2330,350.0,320.0,300.0,900.0,820.0,850.0
2331,350.0,320.0,300.0,900.0,820.0,850.0
2332,350.0,320.0,300.0,900.0,820.0,850.0
2333,350.0,320.0,300.0,900.0,820.0,850.0
2334,350.0,320.0,300.0,900.0,820.0,850.0
2335,350.0,320.0,300.0,900.0,820.0,850.0
2336,350.0,320.0,300.0,900.0,820.0,850.0
2337,350.0,320.0,300.0,900.0,820.0,850.0
2338,350.0,320.0,300.0,900.0,820.0,850.0
2339,350.0,320.0,300.0,900.0,820.0,850.0
2340,350.0,320.0,300.0,900.0,820.0,850.0
2341,350.0,320.0,300.0,900.0,820.0,850.0
2342,350.0,320.0,300.0,900.0,820.0,850.0
2343,350.0,320.0,300.0,900.0,820.0,850.0
2344,350.0,320.0,300.0,900.0,820.0,850.0
2345,350.0,320.0,300.0,900.0,820.0,850.0
2346,350.0,320.0,300.0,900.0,820.0,850.0
2347,350.0,320.0,300.0,900.0,820.0,850.0
2348,350.0,320.0,300.0,900.0,820.0,850.0
2349,350.0,320.0,300.0,900.0,820.0,850.0
2350,350.0,320.0,300.0,900.0,820.0,850.0
2351,350.0,320.0,300.0,900.0,820.0,850.0
2352,350.0,320.0,300.0,900.0,820.0,850.0
2353,350.0,320.0,300.0,900.0,820.0,850.0
2354,350.0,320.0,300.0,900.0,820.0,850.0
2355,350.0,320.0,300.0,900.0,820.0,850.0
2356,350.0,320.0,300.0,900.0,820.0,850.0
2357,350.0,320.0,300.0,900.0,820.0,850.0
2358,350.0,320.0,300.0,900.0,820.0,850.0
2359,350.0,320.0,300.0,900.0,820.0,850.0
2360,350.0,320.0,300.0,900.0,820.0,850.0
2361,350.0,320.0,300.0,900.0,820.0,850.0
2362,350.0,320.0,300.0,900.0,820.0,850.0
2363,350.0,320.0,300.0,900.0,820.0,850.0
2364,350.0,320.0,300.0,900.0,820.0,850.0
2365,350.0,320.0,300.0,900.0,820.0,850.0
2366,350.0,320.0,300.0,900.0,820.0,850.0
2367,350.0,320.0,300.0,900.0,820.0,850.0
2368,350.0,320.0,300.0,900.0,820.0,850.0
2369,350.0,320.0,300.0,900.0,820.0,850.0
2370,350.0,320.0,300.0,900.0,820.0,850.0
2371,350.0,320.0,300.0,900.0,820.0,850.0
2372,350.0,320.0,300.0,900.0,820.0,850.0
2373,350.0,320.0,300.0,900.0,820.0,850.0
2374,350.0,320.0,300.0,900.0,820.0,850.0
2375,350.0,320.0,300.0,900.0,820.0,850.0
2376,350.0,320.0,300.0,900.0,820.0,850.0
2377,350.0,320.0,300.0,900.0,820.0,850.0
2378,350.0,320.0,300.0,900.0,820.0,850.0
2379,350.0,320.0,300.0,900.0,820.0,850.0
2380,350.0,320.0,300.0,900.0,820.0,850.0
2381,350.0,320.0,300.0,900.0,820.0,850.0
2382,350.0,320.0,300.0,900.0,820.0,850.0
2383,350.0,320.0,300.0,900.0,820.0,850.0
2384,350.0,320.0,300.0,900.0,820.0,850.0
2385,350.0,320.0,300.0,900.0,820.0,850.0
2386,350.0,320.0,300.0,900.0,820.0,850.0
2387,350.0,320.0,300.0,900.0,820.0,850.0
2388,350.0,320.0,300.0,900.0,820.0,850.0
2389,350.0,320.0,300.0,900.0,820.0,850.0
2390,350.0,320.0,300.0,900.0,820.0,850.0
2391,350.0,320.0,300.0,900.0,820.0,850.0
2392,350.0,320.0,300.0,900.0,820.0,850.0
2393,350.0,320.0,300.0,900.0,820.0,850.0
2394,350.0,320.0,300.0,900.0,820.0,850.0
2395,350.0,320.0,300.0,900.0,820.0,850.0
2396,350.0,320.0,300.0,900.0,820.0,850.0
2397,350.0,320.0,300.0,900.0,820.0,850.0
2398,350.0,320.0,300.0,900.0,820.0,850.0
2399,350.0,320.0,300.0,900.0,820.0,850.0
2400,350.0,320.0,300.0,900.0,820.0,850.0
2401,350.0,320.0,300.0,900.0,820.0,850.0
2402,350.0,320.0,300.0,900.0,820.0,850.0
2403,350.0,320.0,300.0,900.0,820.0,850.0
2404,350.0,320.0,300.0,900.0,820.0,850.0
2405,350.0,320.0,300.0,900.0,820.0,850.0
2406,350.0,320.0,300.0,900.0,820.0,850.0
